         10004	2022-09-21 10:42:35	1	0	15	0
         10004	2022-09-21 15:03:55	1	0	15	0
         10002	2022-09-21 15:05:24	1	0	15	0
         10002	2022-09-21 15:05:32	1	0	15	0
         10002	2022-09-21 15:05:55	1	0	1	0
         10002	2022-09-21 15:06:57	1	0	1	0
         10004	2022-09-21 15:07:02	1	0	1	0
         10004	2022-09-21 15:53:05	1	0	15	0
         10001	2022-09-21 18:24:13	1	0	15	0
         10004	2022-09-21 18:24:19	1	0	15	0
         10004	2022-09-21 18:24:29	1	0	15	0
         10003	2022-09-21 18:26:17	1	0	1	0
         10003	2022-09-22 08:03:59	1	0	1	0
         10003	2022-09-23 09:27:05	1	0	1	0
         10004	2022-09-23 09:39:30	1	0	15	0
         10001	2022-09-23 10:26:22	1	0	1	0
         10003	2022-09-24 09:23:47	1	0	1	0
         10004	2022-09-24 09:37:36	1	0	15	0
         10004	2022-09-24 19:58:36	1	0	15	0
         10004	2022-09-25 09:40:43	1	0	15	0
         10004	2022-09-25 16:14:29	1	0	15	0
         10004	2022-09-26 08:22:06	1	0	15	0
         10003	2022-09-26 08:22:56	1	0	1	0
         10002	2022-09-26 09:23:13	1	0	15	0
         10002	2022-09-26 09:23:23	1	0	15	0
         10004	2022-09-26 19:21:53	1	0	15	0
         10002	2022-09-26 19:22:32	1	0	15	0
         10002	2022-09-27 09:18:06	1	0	1	0
         10003	2022-09-27 09:27:00	1	0	1	0
         10004	2022-09-27 09:45:56	1	0	15	0
         10001	2022-09-27 09:53:22	1	0	1	0
         10001	2022-09-27 19:09:13	1	0	1	0
         10004	2022-09-27 19:09:15	1	0	15	0
         10002	2022-09-28 09:24:52	1	0	1	0
         10003	2022-09-28 09:25:41	1	0	1	0
         10004	2022-09-28 09:41:56	1	0	15	0
         10001	2022-09-28 10:29:51	1	0	1	0
         10004	2022-09-28 18:48:20	1	0	15	0
         10001	2022-09-28 19:03:18	1	0	1	0
         10003	2022-09-29 08:54:17	1	0	1	0
         10002	2022-09-29 09:27:31	1	0	15	0
         10002	2022-09-29 09:27:33	1	0	1	0
         10001	2022-09-29 10:19:32	1	0	1	0
         10001	2022-09-29 18:16:43	1	0	1	0
         10002	2022-09-30 09:23:30	1	0	1	0
         10003	2022-09-30 09:34:19	1	0	1	0
         10004	2022-09-30 12:01:40	1	0	15	0
         10004	2022-09-30 12:26:23	1	0	15	0
         10003	2022-10-01 09:18:19	1	0	1	0
         10002	2022-10-01 09:29:33	1	0	1	0
         10004	2022-10-01 09:46:50	1	0	15	0
         10001	2022-10-01 09:54:02	1	0	1	0
         10004	2022-10-02 09:56:48	1	0	15	0
         10003	2022-10-03 10:00:31	1	0	1	0
         10001	2022-10-03 10:05:02	1	0	1	0
         10002	2022-10-03 18:33:06	1	0	1	0
         10003	2022-10-03 18:49:50	1	0	1	0
         10004	2022-10-03 18:55:04	1	0	15	0
         10004	2022-10-03 18:55:08	1	0	15	0
         10001	2022-10-03 18:55:16	1	0	1	0
         10003	2022-10-03 18:55:33	1	0	1	0
         10003	2022-10-04 08:25:27	1	0	1	0
         10002	2022-10-04 09:15:25	1	0	1	0
         10004	2022-10-04 09:48:25	1	0	15	0
         10001	2022-10-04 10:18:12	1	0	1	0
         10004	2022-10-04 19:11:48	1	0	15	0
         10001	2022-10-04 19:13:46	1	0	1	0
         10003	2022-10-05 09:09:02	1	0	1	0
         10002	2022-10-05 09:22:34	1	0	1	0
         10004	2022-10-05 09:41:05	1	0	15	0
         10001	2022-10-05 10:10:39	1	0	1	0
         10002	2022-10-05 18:53:45	1	0	1	0
         10004	2022-10-05 19:02:31	1	0	15	0
         10002	2022-10-06 08:51:50	1	0	1	0
         10003	2022-10-06 09:22:47	1	0	1	0
         10002	2022-10-07 09:18:19	1	0	1	0
         10003	2022-10-07 09:20:08	1	0	1	0
         10004	2022-10-07 09:43:46	1	0	1	0
         10004	2022-10-07 10:00:15	1	0	15	0
         10003	2022-10-08 08:29:24	1	0	1	0
         10002	2022-10-08 09:22:35	1	0	1	0
         10004	2022-10-08 09:46:33	1	0	15	0
         10004	2022-10-09 09:39:15	1	0	15	0
         10002	2022-10-10 09:25:37	1	0	1	0
         10001	2022-10-10 10:05:30	1	0	1	0
         10004	2022-10-10 10:09:21	1	0	15	0
         10003	2022-10-10 10:09:36	1	0	1	0
         10004	2022-10-10 18:49:22	1	0	15	0
         10001	2022-10-10 19:06:31	1	0	1	0
         10003	2022-10-11 08:46:46	1	0	1	0
         10002	2022-10-11 09:27:06	1	0	1	0
         10001	2022-10-11 10:46:50	1	0	1	0
         10003	2022-10-12 08:20:57	1	0	1	0
         10002	2022-10-12 09:38:58	1	0	1	0
         10004	2022-10-12 09:40:49	1	0	15	0
         10004	2022-10-12 19:07:53	1	0	15	0
         10002	2022-10-13 09:16:53	1	0	1	0
         10003	2022-10-13 09:52:55	1	0	1	0
         10002	2022-10-14 09:10:14	1	0	1	0
         10003	2022-10-14 09:28:37	1	0	1	0
         10004	2022-10-14 09:28:49	1	0	15	0
         10003	2022-10-15 07:56:37	1	0	1	0
         10002	2022-10-15 09:28:01	1	0	1	0
         10004	2022-10-15 09:38:04	1	0	15	0
         10004	2022-10-15 09:38:08	1	0	15	0
         10004	2022-10-15 19:48:15	1	0	15	0
         10002	2022-10-17 09:56:55	1	0	1	0
         10004	2022-10-17 09:57:02	1	0	15	0
         10003	2022-10-17 10:03:05	1	0	1	0
         10001	2022-10-17 10:05:25	1	0	1	0
         10002	2022-10-17 18:32:25	1	0	1	0
         10004	2022-10-17 18:44:06	1	0	15	0
         10001	2022-10-17 19:01:20	1	0	1	0
         10003	2022-10-18 08:20:28	1	0	1	0
         10002	2022-10-18 09:07:51	1	0	1	0
         10004	2022-10-18 09:42:50	1	0	15	0
         10001	2022-10-18 10:11:47	1	0	1	0
         10004	2022-10-18 19:27:07	1	0	15	0
         10001	2022-10-18 19:27:19	1	0	1	0
         10003	2022-10-19 08:14:18	1	0	1	0
         10002	2022-10-19 09:20:30	1	0	1	0
         10004	2022-10-19 09:46:28	1	0	15	0
         10002	2022-10-19 18:53:21	1	0	1	0
         10004	2022-10-19 18:54:08	1	0	15	0
         10003	2022-10-20 08:36:19	1	0	1	0
         10002	2022-10-20 09:09:48	1	0	1	0
         10001	2022-10-20 10:08:56	1	0	1	0
         10002	2022-10-20 18:37:38	1	0	1	0
         10001	2022-10-20 19:00:09	1	0	1	0
         10002	2022-10-21 09:14:06	1	0	1	0
         10003	2022-10-21 09:23:12	1	0	1	0
         10004	2022-10-21 09:49:20	1	0	15	0
         10001	2022-10-21 10:15:26	1	0	1	0
         10003	2022-10-22 09:14:20	1	0	1	0
         10002	2022-10-22 09:14:53	1	0	1	0
         10004	2022-10-22 09:54:10	1	0	15	0
         10001	2022-10-22 10:08:46	1	0	1	0
         10002	2022-10-22 20:29:04	1	0	1	0
         10001	2022-10-22 20:33:14	1	0	1	0
         10004	2022-10-22 20:33:21	1	0	15	0
         10001	2022-10-23 10:22:20	1	0	1	0
         10004	2022-10-23 10:22:35	1	0	15	0
         10003	2022-10-24 10:06:50	1	0	1	0
         10001	2022-10-24 10:15:51	1	0	1	0
         10002	2022-10-24 10:15:54	1	0	1	0
         10004	2022-10-24 18:33:16	1	0	15	0
         10002	2022-10-24 18:37:35	1	0	1	0
         10003	2022-10-25 08:25:14	1	0	1	0
         10002	2022-10-25 09:15:38	1	0	1	0
         10004	2022-10-25 09:44:37	1	0	15	0
         10001	2022-10-25 10:16:27	1	0	1	0
         10004	2022-10-25 19:00:01	1	0	15	0
         10004	2022-10-25 19:00:05	1	0	15	0
         10002	2022-10-25 19:02:00	1	0	1	0
         10007	2022-10-25 19:02:56	1	0	1	0
         10003	2022-10-25 19:05:01	1	0	1	0
         10007	2022-10-25 19:05:48	1	0	1	0
         10007	2022-10-25 19:13:43	1	0	1	0
         10003	2022-10-26 08:19:11	1	0	1	0
         10002	2022-10-26 09:26:15	1	0	1	0
         10001	2022-10-26 10:07:07	1	0	1	0
         10007	2022-10-26 10:07:20	1	0	1	0
         10004	2022-10-26 10:22:26	1	0	15	0
         10004	2022-10-26 19:06:41	1	0	15	0
         10003	2022-10-27 08:22:42	1	0	1	0
         10002	2022-10-27 09:08:52	1	0	1	0
         10007	2022-10-27 11:15:35	1	0	1	0
         10007	2022-10-27 16:39:17	1	0	1	0
         10003	2022-10-28 09:00:03	1	0	1	0
         10002	2022-10-28 09:16:31	1	0	1	0
         10004	2022-10-28 15:16:38	1	0	15	0
         10007	2022-10-28 15:18:08	1	0	1	0
         10007	2022-10-28 15:18:12	1	0	1	0
         10004	2022-10-28 19:03:52	1	0	15	0
         10002	2022-10-29 09:17:32	1	0	1	0
         10003	2022-10-29 09:28:07	1	0	1	0
         10004	2022-10-29 10:04:23	1	0	15	0
         10004	2022-10-30 09:47:32	1	0	15	0
         10003	2022-10-31 10:08:00	1	0	1	0
         10002	2022-10-31 10:19:22	1	0	1	0
         10004	2022-10-31 19:22:06	1	0	15	0
         10004	2022-10-31 19:22:10	1	0	15	0
         10004	2022-10-31 19:22:14	1	0	15	0
         10003	2022-11-01 08:43:11	1	0	1	0
         10002	2022-11-01 09:14:45	1	0	1	0
         10004	2022-11-01 09:54:43	1	0	15	0
         10001	2022-11-01 09:58:34	1	0	1	0
         10003	2022-11-01 19:12:51	1	0	1	0
         10002	2022-11-01 19:13:02	1	0	1	0
         10004	2022-11-01 19:20:47	1	0	15	0
         10001	2022-11-01 19:21:35	1	0	1	0
         10003	2022-11-02 08:18:37	1	0	1	0
         10002	2022-11-02 09:10:18	1	0	1	0
         10004	2022-11-02 09:46:22	1	0	15	0
         10001	2022-11-02 10:00:49	1	0	1	0
         10002	2022-11-02 19:06:54	1	0	1	0
         10002	2022-11-02 19:06:56	1	0	1	0
         10003	2022-11-02 19:18:29	1	0	1	0
         10004	2022-11-02 19:21:20	1	0	15	0
         10003	2022-11-03 08:15:41	1	0	1	0
         10002	2022-11-03 09:21:55	1	0	1	0
         10001	2022-11-03 09:46:46	1	0	1	0
         10002	2022-11-03 18:50:01	1	0	15	0
         10003	2022-11-03 19:02:08	1	0	1	0
         10001	2022-11-03 19:03:32	1	0	1	0
         10003	2022-11-04 08:06:29	1	0	1	0
         10002	2022-11-04 09:05:14	1	0	1	0
         10001	2022-11-04 10:01:56	1	0	1	0
         10004	2022-11-04 10:03:03	1	0	15	0
         10002	2022-11-04 19:00:12	1	0	15	0
         10002	2022-11-04 19:00:13	1	0	1	0
         10004	2022-11-04 19:06:27	1	0	15	0
         10001	2022-11-04 19:24:10	1	0	1	0
         10002	2022-11-05 09:04:25	1	0	1	0
         10003	2022-11-05 09:26:08	1	0	1	0
         10001	2022-11-05 09:50:42	1	0	1	0
         10004	2022-11-05 09:57:57	1	0	15	0
         10004	2022-11-05 20:04:27	1	0	15	0
         10001	2022-11-05 20:04:33	1	0	15	0
         10002	2022-11-05 20:07:21	1	0	1	0
         10001	2022-11-06 10:12:56	1	0	15	0
         10004	2022-11-06 10:14:23	1	0	15	0
         10001	2022-11-07 09:56:29	1	0	1	0
         10002	2022-11-07 09:56:36	1	0	1	0
         10003	2022-11-07 09:56:41	1	0	1	0
         10004	2022-11-07 10:07:11	1	0	15	0
         10003	2022-11-07 19:00:21	1	0	1	0
         10002	2022-11-07 19:05:43	1	0	1	0
         10004	2022-11-07 19:17:35	1	0	15	0
         10003	2022-11-08 08:41:04	1	0	1	0
         10002	2022-11-08 09:17:33	1	0	1	0
         10001	2022-11-08 09:57:24	1	0	1	0
         10004	2022-11-08 09:57:31	1	0	15	0
         10002	2022-11-08 18:55:10	1	0	1	0
         10003	2022-11-08 18:58:50	1	0	1	0
         10004	2022-11-08 19:14:53	1	0	15	0
         10001	2022-11-08 19:19:06	1	0	1	0
         10003	2022-11-09 08:09:28	1	0	1	0
         10002	2022-11-09 09:12:03	1	0	1	0
         10004	2022-11-09 10:06:26	1	0	15	0
         10001	2022-11-09 10:06:46	1	0	15	0
         10002	2022-11-09 18:55:40	1	0	1	0
         10001	2022-11-09 18:55:54	1	0	15	0
         10003	2022-11-09 18:58:03	1	0	1	0
         10004	2022-11-09 19:06:37	1	0	15	0
         10003	2022-11-10 09:07:02	1	0	1	0
         10001	2022-11-10 09:43:22	1	0	15	0
         10001	2022-11-10 19:16:54	1	0	15	0
         10003	2022-11-10 19:17:40	1	0	1	0
         10003	2022-11-11 08:27:22	1	0	1	0
         10002	2022-11-11 09:13:10	1	0	1	0
         10002	2022-11-11 18:50:08	1	0	1	0
         10003	2022-11-11 18:53:03	1	0	1	0
         10001	2022-11-11 19:23:15	1	0	1	0
         10003	2022-11-12 09:09:34	1	0	1	0
         10002	2022-11-12 09:15:02	1	0	1	0
         10003	2022-11-12 09:47:05	1	0	1	0
         10004	2022-11-12 09:47:12	1	0	15	0
         10001	2022-11-12 10:07:20	1	0	15	0
         10004	2022-11-12 19:39:19	1	0	15	0
         10004	2022-11-12 19:39:24	1	0	15	0
         10003	2022-11-12 19:40:13	1	0	1	0
         10002	2022-11-12 19:40:55	1	0	1	0
         10001	2022-11-12 19:41:01	1	0	15	0
         10004	2022-11-13 10:04:07	1	0	15	0
         10003	2022-11-14 09:59:49	1	0	1	0
         10001	2022-11-14 10:02:31	1	0	15	0
         10002	2022-11-14 10:03:19	1	0	1	0
         10004	2022-11-14 10:06:28	1	0	15	0
         10002	2022-11-14 18:55:11	1	0	1	0
         10003	2022-11-14 18:55:51	1	0	1	0
         10004	2022-11-14 19:00:57	1	0	15	0
         10003	2022-11-15 08:26:43	1	0	1	0
         10002	2022-11-15 09:08:59	1	0	1	0
         10004	2022-11-15 09:56:38	1	0	15	0
         10001	2022-11-15 10:02:09	1	0	15	0
         10002	2022-11-15 18:54:23	1	0	1	0
         10003	2022-11-15 18:54:31	1	0	1	0
         10004	2022-11-15 19:07:06	1	0	15	0
         10001	2022-11-15 19:07:11	1	0	15	0
         10002	2022-11-16 09:19:03	1	0	1	0
         10004	2022-11-16 09:45:30	1	0	15	0
         10003	2022-11-16 09:46:43	1	0	1	0
         10001	2022-11-16 10:16:18	1	0	15	0
         10001	2022-11-16 10:18:48	1	0	15	0
         10002	2022-11-16 18:47:56	1	0	1	0
         10003	2022-11-16 18:53:54	1	0	1	0
         10004	2022-11-16 19:12:35	1	0	15	0
         10001	2022-11-16 19:18:51	1	0	1	0
         10003	2022-11-17 08:54:45	1	0	1	0
         10002	2022-11-17 09:21:58	1	0	1	0
         10001	2022-11-17 09:56:56	1	0	15	0
         10002	2022-11-17 18:49:42	1	0	1	0
         10001	2022-11-17 18:50:10	1	0	15	0
         10003	2022-11-17 18:50:21	1	0	1	0
         10003	2022-11-18 08:40:29	1	0	1	0
         10002	2022-11-18 09:23:54	1	0	1	0
         10004	2022-11-18 09:56:30	1	0	15	0
         10001	2022-11-18 10:14:44	1	0	15	0
         10002	2022-11-18 18:47:20	1	0	15	0
         10003	2022-11-18 18:48:09	1	0	1	0
         10004	2022-11-18 18:48:13	1	0	15	0
         10004	2022-11-18 18:48:17	1	0	15	0
         10003	2022-11-19 08:49:03	1	0	1	0
         10002	2022-11-19 09:16:12	1	0	1	0
         10001	2022-11-19 10:00:10	1	0	15	0
         10004	2022-11-19 10:09:25	1	0	15	0
         10004	2022-11-19 20:04:08	1	0	15	0
         10004	2022-11-20 10:18:51	1	0	15	0
         10004	2022-11-20 10:23:42	1	0	15	0
         10003	2022-11-21 08:21:47	1	0	1	0
         10004	2022-11-21 09:42:15	1	0	15	0
         10001	2022-11-21 09:42:25	1	0	15	0
         10003	2022-11-21 19:10:04	1	0	1	0
         10004	2022-11-21 19:21:42	1	0	15	0
         10001	2022-11-21 19:25:10	1	0	15	0
         10003	2022-11-22 08:50:02	1	0	1	0
         10004	2022-11-22 09:55:55	1	0	15	0
         10001	2022-11-22 10:40:16	1	0	15	0
         10003	2022-11-22 18:55:36	1	0	1	0
         10004	2022-11-22 19:10:49	1	0	15	0
         10001	2022-11-22 19:15:11	1	0	1	0
         10007	2022-11-22 19:16:25	1	0	1	0
         10003	2022-11-23 08:05:53	1	0	1	0
         10002	2022-11-23 09:21:41	1	0	1	0
         10004	2022-11-23 09:56:11	1	0	15	0
         10001	2022-11-23 10:01:31	1	0	15	0
         10003	2022-11-23 19:00:50	1	0	1	0
         10004	2022-11-23 19:00:58	1	0	15	0
         10002	2022-11-23 19:05:23	1	0	1	0
         10003	2022-11-24 07:56:35	1	0	1	0
         10002	2022-11-24 09:23:52	1	0	1	0
         10001	2022-11-24 10:05:13	1	0	15	0
         10003	2022-11-25 08:15:58	1	0	1	0
         10002	2022-11-25 09:23:32	1	0	1	0
         10004	2022-11-25 10:09:23	1	0	15	0
         10001	2022-11-25 10:09:29	1	0	1	0
         10002	2022-11-25 18:48:36	1	0	1	0
         10003	2022-11-25 18:55:23	1	0	1	0
         10001	2022-11-25 18:56:48	1	0	1	0
         10004	2022-11-25 18:58:13	1	0	15	0
         10003	2022-11-26 09:01:52	1	0	1	0
         10002	2022-11-26 09:21:44	1	0	1	0
         10004	2022-11-26 09:56:53	1	0	15	0
         10004	2022-11-27 10:00:51	1	0	15	0
         10004	2022-11-27 10:05:59	1	0	15	0
         10003	2022-11-28 08:01:57	1	0	1	0
         10002	2022-11-28 08:37:56	1	0	1	0
         10004	2022-11-28 10:15:49	1	0	15	0
         10004	2022-11-28 18:49:35	1	0	15	0
         10003	2022-11-28 18:55:19	1	0	1	0
         10002	2022-11-28 18:55:58	1	0	1	0
         10003	2022-11-29 08:18:25	1	0	1	0
         10002	2022-11-29 09:20:33	1	0	1	0
         10004	2022-11-29 09:49:56	1	0	15	0
         10004	2022-11-29 18:41:20	1	0	15	0
         10002	2022-11-29 18:50:22	1	0	1	0
         10003	2022-11-29 18:52:43	1	0	1	0
         10003	2022-11-30 07:52:37	1	0	1	0
         10003	2022-11-30 07:53:25	1	0	1	0
         10002	2022-11-30 09:14:55	1	0	1	0
         10001	2022-11-30 09:43:28	1	0	1	0
         10004	2022-11-30 09:54:13	1	0	15	0
         10004	2022-11-30 19:18:16	1	0	15	0
         10007	2022-11-30 19:18:26	1	0	1	0
         10001	2022-11-30 19:19:26	1	0	1	0
         10003	2022-12-01 08:23:34	1	0	1	0
         10002	2022-12-01 09:15:48	1	0	1	0
         10001	2022-12-01 10:12:34	1	0	1	0
         10002	2022-12-01 18:44:41	1	0	1	0
         10003	2022-12-01 18:54:09	1	0	1	0
         10001	2022-12-01 18:54:50	1	0	1	0
         10002	2022-12-02 09:08:17	1	0	1	0
         10003	2022-12-02 09:54:28	1	0	1	0
         10001	2022-12-02 10:38:59	1	0	1	0
         10003	2022-12-02 18:56:36	1	0	1	0
         10001	2022-12-02 19:01:02	1	0	1	0
         10002	2022-12-03 09:25:03	1	0	1	0
         10003	2022-12-03 09:44:26	1	0	1	0
         10001	2022-12-03 09:50:26	1	0	1	0
         10002	2022-12-03 20:06:21	1	0	1	0
         10003	2022-12-03 20:20:08	1	0	1	0
         10001	2022-12-04 10:01:50	1	0	1	0
         10002	2022-12-05 08:59:44	1	0	1	0
         10001	2022-12-05 09:07:38	1	0	1	0
         10002	2022-12-06 09:10:20	1	0	1	0
         10001	2022-12-06 10:05:30	1	0	1	0
         10002	2022-12-06 18:59:47	1	0	1	0
         10001	2022-12-06 19:57:08	1	0	1	0
         10003	2022-12-07 08:49:06	1	0	1	0
         10002	2022-12-07 09:09:56	1	0	1	0
         10001	2022-12-07 10:18:34	1	0	1	0
         10003	2022-12-07 19:18:04	1	0	1	0
         10002	2022-12-07 19:19:48	1	0	1	0
         10003	2022-12-08 08:10:14	1	0	1	0
         10002	2022-12-08 09:21:11	1	0	1	0
         10001	2022-12-08 10:06:12	1	0	1	0
         10002	2022-12-08 19:08:49	1	0	1	0
         10003	2022-12-08 19:15:06	1	0	1	0
         10007	2022-12-08 20:21:47	1	0	1	0
         10001	2022-12-08 20:25:41	1	0	1	0
         10003	2022-12-09 08:01:25	1	0	1	0
         10002	2022-12-09 09:11:26	1	0	1	0
         10001	2022-12-09 10:01:45	1	0	1	0
         10002	2022-12-09 18:44:24	1	0	1	0
         10003	2022-12-09 19:11:59	1	0	1	0
         10003	2022-12-10 08:50:56	1	0	1	0
         10002	2022-12-10 09:22:44	1	0	1	0
         10001	2022-12-10 10:02:43	1	0	1	0
         10001	2022-12-12 10:00:53	1	0	1	0
         10003	2022-12-12 10:01:43	1	0	1	0
         10002	2022-12-12 10:13:03	1	0	1	0
         10002	2022-12-12 19:13:27	1	0	1	0
         10001	2022-12-12 19:24:22	1	0	1	0
         10007	2022-12-12 19:24:26	1	0	1	0
         10003	2022-12-13 08:06:26	1	0	1	0
         10002	2022-12-13 09:06:10	1	0	1	0
         10001	2022-12-13 10:28:57	1	0	1	0
         10002	2022-12-13 18:56:16	1	0	1	0
         10003	2022-12-13 18:59:24	1	0	1	0
         10003	2022-12-14 08:24:01	1	0	1	0
         10002	2022-12-14 09:01:01	1	0	1	0
         10001	2022-12-14 10:06:43	1	0	1	0
         10002	2022-12-14 18:53:50	1	0	1	0
         10003	2022-12-14 19:06:43	1	0	1	0
         10003	2022-12-14 19:07:28	1	0	1	0
         10001	2022-12-14 19:07:36	1	0	1	0
         10003	2022-12-15 08:51:25	1	0	1	0
         10001	2022-12-15 10:08:01	1	0	1	0
         10003	2022-12-15 19:04:45	1	0	1	0
         10003	2022-12-16 08:20:33	1	0	1	0
         10002	2022-12-16 09:11:59	1	0	1	0
         10004	2022-12-16 09:58:21	1	0	15	0
         10004	2022-12-16 18:37:35	1	0	15	0
         10003	2022-12-16 18:39:26	1	0	1	0
         10002	2022-12-16 18:48:37	1	0	1	0
         10003	2022-12-17 08:30:15	1	0	1	0
         10002	2022-12-17 09:15:59	1	0	1	0
         10004	2022-12-17 09:41:21	1	0	15	0
         10001	2022-12-17 10:11:57	1	0	1	0
         10002	2022-12-17 19:32:29	1	0	1	0
         10001	2022-12-17 19:37:48	1	0	1	0
         10004	2022-12-17 19:38:44	1	0	15	0
         10002	2022-12-19 10:09:12	1	0	1	0
         10002	2022-12-19 19:03:30	1	0	15	0
         10002	2022-12-19 19:03:31	1	0	1	0
         10001	2022-12-19 19:45:36	1	0	1	0
         10003	2022-12-20 08:14:34	1	0	1	0
         10002	2022-12-20 09:05:45	1	0	1	0
         10002	2022-12-20 18:53:22	1	0	1	0
         10003	2022-12-20 19:25:11	1	0	1	0
         10003	2022-12-21 08:19:50	1	0	1	0
         10002	2022-12-21 09:18:50	1	0	1	0
         10004	2022-12-21 10:03:37	1	0	15	0
         10004	2022-12-21 19:00:23	1	0	15	0
         10003	2022-12-21 19:03:46	1	0	1	0
         10003	2022-12-22 09:05:55	1	0	1	0
         10002	2022-12-22 09:06:14	1	0	1	0
         10001	2022-12-22 10:10:19	1	0	1	0
         10003	2022-12-22 19:01:51	1	0	1	0
         10002	2022-12-22 19:01:58	1	0	1	0
         10001	2022-12-22 19:17:20	1	0	1	0
         10003	2022-12-23 08:31:32	1	0	1	0
         10001	2022-12-23 10:14:28	1	0	1	0
         10003	2022-12-23 18:51:04	1	0	1	0
         10004	2022-12-23 18:57:01	1	0	15	0
         10002	2022-12-24 09:15:51	1	0	1	0
         10003	2022-12-24 09:17:35	1	0	1	0
         10004	2022-12-24 09:50:11	1	0	15	0
         10003	2022-12-24 19:44:15	1	0	1	0
         10004	2022-12-24 19:44:18	1	0	15	0
         10004	2022-12-25 09:57:43	1	0	15	0
         10003	2022-12-26 08:26:56	1	0	1	0
         10002	2022-12-26 08:46:46	1	0	1	0
         10001	2022-12-26 09:57:30	1	0	1	0
         10002	2022-12-26 19:00:18	1	0	1	0
         10001	2022-12-26 19:14:48	1	0	1	0
         10003	2022-12-27 09:10:59	1	0	1	0
         10002	2022-12-27 09:11:10	1	0	1	0
         10001	2022-12-27 09:57:40	1	0	1	0
         10002	2022-12-27 18:57:23	1	0	1	0
         10003	2022-12-28 08:35:39	1	0	1	0
         10002	2022-12-28 09:11:51	1	0	1	0
         10002	2022-12-28 09:11:52	1	0	1	0
         10001	2022-12-28 09:59:54	1	0	1	0
         10002	2022-12-28 18:58:08	1	0	1	0
         10001	2022-12-28 19:08:42	1	0	1	0
         10003	2022-12-28 19:09:14	1	0	1	0
         10003	2022-12-29 08:50:54	1	0	1	0
         10002	2022-12-29 09:08:26	1	0	1	0
         10001	2022-12-29 10:53:58	1	0	1	0
         10003	2022-12-29 19:10:22	1	0	1	0
         10002	2022-12-29 19:10:31	1	0	1	0
         10002	2022-12-30 09:29:02	1	0	1	0
         10003	2022-12-30 10:11:19	1	0	1	0
         10003	2023-01-03 07:47:41	1	0	1	0
         10002	2023-01-03 08:44:59	1	0	1	0
         10001	2023-01-03 09:50:27	1	0	1	0
         10004	2023-01-03 13:01:29	1	0	15	0
         10004	2023-01-03 18:54:29	1	0	15	0
         10002	2023-01-03 18:54:36	1	0	1	0
         10003	2023-01-04 08:00:37	1	0	1	0
         10003	2023-01-09 08:27:56	1	0	1	0
         10004	2023-01-09 09:22:56	1	0	15	0
         10004	2023-01-09 19:07:22	1	0	15	0
         10003	2023-01-09 19:07:47	1	0	1	0
         10003	2023-01-10 08:51:27	1	0	1	0
         10004	2023-01-10 19:13:31	1	0	15	0
         10003	2023-01-11 08:14:17	1	0	1	0
         10004	2023-01-11 09:49:34	1	0	15	0
         10004	2023-01-11 19:08:36	1	0	15	0
         10003	2023-01-11 19:10:43	1	0	1	0
         10003	2023-01-12 08:45:05	1	0	1	0
         10004	2023-01-12 10:00:45	1	0	15	0
         10003	2023-01-12 19:12:02	1	0	1	0
         10004	2023-01-12 19:12:09	1	0	15	0
         10003	2023-01-13 09:09:49	1	0	1	0
         10002	2023-01-13 09:16:06	1	0	1	0
         10004	2023-01-13 10:04:03	1	0	15	0
         10004	2023-01-13 18:52:39	1	0	15	0
         10003	2023-01-13 19:02:20	1	0	1	0
         10002	2023-01-14 09:15:07	1	0	1	0
         10003	2023-01-14 09:32:23	1	0	1	0
         10001	2023-01-14 09:58:06	1	0	1	0
         10004	2023-01-14 12:34:00	1	0	15	0
         10002	2023-01-14 14:10:22	1	0	15	0
         10002	2023-01-14 20:10:43	1	0	1	0
         10003	2023-01-14 20:11:40	1	0	1	0
         10004	2023-01-14 20:44:17	1	0	15	0
         10004	2023-01-15 09:50:24	1	0	15	0
         10003	2023-01-16 10:04:06	1	0	1	0
         10002	2023-01-16 10:05:50	1	0	1	0
         10001	2023-01-16 10:11:33	1	0	1	0
         10002	2023-01-16 18:56:06	1	0	1	0
         10003	2023-01-16 19:15:51	1	0	1	0
         10003	2023-01-17 08:03:09	1	0	1	0
         10002	2023-01-17 09:22:04	1	0	1	0
         10001	2023-01-17 10:05:41	1	0	1	0
         10003	2023-01-17 19:14:20	1	0	1	0
         10003	2023-01-18 08:19:03	1	0	1	0
         10002	2023-01-18 09:14:52	1	0	1	0
         10002	2023-01-18 09:14:54	1	0	1	0
         10001	2023-01-18 10:21:57	1	0	1	0
         10001	2023-01-18 10:39:57	1	0	15	0
         10002	2023-01-18 18:57:22	1	0	1	0
         10003	2023-01-19 08:47:59	1	0	1	0
         10002	2023-01-19 09:09:52	1	0	1	0
         10003	2023-01-19 18:55:47	1	0	1	0
         10002	2023-01-20 09:07:12	1	0	1	0
         10003	2023-01-20 09:08:35	1	0	1	0
         10001	2023-01-20 10:13:03	1	0	1	0
         10001	2023-01-20 19:23:16	1	0	1	0
         10002	2023-01-21 09:17:14	1	0	1	0
         10004	2023-01-21 10:04:09	1	0	15	0
         10001	2023-01-21 10:07:10	1	0	1	0
         10002	2023-01-21 19:47:47	1	0	1	0
         10004	2023-01-21 20:06:14	1	0	15	0
         10001	2023-01-21 21:01:16	1	0	1	0
         10004	2023-01-22 10:11:23	1	0	15	0
         10001	2023-01-22 10:11:29	1	0	1	0
         10002	2023-01-23 10:07:49	1	0	1	0
         10001	2023-01-23 10:09:30	1	0	1	0
         10004	2023-01-23 10:09:49	1	0	15	0
         10004	2023-01-23 18:59:09	1	0	15	0
         10002	2023-01-23 18:59:15	1	0	1	0
         10001	2023-01-23 19:01:50	1	0	15	0
         10003	2023-01-24 08:47:23	1	0	1	0
         10001	2023-01-24 10:02:07	1	0	1	0
         10004	2023-01-24 10:14:43	1	0	15	0
         10004	2023-01-24 19:12:34	1	0	15	0
         10001	2023-01-24 19:16:45	1	0	1	0
         10003	2023-01-25 08:18:43	1	0	1	0
         10002	2023-01-25 09:09:02	1	0	1	0
         10004	2023-01-25 09:48:32	1	0	15	0
         10002	2023-01-25 18:40:53	1	0	1	0
         10004	2023-01-25 18:42:29	1	0	15	0
         10003	2023-01-25 18:58:34	1	0	1	0
         10003	2023-01-26 08:51:40	1	0	1	0
         10002	2023-01-26 09:16:38	1	0	1	0
         10003	2023-01-26 18:59:17	1	0	1	0
         10003	2023-01-26 19:12:11	1	0	1	0
         10003	2023-01-27 08:24:30	1	0	1	0
         10003	2023-01-27 09:01:41	1	0	1	0
         10002	2023-01-27 09:02:38	1	0	1	0
         10002	2023-01-27 18:38:38	1	0	1	0
         10003	2023-01-27 18:50:50	1	0	1	0
         10003	2023-01-28 09:02:40	1	0	1	0
         10002	2023-01-28 09:18:26	1	0	1	0
         10001	2023-01-28 10:05:50	1	0	1	0
         10004	2023-01-28 11:31:48	1	0	15	0
         10004	2023-01-28 19:21:02	1	0	15	0
         10002	2023-01-28 19:23:52	1	0	1	0
         10003	2023-01-28 19:41:31	1	0	1	0
         10001	2023-01-29 10:16:19	1	0	1	0
         10004	2023-01-29 10:23:01	1	0	15	0
         10002	2023-01-30 10:01:29	1	0	1	0
         10003	2023-01-30 10:03:04	1	0	1	0
         10001	2023-01-30 10:07:38	1	0	1	0
         10003	2023-01-30 18:51:34	1	0	1	0
         10001	2023-01-30 19:14:16	1	0	1	0
         10002	2023-01-31 09:04:48	1	0	1	0
         10003	2023-01-31 09:28:37	1	0	1	0
         10001	2023-01-31 10:06:19	1	0	1	0
         10001	2023-01-31 18:36:31	1	0	1	0
         10002	2023-01-31 18:38:23	1	0	1	0
         10003	2023-02-01 08:07:00	1	0	1	0
         10002	2023-02-01 09:03:33	1	0	1	0
         10001	2023-02-01 10:14:58	1	0	1	0
         10003	2023-02-01 18:50:36	1	0	1	0
         10002	2023-02-01 18:53:19	1	0	1	0
         10003	2023-02-02 09:09:46	1	0	1	0
         10002	2023-02-02 09:11:00	1	0	1	0
         10002	2023-02-02 19:03:57	1	0	1	0
         10003	2023-02-03 08:08:52	1	0	1	0
         10002	2023-02-03 09:08:31	1	0	1	0
         10001	2023-02-03 09:58:17	1	0	1	0
         10003	2023-02-03 18:42:37	1	0	1	0
         10002	2023-02-03 18:49:46	1	0	1	0
         10003	2023-02-04 08:43:24	1	0	1	0
         10002	2023-02-04 09:10:06	1	0	1	0
         10004	2023-02-04 09:37:53	1	0	15	0
         10001	2023-02-04 10:00:54	1	0	1	0
         10003	2023-02-04 19:21:22	1	0	1	0
         10004	2023-02-04 19:22:10	1	0	15	0
         10002	2023-02-04 19:24:31	1	0	1	0
         10004	2023-02-05 09:41:44	1	0	15	0
         10003	2023-02-06 10:03:22	1	0	1	0
         10005	2023-02-06 10:03:54	1	0	1	0
         10001	2023-02-06 11:46:39	1	0	15	0
         10003	2023-02-06 19:27:48	1	0	1	0
         10003	2023-02-07 09:00:34	1	0	1	0
         10001	2023-02-07 10:01:28	1	0	1	0
         10005	2023-02-07 10:09:39	1	0	1	0
         10002	2023-02-07 10:45:24	1	0	1	0
         10002	2023-02-07 18:53:13	1	0	1	0
         10002	2023-02-08 09:09:21	1	0	1	0
         10003	2023-02-08 09:29:12	1	0	1	0
         10005	2023-02-08 10:06:27	1	0	1	0
         10002	2023-02-08 18:55:42	1	0	1	0
         10005	2023-02-08 18:56:23	1	0	1	0
         10003	2023-02-08 18:56:30	1	0	1	0
         10001	2023-02-08 19:08:52	1	0	1	0
         10003	2023-02-09 08:57:28	1	0	1	0
         10002	2023-02-09 09:09:27	1	0	1	0
         10005	2023-02-09 10:06:47	1	0	1	0
         10005	2023-02-09 18:35:49	1	0	1	0
         10002	2023-02-09 18:42:08	1	0	1	0
         10003	2023-02-09 19:07:16	1	0	1	0
         10003	2023-02-10 08:16:15	1	0	1	0
         10002	2023-02-10 09:53:17	1	0	1	0
         10001	2023-02-10 10:03:37	1	0	1	0
         10005	2023-02-10 10:10:06	1	0	1	0
         10003	2023-02-10 18:45:25	1	0	1	0
         10002	2023-02-10 18:45:34	1	0	1	0
         10003	2023-02-11 08:22:27	1	0	1	0
         10002	2023-02-13 10:03:22	1	0	1	0
         10001	2023-02-13 10:05:17	1	0	1	0
         10005	2023-02-13 10:05:28	1	0	1	0
         10002	2023-02-13 19:11:15	1	0	1	0
         10005	2023-02-13 19:14:50	1	0	1	0
         10003	2023-02-14 07:52:38	1	0	1	0
         10005	2023-02-14 08:39:06	1	0	1	0
         10001	2023-02-14 08:39:17	1	0	1	0
         10002	2023-02-14 08:44:15	1	0	1	0
         10002	2023-02-14 18:54:24	1	0	1	0
         10003	2023-02-14 19:04:17	1	0	1	0
         10005	2023-02-14 19:04:29	1	0	1	0
         10001	2023-02-14 19:21:29	1	0	1	0
         10003	2023-02-15 08:00:00	1	0	1	0
         10002	2023-02-15 09:31:52	1	0	1	0
         10001	2023-02-15 10:31:35	1	0	1	0
         10002	2023-02-15 18:51:17	1	0	1	0
         10003	2023-02-15 18:51:29	1	0	1	0
         10005	2023-02-15 18:54:11	1	0	1	0
         10003	2023-02-16 08:52:42	1	0	1	0
         10002	2023-02-16 09:09:41	1	0	1	0
         10004	2023-02-16 09:38:35	1	0	15	0
         10002	2023-02-16 18:57:26	1	0	1	0
         10004	2023-02-16 18:57:34	1	0	15	0
         10003	2023-02-16 18:59:59	1	0	1	0
         10005	2023-02-16 19:00:10	1	0	1	0
         10002	2023-02-17 09:16:14	1	0	1	0
         10001	2023-02-17 10:01:32	1	0	1	0
         10005	2023-02-17 10:18:31	1	0	1	0
         10005	2023-02-17 19:22:42	1	0	1	0
         10002	2023-02-17 19:24:06	1	0	1	0
         10001	2023-02-17 20:11:20	1	0	1	0
         10002	2023-02-18 09:16:04	1	0	1	0
         10004	2023-02-18 09:41:28	1	0	15	0
         10005	2023-02-18 09:58:06	1	0	1	0
         10001	2023-02-18 09:58:25	1	0	1	0
         10005	2023-02-18 18:47:01	1	0	1	0
         10002	2023-02-18 19:26:41	1	0	15	0
         10002	2023-02-18 19:26:43	1	0	1	0
         10004	2023-02-18 19:26:50	1	0	15	0
         10004	2023-02-19 10:39:10	1	0	15	0
         10002	2023-02-20 10:01:30	1	0	1	0
         10002	2023-02-20 18:55:12	1	0	1	0
         10003	2023-02-21 08:54:53	1	0	1	0
         10002	2023-02-21 09:06:14	1	0	1	0
         10001	2023-02-21 10:05:22	1	0	1	0
         10003	2023-02-21 18:54:27	1	0	1	0
         10002	2023-02-21 18:59:41	1	0	1	0
         10005	2023-02-21 19:19:01	1	0	1	0
         10001	2023-02-21 19:29:21	1	0	1	0
         10003	2023-02-22 08:42:59	1	0	1	0
         10002	2023-02-22 09:17:01	1	0	1	0
         10001	2023-02-22 10:11:24	1	0	1	0
         10003	2023-02-22 18:54:19	1	0	1	0
         10005	2023-02-22 19:13:58	1	0	1	0
         10002	2023-02-22 19:14:07	1	0	1	0
         10003	2023-02-23 07:41:15	1	0	1	0
         10002	2023-02-23 09:10:00	1	0	1	0
         10003	2023-02-23 18:56:56	1	0	1	0
         10002	2023-02-23 18:57:10	1	0	1	0
         10005	2023-02-23 18:57:17	1	0	1	0
         10003	2023-02-24 07:49:29	1	0	1	0
         10002	2023-02-24 09:20:33	1	0	1	0
         10003	2023-02-24 18:33:34	1	0	1	0
         10002	2023-02-24 18:38:03	1	0	1	0
         10005	2023-02-24 18:44:33	1	0	1	0
         10003	2023-02-25 08:34:25	1	0	1	0
         10002	2023-02-25 09:07:08	1	0	1	0
         10004	2023-02-25 09:41:26	1	0	15	0
         10002	2023-02-25 19:32:02	1	0	1	0
         10001	2023-02-25 19:41:22	1	0	1	0
         10004	2023-02-25 19:41:59	1	0	15	0
         10004	2023-02-26 10:07:53	1	0	15	0
         10001	2023-02-26 10:20:48	1	0	1	0
         10001	2023-02-27 10:03:43	1	0	1	0
         10002	2023-02-27 10:05:32	1	0	1	0
         10003	2023-02-27 19:19:24	1	0	1	0
         10001	2023-02-27 19:40:54	1	0	1	0
         10003	2023-02-28 08:21:51	1	0	1	0
         10002	2023-02-28 09:08:18	1	0	1	0
         10001	2023-02-28 10:14:58	1	0	1	0
         10002	2023-02-28 18:52:14	1	0	1	0
         10005	2023-02-28 18:52:53	1	0	1	0
         10003	2023-02-28 18:55:46	1	0	1	0
         10003	2023-03-01 08:12:04	1	0	1	0
         10002	2023-03-01 09:18:25	1	0	1	0
         10001	2023-03-01 10:11:50	1	0	1	0
         10002	2023-03-01 18:57:18	1	0	1	0
         10003	2023-03-01 19:10:50	1	0	1	0
         10005	2023-03-01 19:44:43	1	0	1	0
         10003	2023-03-02 08:50:20	1	0	1	0
         10002	2023-03-02 09:22:05	1	0	1	0
         10003	2023-03-02 18:33:45	1	0	1	0
         10003	2023-03-02 18:39:31	1	0	1	0
         10005	2023-03-02 18:44:52	1	0	1	0
         10002	2023-03-02 18:44:58	1	0	1	0
         10003	2023-03-03 08:17:57	1	0	1	0
         10002	2023-03-03 09:41:21	1	0	1	0
         10002	2023-03-03 09:41:22	1	0	1	0
         10005	2023-03-03 10:07:00	1	0	1	0
         10002	2023-03-03 18:44:28	1	0	1	0
         10005	2023-03-03 18:44:58	1	0	1	0
         10003	2023-03-03 18:46:58	1	0	1	0
         10003	2023-03-04 08:32:49	1	0	1	0
         10002	2023-03-04 09:16:19	1	0	1	0
         10003	2023-03-04 19:15:45	1	0	1	0
         10002	2023-03-04 19:18:58	1	0	1	0
         10002	2023-03-04 19:18:59	1	0	1	0
         10001	2023-03-05 10:07:32	1	0	1	0
         10003	2023-03-06 18:59:53	1	0	1	0
         10002	2023-03-06 19:06:42	1	0	1	0
         10003	2023-03-07 08:49:00	1	0	1	0
         10002	2023-03-07 09:19:22	1	0	1	0
         10005	2023-03-07 10:01:05	1	0	1	0
         10001	2023-03-07 10:14:00	1	0	1	0
         10001	2023-03-07 10:55:45	1	0	15	0
         10002	2023-03-07 18:47:04	1	0	1	0
         10003	2023-03-08 08:24:44	1	0	1	0
         10002	2023-03-08 09:19:34	1	0	1	0
         10005	2023-03-08 09:52:27	1	0	1	0
         10001	2023-03-08 10:01:32	1	0	1	0
         10002	2023-03-08 18:54:33	1	0	1	0
         10005	2023-03-08 18:55:36	1	0	1	0
         10003	2023-03-08 18:57:43	1	0	1	0
         10003	2023-03-09 08:04:40	1	0	1	0
         10002	2023-03-09 09:21:32	1	0	1	0
         10005	2023-03-09 09:51:56	1	0	1	0
         10002	2023-03-09 18:39:46	1	0	1	0
         10003	2023-03-09 18:41:19	1	0	1	0
         10003	2023-03-10 08:10:46	1	0	1	0
         10002	2023-03-10 09:16:51	1	0	1	0
         10001	2023-03-10 10:13:19	1	0	1	0
         10002	2023-03-10 18:44:25	1	0	1	0
         10005	2023-03-10 18:45:05	1	0	1	0
         10003	2023-03-10 18:53:38	1	0	1	0
         10003	2023-03-11 08:39:50	1	0	1	0
         10002	2023-03-11 09:23:19	1	0	1	0
         10003	2023-03-11 20:03:00	1	0	1	0
         10002	2023-03-11 20:16:36	1	0	1	0
         10001	2023-03-13 10:07:18	1	0	1	0
         10002	2023-03-13 10:09:05	1	0	1	0
         10002	2023-03-13 19:05:17	1	0	1	0
         10005	2023-03-13 19:12:41	1	0	1	0
         10003	2023-03-14 08:49:51	1	0	1	0
         10002	2023-03-14 09:20:23	1	0	1	0
         10002	2023-03-14 18:36:31	1	0	1	0
         10003	2023-03-14 19:12:20	1	0	1	0
         10003	2023-03-15 08:21:25	1	0	1	0
         10002	2023-03-15 09:08:53	1	0	1	0
         10001	2023-03-15 10:00:23	1	0	15	0
         10005	2023-03-15 18:57:15	1	0	1	0
         10003	2023-03-15 18:59:23	1	0	1	0
         10002	2023-03-15 19:00:17	1	0	1	0
         10003	2023-03-16 08:10:41	1	0	1	0
         10002	2023-03-16 09:32:17	1	0	1	0
         10002	2023-03-16 18:51:18	1	0	1	0
         10003	2023-03-17 07:58:40	1	0	1	0
         10005	2023-03-17 10:02:02	1	0	1	0
         10005	2023-03-17 19:01:05	1	0	1	0
         10003	2023-03-17 19:02:32	1	0	1	0
         10002	2023-03-18 09:04:25	1	0	1	0
         10003	2023-03-18 09:52:32	1	0	1	0
         10002	2023-03-18 19:36:56	1	0	1	0
         10003	2023-03-18 19:49:28	1	0	1	0
         10002	2023-03-20 19:03:12	1	0	1	0
         10005	2023-03-20 19:03:27	1	0	1	0
         10003	2023-03-21 09:04:41	1	0	1	0
         10002	2023-03-21 09:27:15	1	0	1	0
         10002	2023-03-21 18:57:45	1	0	1	0
         10003	2023-03-21 18:58:59	1	0	1	0
         10002	2023-03-22 09:16:03	1	0	1	0
         10003	2023-03-22 09:23:46	1	0	1	0
         10003	2023-03-22 18:56:24	1	0	1	0
         10005	2023-03-22 19:01:20	1	0	1	0
         10002	2023-03-22 19:05:41	1	0	1	0
         10002	2023-03-23 09:08:33	1	0	1	0
         10003	2023-03-23 09:23:01	1	0	1	0
         10003	2023-03-23 19:03:51	1	0	1	0
         10002	2023-03-23 19:06:36	1	0	1	0
         10003	2023-03-24 08:23:22	1	0	1	0
         10002	2023-03-24 09:08:56	1	0	1	0
         10003	2023-03-24 18:43:49	1	0	1	0
         10002	2023-03-24 18:45:48	1	0	1	0
         10005	2023-03-24 18:46:13	1	0	1	0
         10003	2023-03-25 08:31:12	1	0	1	0
         10002	2023-03-25 09:19:59	1	0	1	0
         10002	2023-03-25 19:33:47	1	0	1	0
         10001	2023-03-27 10:04:58	1	0	1	0
         10003	2023-03-27 18:53:04	1	0	1	0
         10005	2023-03-27 18:53:22	1	0	1	0
         10002	2023-03-27 18:55:48	1	0	1	0
         10003	2023-03-28 08:46:03	1	0	1	0
         10002	2023-03-28 09:10:48	1	0	1	0
         10002	2023-03-28 18:53:04	1	0	1	0
         10003	2023-03-28 18:56:49	1	0	1	0
         10005	2023-03-28 18:57:09	1	0	1	0
         10003	2023-03-29 08:21:53	1	0	1	0
         10002	2023-03-29 09:22:37	1	0	1	0
         10003	2023-03-29 19:03:28	1	0	1	0
         10002	2023-03-29 19:04:11	1	0	1	0
         10005	2023-03-29 19:06:47	1	0	1	0
         10003	2023-03-30 08:59:27	1	0	1	0
         10002	2023-03-30 09:18:33	1	0	1	0
         10002	2023-03-30 18:46:59	1	0	1	0
         10003	2023-03-30 18:47:09	1	0	1	0
         10003	2023-03-31 08:22:17	1	0	1	0
         10002	2023-03-31 09:13:22	1	0	1	0
         10001	2023-03-31 10:04:53	1	0	1	0
         10005	2023-03-31 19:07:20	1	0	1	0
         10002	2023-03-31 19:40:28	1	0	1	0
         10002	2023-04-01 09:21:49	1	0	1	0
         10003	2023-04-01 09:31:01	1	0	1	0
         10001	2023-04-01 10:08:18	1	0	1	0
         10003	2023-04-01 19:49:46	1	0	1	0
         10001	2023-04-01 19:56:03	1	0	15	0
         10001	2023-04-03 10:02:51	1	0	15	0
         10002	2023-04-03 19:10:44	1	0	1	0
         10003	2023-04-03 19:20:47	1	0	1	0
         10005	2023-04-03 20:00:37	1	0	1	0
         10001	2023-04-03 20:01:33	1	0	1	0
         10002	2023-04-04 09:12:56	1	0	1	0
         10001	2023-04-04 09:51:09	1	0	1	0
         10003	2023-04-04 18:49:38	1	0	1	0
         10002	2023-04-04 18:52:30	1	0	1	0
         10003	2023-04-05 08:50:25	1	0	1	0
         10002	2023-04-05 09:24:25	1	0	1	0
         10001	2023-04-05 10:07:27	1	0	15	0
         10002	2023-04-05 18:31:45	1	0	1	0
         10005	2023-04-05 18:31:59	1	0	1	0
         10001	2023-04-05 19:34:24	1	0	15	0
         10003	2023-04-06 08:36:59	1	0	1	0
         10002	2023-04-06 09:15:03	1	0	1	0
         10005	2023-04-06 18:43:51	1	0	1	0
         10002	2023-04-06 18:48:55	1	0	1	0
         10003	2023-04-06 18:53:49	1	0	1	0
         10003	2023-04-07 08:35:36	1	0	1	0
         10002	2023-04-07 09:15:05	1	0	1	0
         10001	2023-04-07 10:02:26	1	0	15	0
         10005	2023-04-07 18:34:45	1	0	1	0
         10002	2023-04-07 18:35:01	1	0	1	0
         10002	2023-04-07 18:35:03	1	0	1	0
         10003	2023-04-07 18:37:27	1	0	1	0
         10001	2023-04-07 18:41:59	1	0	1	0
         10003	2023-04-08 08:24:48	1	0	1	0
         10002	2023-04-08 09:31:41	1	0	1	0
         10002	2023-04-08 19:36:38	1	0	1	0
         10003	2023-04-08 19:37:40	1	0	1	0
         10001	2023-04-09 09:58:31	1	0	15	0
         10001	2023-04-10 10:11:43	1	0	15	0
         10001	2023-04-10 15:35:02	1	0	15	0
         10002	2023-04-10 18:54:39	1	0	1	0
         10003	2023-04-10 18:54:43	1	0	1	0
         10003	2023-04-10 18:59:57	1	0	1	0
         10003	2023-04-11 08:56:37	1	0	1	0
         10002	2023-04-11 09:14:44	1	0	1	0
         10005	2023-04-11 18:49:54	1	0	1	0
         10003	2023-04-11 18:51:36	1	0	1	0
         10002	2023-04-11 18:51:57	1	0	1	0
         10003	2023-04-12 08:52:24	1	0	1	0
         10003	2023-04-12 08:56:29	1	0	1	0
         10002	2023-04-12 09:05:34	1	0	1	0
         10003	2023-04-12 18:58:36	1	0	1	0
         10002	2023-04-12 19:12:52	1	0	1	0
         10003	2023-04-17 08:40:35	1	0	1	0
         10001	2023-04-17 09:57:55	1	0	1	0
         10005	2023-04-17 19:08:14	1	0	1	0
         10003	2023-04-17 19:13:00	1	0	1	0
         10003	2023-04-18 08:48:54	1	0	1	0
         10001	2023-04-18 10:07:02	1	0	1	0
         10005	2023-04-18 18:49:00	1	0	1	0
         10003	2023-04-18 18:51:25	1	0	1	0
         10001	2023-04-18 19:25:21	1	0	1	0
         10003	2023-04-19 08:17:58	1	0	1	0
         10002	2023-04-19 09:14:56	1	0	1	0
         10001	2023-04-19 09:52:19	1	0	1	0
         10002	2023-04-19 19:07:05	1	0	1	0
         10005	2023-04-19 19:07:59	1	0	1	0
         10001	2023-04-19 19:08:44	1	0	1	0
         10003	2023-04-19 19:09:51	1	0	1	0
         10003	2023-04-20 08:48:41	1	0	1	0
         10002	2023-04-20 09:17:00	1	0	1	0
         10003	2023-04-20 19:05:24	1	0	1	0
         10005	2023-04-20 19:06:03	1	0	1	0
         10003	2023-04-21 08:53:00	1	0	1	0
         10002	2023-04-21 09:14:38	1	0	1	0
         10001	2023-04-21 10:00:34	1	0	1	0
         10005	2023-04-21 19:00:08	1	0	1	0
         10003	2023-04-21 19:00:18	1	0	1	0
         10003	2023-04-22 08:25:53	1	0	1	0
         10002	2023-04-22 09:19:33	1	0	1	0
         10003	2023-04-22 20:42:17	1	0	1	0
         10003	2023-04-25 08:49:19	1	0	1	0
         10002	2023-04-25 09:01:26	1	0	1	0
         10001	2023-04-25 09:59:36	1	0	1	0
         10001	2023-04-25 10:06:16	1	0	15	0
         10001	2023-04-25 10:06:33	1	0	15	0
         10002	2023-04-25 18:41:36	1	0	1	0
         10003	2023-04-25 18:46:53	1	0	1	0
         10003	2023-04-26 08:43:24	1	0	1	0
         10002	2023-04-26 09:20:21	1	0	1	0
         10001	2023-04-26 10:06:58	1	0	1	0
         10005	2023-04-26 18:58:00	1	0	1	0
         10002	2023-04-26 18:59:21	1	0	1	0
         10003	2023-04-26 19:08:51	1	0	1	0
         10003	2023-04-27 08:46:48	1	0	1	0
         10002	2023-04-27 09:17:44	1	0	1	0
         10003	2023-04-27 18:36:33	1	0	1	0
         10005	2023-04-27 18:42:12	1	0	1	0
         10002	2023-04-28 09:12:18	1	0	1	0
         10003	2023-04-28 09:38:19	1	0	1	0
         10005	2023-04-28 18:42:23	1	0	1	0
         10002	2023-04-28 18:43:09	1	0	1	0
         10003	2023-04-29 08:40:21	1	0	1	0
         10002	2023-04-29 09:20:09	1	0	1	0
         10001	2023-04-29 09:51:10	1	0	1	0
         10002	2023-04-29 19:59:22	1	0	1	0
         10002	2023-05-01 19:15:29	1	0	1	0
         10002	2023-05-02 09:04:44	1	0	1	0
         10001	2023-05-02 10:08:44	1	0	1	0
         10001	2023-05-02 18:20:01	1	0	15	0
         10002	2023-05-02 18:57:09	1	0	1	0
         10003	2023-05-03 08:45:35	1	0	1	0
         10002	2023-05-03 09:08:29	1	0	1	0
         10001	2023-05-03 09:58:54	1	0	15	0
         10002	2023-05-03 18:59:19	1	0	1	0
         10005	2023-05-03 19:00:17	1	0	1	0
         10003	2023-05-03 19:06:46	1	0	1	0
         10003	2023-05-04 08:51:39	1	0	1	0
         10002	2023-05-04 09:18:53	1	0	1	0
         10002	2023-05-04 18:57:13	1	0	1	0
         10005	2023-05-04 18:59:07	1	0	1	0
         10003	2023-05-05 08:44:32	1	0	1	0
         10002	2023-05-05 09:09:14	1	0	1	0
         10002	2023-05-05 18:48:31	1	0	1	0
         10003	2023-05-05 19:07:50	1	0	1	0
         10005	2023-05-05 19:40:36	1	0	1	0
         10003	2023-05-06 09:05:25	1	0	1	0
         10002	2023-05-06 09:15:57	1	0	1	0
         10001	2023-05-06 09:55:19	1	0	1	0
         10003	2023-05-06 19:35:29	1	0	1	0
         10003	2023-05-08 19:28:36	1	0	1	0
         10003	2023-05-09 09:10:53	1	0	1	0
         10001	2023-05-09 10:14:12	1	0	1	0
         10005	2023-05-09 18:47:53	1	0	1	0
         10005	2023-05-09 18:47:59	1	0	1	0
         10003	2023-05-09 18:53:50	1	0	1	0
         10003	2023-05-10 09:06:56	1	0	1	0
         10002	2023-05-10 09:20:00	1	0	1	0
         10001	2023-05-10 10:09:01	1	0	1	0
         10005	2023-05-10 18:43:15	1	0	1	0
         10003	2023-05-11 08:47:08	1	0	1	0
         10002	2023-05-11 09:14:32	1	0	1	0
         10003	2023-05-11 18:35:32	1	0	1	0
         10002	2023-05-11 18:35:55	1	0	1	0
         10005	2023-05-11 18:43:18	1	0	1	0
         10003	2023-05-12 08:52:42	1	0	1	0
         10002	2023-05-12 09:02:43	1	0	1	0
         10001	2023-05-12 09:47:51	1	0	1	0
         10002	2023-05-12 18:40:09	1	0	1	0
         10003	2023-05-13 08:54:19	1	0	1	0
         10002	2023-05-13 09:19:46	1	0	1	0
         10001	2023-05-13 09:50:36	1	0	1	0
         10002	2023-05-15 18:57:01	1	0	1	0
         10005	2023-05-15 18:57:13	1	0	1	0
         10003	2023-05-16 08:30:04	1	0	1	0
         10002	2023-05-16 09:03:19	1	0	1	0
         10003	2023-05-16 18:52:31	1	0	1	0
         10003	2023-05-17 08:10:31	1	0	1	0
         10002	2023-05-17 09:16:20	1	0	1	0
         10005	2023-05-17 18:51:39	1	0	1	0
         10005	2023-05-17 18:51:41	1	0	1	0
         10002	2023-05-17 18:52:01	1	0	1	0
         10003	2023-05-17 18:53:42	1	0	1	0
         10003	2023-05-18 08:14:02	1	0	1	0
         10002	2023-05-18 09:18:16	1	0	1	0
         10002	2023-05-18 18:33:36	1	0	1	0
         10003	2023-05-18 18:34:28	1	0	1	0
         10005	2023-05-18 18:36:18	1	0	1	0
         10003	2023-05-19 08:05:57	1	0	1	0
         10002	2023-05-19 09:12:15	1	0	1	0
         10001	2023-05-19 10:09:47	1	0	1	0
         10003	2023-05-19 18:44:19	1	0	1	0
         10002	2023-05-19 18:44:26	1	0	1	0
         10003	2023-05-20 09:06:17	1	0	1	0
         10002	2023-05-20 09:06:28	1	0	1	0
         10001	2023-05-20 09:54:39	1	0	1	0
         10001	2023-05-20 13:11:07	1	0	15	0
         10002	2023-05-20 18:49:59	1	0	1	0
         10003	2023-05-20 19:21:26	1	0	1	0
         10001	2023-05-21 15:53:45	1	0	15	0
         10001	2023-05-22 10:09:50	1	0	1	0
         10003	2023-05-22 18:48:38	1	0	1	0
         10003	2023-05-23 09:08:41	1	0	1	0
         10002	2023-05-23 09:08:51	1	0	1	0
         10005	2023-05-23 18:51:02	1	0	1	0
         10002	2023-05-23 18:51:35	1	0	1	0
         10002	2023-05-24 08:53:02	1	0	1	0
         10003	2023-05-24 08:53:17	1	0	1	0
         10002	2023-05-24 19:25:51	1	0	1	0
         10005	2023-05-24 19:30:07	1	0	1	0
         10003	2023-05-25 08:22:08	1	0	1	0
         10002	2023-05-25 09:14:27	1	0	1	0
         10005	2023-05-25 18:45:07	1	0	1	0
         10002	2023-05-25 18:56:14	1	0	1	0
         10003	2023-05-25 18:58:14	1	0	1	0
         10003	2023-05-26 08:13:15	1	0	1	0
         10002	2023-05-26 08:48:41	1	0	1	0
         10002	2023-05-26 18:50:47	1	0	1	0
         10005	2023-05-26 18:51:24	1	0	1	0
         10003	2023-05-27 08:56:28	1	0	1	0
         10002	2023-05-27 09:26:19	1	0	1	0
         10002	2023-05-27 19:38:25	1	0	1	0
         10001	2023-05-29 10:06:10	1	0	15	0
         10002	2023-05-29 19:00:23	1	0	1	0
         10005	2023-05-29 19:00:39	1	0	1	0
         10002	2023-05-30 09:17:02	1	0	1	0
         10002	2023-05-30 18:47:05	1	0	1	0
         10002	2023-05-31 09:16:04	1	0	1	0
         10001	2023-05-31 10:06:48	1	0	1	0
         10002	2023-05-31 18:52:36	1	0	1	0
         10002	2023-06-01 09:23:52	1	0	1	0
         10002	2023-06-02 09:12:51	1	0	1	0
         10002	2023-06-03 09:09:56	1	0	1	0
         10002	2023-06-03 19:26:12	1	0	1	0
         10002	2023-06-05 08:23:07	1	0	1	0
         10002	2023-06-05 19:01:36	1	0	1	0
         10003	2023-06-06 08:36:57	1	0	1	0
         10002	2023-06-06 09:12:33	1	0	1	0
         10002	2023-06-06 09:12:34	1	0	1	0
         10005	2023-06-06 18:50:05	1	0	1	0
         10002	2023-06-06 18:52:10	1	0	1	0
         10003	2023-06-06 18:54:39	1	0	1	0
         10003	2023-06-07 07:55:09	1	0	1	0
         10005	2023-06-07 19:13:44	1	0	1	0
         10003	2023-06-08 08:12:30	1	0	1	0
         10002	2023-06-08 09:24:16	1	0	1	0
         10003	2023-06-08 18:33:22	1	0	1	0
         10002	2023-06-08 18:34:01	1	0	1	0
         10003	2023-06-09 07:38:43	1	0	1	0
         10002	2023-06-09 09:18:03	1	0	1	0
         10002	2023-06-09 18:48:43	1	0	1	0
         10003	2023-06-09 18:52:02	1	0	1	0
         10003	2023-06-10 08:46:30	1	0	1	0
         10002	2023-06-10 09:16:59	1	0	1	0
         10002	2023-06-10 19:40:15	1	0	1	0
         10002	2023-06-12 18:53:30	1	0	1	0
         10005	2023-06-12 18:57:03	1	0	1	0
         10003	2023-06-12 18:59:39	1	0	1	0
         10003	2023-06-13 08:50:19	1	0	1	0
         10002	2023-06-13 09:18:08	1	0	1	0
         10001	2023-06-13 10:02:23	1	0	1	0
         10002	2023-06-13 18:47:07	1	0	1	0
         10003	2023-06-14 07:57:26	1	0	1	0
         10002	2023-06-14 09:09:14	1	0	1	0
         10001	2023-06-14 10:13:08	1	0	1	0
         10002	2023-06-14 18:49:32	1	0	1	0
         10005	2023-06-14 18:54:43	1	0	1	0
         10003	2023-06-15 08:05:28	1	0	1	0
         10002	2023-06-15 09:07:42	1	0	1	0
         10002	2023-06-15 18:46:34	1	0	1	0
         10002	2023-06-15 18:46:36	1	0	1	0
         10003	2023-06-15 18:50:33	1	0	1	0
         10003	2023-06-16 08:07:28	1	0	1	0
         10003	2023-06-16 18:55:42	1	0	1	0
         10003	2023-06-17 09:05:01	1	0	1	0
         10002	2023-06-17 09:13:00	1	0	1	0
         10003	2023-06-17 19:32:41	1	0	1	0
         10002	2023-06-17 19:41:57	1	0	1	0
         10002	2023-06-19 18:30:55	1	0	15	0
         10003	2023-06-19 19:07:47	1	0	1	0
         10003	2023-06-20 08:46:54	1	0	1	0
         10002	2023-06-20 08:56:28	1	0	1	0
         10002	2023-06-20 08:56:33	1	0	1	0
         10002	2023-06-20 18:48:37	1	0	1	0
         10002	2023-06-21 09:14:39	1	0	1	0
         10003	2023-06-21 09:14:56	1	0	1	0
         10001	2023-06-21 15:35:15	1	0	15	0
         10003	2023-06-21 18:52:56	1	0	1	0
         10002	2023-06-21 18:54:16	1	0	1	0
         10003	2023-06-22 08:33:08	1	0	1	0
         10002	2023-06-22 09:25:16	1	0	1	0
         10002	2023-06-22 18:34:31	1	0	1	0
         10003	2023-06-23 08:14:30	1	0	1	0
         10002	2023-06-23 09:12:03	1	0	1	0
         10002	2023-06-23 18:42:25	1	0	1	0
         10003	2023-06-24 08:22:28	1	0	1	0
         10002	2023-06-24 09:20:45	1	0	1	0
         10002	2023-06-24 09:20:46	1	0	1	0
         10003	2023-06-24 19:14:01	1	0	1	0
         10002	2023-06-24 19:14:08	1	0	1	0
         10003	2023-06-26 18:47:15	1	0	1	0
         10002	2023-06-26 18:55:33	1	0	1	0
         10002	2023-06-27 09:23:42	1	0	1	0
         10002	2023-06-27 18:47:23	1	0	1	0
         10003	2023-06-27 18:47:31	1	0	1	0
         10003	2023-06-28 07:50:42	1	0	1	0
         10002	2023-06-28 09:15:57	1	0	1	0
         10001	2023-06-28 09:51:25	1	0	15	0
         10003	2023-06-28 18:48:47	1	0	1	0
         10003	2023-06-29 08:04:23	1	0	1	0
         10002	2023-06-29 09:19:43	1	0	1	0
         10003	2023-06-29 18:38:30	1	0	1	0
         10003	2023-06-30 08:02:10	1	0	1	0
         10002	2023-06-30 09:13:48	1	0	1	0
         10003	2023-07-01 08:00:08	1	0	1	0
         10002	2023-07-01 09:27:06	1	0	1	0
         10001	2023-07-01 09:52:22	1	0	15	0
         10003	2023-07-01 19:22:06	1	0	1	0
         10005	2023-07-03 18:30:55	1	0	1	0
         10002	2023-07-03 18:31:34	1	0	1	0
         10003	2023-07-03 18:31:44	1	0	1	0
         10003	2023-07-04 08:51:20	1	0	1	0
         10002	2023-07-04 09:13:45	1	0	1	0
         10002	2023-07-04 18:49:48	1	0	1	0
         10003	2023-07-04 18:50:55	1	0	1	0
         10003	2023-07-05 08:02:18	1	0	1	0
         10002	2023-07-05 09:24:16	1	0	1	0
         10002	2023-07-05 19:02:26	1	0	1	0
         10003	2023-07-05 19:04:45	1	0	1	0
         10003	2023-07-06 07:48:57	1	0	1	0
         10002	2023-07-06 09:13:01	1	0	1	0
         10002	2023-07-06 18:46:16	1	0	1	0
         10003	2023-07-06 18:49:06	1	0	1	0
         10003	2023-07-07 08:03:26	1	0	1	0
         10002	2023-07-07 09:15:45	1	0	1	0
         10002	2023-07-07 18:36:47	1	0	1	0
         10003	2023-07-07 18:38:57	1	0	1	0
         10003	2023-07-08 08:41:21	1	0	1	0
         10002	2023-07-08 09:14:37	1	0	1	0
         10002	2023-07-08 19:32:36	1	0	1	0
         10002	2023-07-10 18:55:46	1	0	1	0
         10003	2023-07-11 08:37:50	1	0	1	0
         10002	2023-07-11 09:12:01	1	0	1	0
         10003	2023-07-11 18:33:11	1	0	1	0
         10002	2023-07-11 18:33:40	1	0	1	0
         10003	2023-07-12 08:12:41	1	0	1	0
         10002	2023-07-12 09:21:59	1	0	1	0
         10002	2023-07-12 17:49:01	1	0	15	0
         10003	2023-07-12 18:52:25	1	0	1	0
         10003	2023-07-13 08:43:50	1	0	1	0
         10003	2023-07-13 08:43:51	1	0	1	0
         10002	2023-07-13 09:13:56	1	0	1	0
         10003	2023-07-13 18:42:40	1	0	1	0
         10002	2023-07-13 18:46:25	1	0	1	0
         10003	2023-07-14 08:18:54	1	0	1	0
         10002	2023-07-14 09:15:33	1	0	1	0
         10003	2023-07-14 18:59:15	1	0	1	0
         10003	2023-07-15 08:50:12	1	0	1	0
         10002	2023-07-15 09:17:36	1	0	1	0
         10002	2023-07-15 09:17:38	1	0	1	0
         10002	2023-07-15 19:34:08	1	0	1	0
         10003	2023-07-15 19:34:31	1	0	1	0
         10003	2023-07-17 18:55:10	1	0	1	0
         10002	2023-07-17 18:57:26	1	0	1	0
         10003	2023-07-18 07:58:23	1	0	1	0
         10002	2023-07-18 09:20:46	1	0	1	0
         10002	2023-07-18 18:30:05	1	0	1	0
         10003	2023-07-19 08:03:03	1	0	1	0
         10002	2023-07-19 09:17:42	1	0	1	0
         10003	2023-07-19 18:46:14	1	0	1	0
         10003	2023-07-20 07:54:21	1	0	1	0
         10002	2023-07-20 09:16:56	1	0	1	0
         10003	2023-07-20 18:52:08	1	0	1	0
         10002	2023-07-20 18:52:21	1	0	1	0
         10003	2023-07-21 08:07:05	1	0	1	0
         10002	2023-07-21 09:22:13	1	0	1	0
         10003	2023-07-21 18:57:22	1	0	1	0
         10003	2023-07-22 09:06:47	1	0	1	0
         10002	2023-07-22 09:17:56	1	0	1	0
         10003	2023-07-22 19:52:55	1	0	1	0
         10002	2023-07-22 19:55:29	1	0	1	0
         10002	2023-07-24 18:47:38	1	0	1	0
         10003	2023-07-24 18:53:05	1	0	1	0
         10002	2023-07-25 09:15:30	1	0	1	0
         10003	2023-07-25 18:53:34	1	0	1	0
         10003	2023-07-26 08:11:41	1	0	1	0
         10002	2023-07-26 09:22:06	1	0	1	0
         10001	2023-07-26 10:43:31	1	0	15	0
         10002	2023-07-26 16:57:32	1	0	15	0
         10002	2023-07-26 18:46:46	1	0	1	0
         10003	2023-07-26 18:56:30	1	0	1	0
         10003	2023-07-27 07:56:54	1	0	1	0
         10002	2023-07-27 08:56:54	1	0	1	0
         10002	2023-07-27 18:44:42	1	0	1	0
         10003	2023-07-27 18:57:19	1	0	1	0
         10003	2023-07-28 09:29:46	1	0	1	0
         10003	2023-07-28 18:43:35	1	0	1	0
         10003	2023-07-29 08:58:12	1	0	1	0
         10002	2023-07-31 18:40:14	1	0	1	0
         10002	2023-08-01 09:20:16	1	0	1	0
         10005	2023-08-01 09:58:49	1	0	1	0
         10005	2023-08-01 18:46:16	1	0	1	0
         10002	2023-08-01 18:48:57	1	0	1	0
         10003	2023-08-02 07:44:05	1	0	1	0
         10002	2023-08-02 09:18:22	1	0	1	0
         10005	2023-08-02 10:00:08	1	0	1	0
         10002	2023-08-02 19:17:54	1	0	1	0
         10003	2023-08-03 08:00:37	1	0	1	0
         10002	2023-08-03 09:14:02	1	0	1	0
         10003	2023-08-03 18:43:13	1	0	1	0
         10005	2023-08-03 18:46:31	1	0	1	0
         10002	2023-08-03 18:48:36	1	0	1	0
         10003	2023-08-04 08:11:36	1	0	1	0
         10002	2023-08-04 09:15:34	1	0	1	0
         10003	2023-08-04 18:38:47	1	0	1	0
         10005	2023-08-04 18:39:00	1	0	1	0
         10002	2023-08-04 18:44:29	1	0	1	0
         10003	2023-08-04 18:45:09	1	0	1	0
         10003	2023-08-05 08:12:36	1	0	1	0
         10002	2023-08-05 09:23:41	1	0	1	0
         10001	2023-08-05 09:59:23	1	0	15	0
         10002	2023-08-05 19:22:06	1	0	1	0
         10003	2023-08-05 19:25:17	1	0	1	0
         10002	2023-08-07 18:51:59	1	0	1	0
         10005	2023-08-07 18:52:30	1	0	1	0
         10003	2023-08-07 18:54:47	1	0	1	0
         10003	2023-08-08 08:45:23	1	0	1	0
         10002	2023-08-08 09:08:58	1	0	1	0
         10005	2023-08-08 18:31:34	1	0	1	0
         10002	2023-08-08 18:32:08	1	0	1	0
         10003	2023-08-09 07:57:46	1	0	1	0
         10002	2023-08-09 09:17:17	1	0	1	0
         10003	2023-08-09 18:36:12	1	0	1	0
         10002	2023-08-09 18:47:31	1	0	1	0
         10003	2023-08-10 08:27:48	1	0	1	0
         10002	2023-08-10 08:43:32	1	0	1	0
         10005	2023-08-10 18:51:32	1	0	1	0
         10002	2023-08-10 18:56:55	1	0	1	0
         10002	2023-08-11 09:06:45	1	0	1	0
         10003	2023-08-11 09:58:30	1	0	1	0
         10003	2023-08-11 18:53:35	1	0	1	0
         10002	2023-08-11 18:56:35	1	0	1	0
         10002	2023-08-12 09:08:21	1	0	1	0
         10003	2023-08-12 09:43:46	1	0	1	0
         10002	2023-08-12 19:24:21	1	0	1	0
         10003	2023-08-14 08:55:21	1	0	1	0
         10002	2023-08-14 09:00:11	1	0	1	0
         10002	2023-08-14 19:09:15	1	0	1	0
         10003	2023-08-14 19:13:22	1	0	1	0
         10002	2023-08-15 09:07:40	1	0	1	0
         10003	2023-08-15 09:10:22	1	0	1	0
         10005	2023-08-15 10:00:10	1	0	1	0
         10003	2023-08-15 19:07:13	1	0	1	0
         10005	2023-08-15 19:07:46	1	0	1	0
         10002	2023-08-15 19:07:56	1	0	1	0
         10003	2023-08-16 07:46:25	1	0	1	0
         10002	2023-08-16 09:08:08	1	0	1	0
         10005	2023-08-16 09:59:16	1	0	1	0
         10003	2023-08-16 19:15:34	1	0	1	0
         10005	2023-08-16 19:15:57	1	0	1	0
         10002	2023-08-16 19:16:13	1	0	1	0
         10003	2023-08-17 07:50:07	1	0	1	0
         10002	2023-08-17 09:06:43	1	0	1	0
         10005	2023-08-17 10:03:59	1	0	1	0
         10005	2023-08-17 18:51:20	1	0	1	0
         10002	2023-08-17 18:53:47	1	0	1	0
         10003	2023-08-17 18:59:45	1	0	1	0
         10002	2023-08-18 09:13:13	1	0	1	0
         10003	2023-08-18 10:02:48	1	0	1	0
         10002	2023-08-18 18:55:37	1	0	1	0
         10003	2023-08-18 18:56:30	1	0	1	0
         10005	2023-08-18 18:57:37	1	0	1	0
         10003	2023-08-19 09:01:02	1	0	1	0
         10002	2023-08-19 09:08:13	1	0	1	0
         10002	2023-08-19 19:30:05	1	0	1	0
         10002	2023-08-19 19:30:12	1	0	1	0
         10002	2023-08-21 18:54:28	1	0	1	0
         10003	2023-08-21 19:09:12	1	0	1	0
         10005	2023-08-21 19:12:09	1	0	1	0
         10002	2023-08-22 09:03:48	1	0	1	0
         10005	2023-08-22 10:05:11	1	0	1	0
         10003	2023-08-22 18:53:29	1	0	1	0
         10005	2023-08-22 19:02:48	1	0	1	0
         10003	2023-08-23 07:55:22	1	0	1	0
         10002	2023-08-23 09:18:36	1	0	1	0
         10005	2023-08-23 18:51:39	1	0	1	0
         10002	2023-08-23 18:55:32	1	0	1	0
         10003	2023-08-23 18:59:09	1	0	1	0
         10003	2023-08-24 08:31:40	1	0	1	0
         10002	2023-08-24 08:42:07	1	0	1	0
         10002	2023-08-24 18:55:19	1	0	1	0
         10005	2023-08-24 19:01:03	1	0	1	0
         10003	2023-08-24 19:09:41	1	0	1	0
         10003	2023-08-25 07:31:37	1	0	1	0
         10002	2023-08-25 09:06:11	1	0	1	0
         10002	2023-08-25 18:53:33	1	0	1	0
         10003	2023-08-26 09:09:37	1	0	1	0
         10002	2023-08-26 09:19:07	1	0	1	0
         10002	2023-08-26 19:35:10	1	0	1	0
         10002	2023-08-28 18:46:38	1	0	1	0
         10005	2023-08-28 18:57:02	1	0	1	0
         10003	2023-08-29 08:09:55	1	0	1	0
         10002	2023-08-29 09:04:18	1	0	1	0
         10002	2023-08-29 18:35:07	1	0	1	0
         10005	2023-08-29 18:36:20	1	0	1	0
         10003	2023-08-30 08:57:25	1	0	1	0
         10002	2023-08-30 09:22:23	1	0	1	0
         10001	2023-08-30 18:22:18	1	0	15	0
         10002	2023-08-30 18:33:26	1	0	1	0
         10003	2023-08-31 07:52:33	1	0	1	0
         10002	2023-08-31 08:41:51	1	0	1	0
         10005	2023-08-31 18:56:57	1	0	1	0
         10002	2023-08-31 18:57:14	1	0	1	0
         10003	2023-09-01 07:52:01	1	0	1	0
         10002	2023-09-01 08:59:52	1	0	1	0
         10002	2023-09-01 18:39:00	1	0	1	0
         10002	2023-09-02 09:07:21	1	0	1	0
         10003	2023-09-02 09:10:02	1	0	1	0
         10002	2023-09-02 19:31:53	1	0	1	0
         10003	2023-09-05 08:40:11	1	0	1	0
         10003	2023-09-05 19:06:33	1	0	1	0
         10003	2023-09-07 08:05:31	1	0	1	0
         10002	2023-09-07 08:58:25	1	0	1	0
         10002	2023-09-07 18:32:38	1	0	1	0
         10003	2023-09-08 08:03:20	1	0	1	0
         10002	2023-09-08 09:05:41	1	0	1	0
         10003	2023-09-08 18:54:40	1	0	1	0
         10002	2023-09-08 18:58:59	1	0	1	0
         10003	2023-09-09 08:47:41	1	0	1	0
         10002	2023-09-09 08:57:09	1	0	1	0
         10002	2023-09-09 19:31:59	1	0	1	0
         10002	2023-09-11 18:33:29	1	0	1	0
         10003	2023-09-12 08:13:10	1	0	1	0
         10002	2023-09-12 09:19:20	1	0	1	0
         10005	2023-09-12 09:37:32	1	0	1	0
         10003	2023-09-12 18:48:58	1	0	1	0
         10002	2023-09-12 18:50:06	1	0	1	0
         10003	2023-09-13 07:54:33	1	0	1	0
         10002	2023-09-13 09:17:53	1	0	1	0
         10002	2023-09-13 18:30:47	1	0	1	0
         10005	2023-09-13 18:31:03	1	0	1	0
         10003	2023-09-14 07:57:20	1	0	1	0
         10002	2023-09-14 08:50:24	1	0	1	0
         10005	2023-09-14 09:45:30	1	0	1	0
         10005	2023-09-14 11:05:51	1	0	1	0
         10003	2023-09-14 11:10:01	1	0	1	0
          1125	2023-09-14 17:34:55	1	0	1	0
         10006	2023-09-14 18:34:48	1	0	1	0
         10003	2023-09-14 18:37:13	1	0	1	0
         10002	2023-09-14 18:40:01	1	0	1	0
         10005	2023-09-14 18:41:02	1	0	1	0
         10002	2023-09-15 09:15:15	1	0	1	0
         10001	2023-09-15 09:32:27	1	0	15	0
         10001	2023-09-15 09:41:34	1	0	15	0
         10005	2023-09-15 09:44:37	1	0	1	0
         10003	2023-09-15 10:38:59	1	0	1	0
         10001	2023-09-15 12:15:48	1	0	15	0
         10001	2023-09-15 12:16:24	1	0	15	0
         10001	2023-09-15 12:19:10	1	0	15	0
         10002	2023-09-15 18:48:30	1	0	1	0
         10005	2023-09-15 18:50:57	1	0	1	0
         10003	2023-09-15 18:55:23	1	0	1	0
         10003	2023-09-16 09:14:36	1	0	1	0
         10001	2023-09-16 09:33:23	1	0	1	0
         10002	2023-09-16 09:42:12	1	0	1	0
         10006	2023-09-16 09:59:32	1	0	1	0
         10006	2023-09-16 19:30:25	1	0	1	0
         10002	2023-09-16 19:34:37	1	0	1	0
         10002	2023-09-16 19:34:38	1	0	1	0
         10003	2023-09-16 19:35:20	1	0	1	0
         10005	2023-09-18 09:59:42	1	0	1	0
         10003	2023-09-18 09:59:48	1	0	1	0
         10001	2023-09-18 09:59:55	1	0	15	0
         10002	2023-09-18 18:39:37	1	0	1	0
         10003	2023-09-18 18:58:25	1	0	1	0
         10001	2023-09-18 19:06:56	1	0	15	0
         10005	2023-09-18 19:10:49	1	0	1	0
         10003	2023-09-19 08:53:02	1	0	1	0
         10002	2023-09-19 09:09:27	1	0	1	0
         10005	2023-09-19 09:56:32	1	0	1	0
         10001	2023-09-19 10:21:34	1	0	1	0
         10002	2023-09-19 18:49:53	1	0	1	0
         10003	2023-09-19 18:51:00	1	0	1	0
         10005	2023-09-19 18:51:08	1	0	1	0
         10001	2023-09-19 19:11:20	1	0	1	0
         10003	2023-09-20 08:04:10	1	0	1	0
         10002	2023-09-20 09:22:20	1	0	1	0
         10001	2023-09-20 09:45:45	1	0	15	0
         10005	2023-09-20 09:50:28	1	0	1	0
         10002	2023-09-20 18:43:19	1	0	1	0
         10002	2023-09-20 18:43:24	1	0	1	0
         10003	2023-09-20 18:55:01	1	0	1	0
         10005	2023-09-20 18:58:58	1	0	1	0
         10003	2023-09-21 08:08:49	1	0	1	0
         10002	2023-09-21 09:06:09	1	0	1	0
         10002	2023-09-21 09:06:11	1	0	1	0
         10006	2023-09-21 09:24:40	1	0	1	0
         10005	2023-09-21 09:48:43	1	0	1	0
         10003	2023-09-21 18:50:13	1	0	1	0
         10006	2023-09-21 18:50:27	1	0	1	0
         10005	2023-09-21 18:51:39	1	0	1	0
         10002	2023-09-21 18:55:48	1	0	1	0
         10003	2023-09-22 08:27:56	1	0	1	0
         10002	2023-09-22 09:18:25	1	0	1	0
         10001	2023-09-22 09:44:02	1	0	15	0
         10005	2023-09-22 09:51:58	1	0	1	0
         10005	2023-09-22 18:32:23	1	0	1	0
         10003	2023-09-22 18:50:53	1	0	1	0
         10002	2023-09-22 18:53:04	1	0	1	0
         10003	2023-09-23 09:03:39	1	0	1	0
         10002	2023-09-23 09:25:00	1	0	1	0
         10001	2023-09-23 09:40:15	1	0	15	0
         10006	2023-09-23 10:09:30	1	0	1	0
         10003	2023-09-23 19:34:10	1	0	1	0
         10002	2023-09-23 19:34:17	1	0	1	0
         10001	2023-09-24 10:07:39	1	0	1	0
         10003	2023-09-25 09:57:14	1	0	1	0
         10005	2023-09-25 09:57:27	1	0	1	0
         10001	2023-09-25 10:06:26	1	0	15	0
         10003	2023-09-25 18:36:52	1	0	1	0
         10002	2023-09-25 18:52:27	1	0	1	0
         10005	2023-09-25 18:58:27	1	0	1	0
         10002	2023-09-26 09:25:20	1	0	1	0
         10001	2023-09-26 09:41:45	1	0	1	0
         10005	2023-09-26 09:51:25	1	0	1	0
         10002	2023-09-26 18:46:35	1	0	1	0
         10005	2023-09-26 18:47:18	1	0	1	0
         10001	2023-09-26 19:34:04	1	0	15	0
         10002	2023-09-27 09:16:19	1	0	1	0
         10005	2023-09-27 09:50:36	1	0	1	0
         10001	2023-09-27 09:57:13	1	0	15	0
         10005	2023-09-27 19:18:03	1	0	1	0
         10001	2023-09-27 20:00:36	1	0	1	0
         10002	2023-09-28 09:22:39	1	0	1	0
         10003	2023-09-28 09:25:09	1	0	1	0
         10005	2023-09-28 09:49:06	1	0	1	0
         10006	2023-09-28 10:16:06	1	0	1	0
         10006	2023-09-28 18:45:19	1	0	1	0
         10005	2023-09-28 18:52:04	1	0	1	0
         10002	2023-09-28 18:56:05	1	0	1	0
         10003	2023-09-29 08:58:53	1	0	1	0
         10002	2023-09-29 09:20:30	1	0	1	0
         10005	2023-09-29 09:49:27	1	0	1	0
         10001	2023-09-29 10:36:43	1	0	15	0
         10005	2023-09-29 18:47:19	1	0	1	0
         10003	2023-09-30 09:06:29	1	0	1	0
         10002	2023-09-30 09:17:56	1	0	1	0
         10001	2023-09-30 09:58:47	1	0	15	0
         10006	2023-09-30 10:09:21	1	0	1	0
         10006	2023-09-30 10:09:23	1	0	1	0
         10003	2023-09-30 19:31:56	1	0	1	0
         10002	2023-09-30 19:34:40	1	0	1	0
         10001	2023-09-30 19:35:24	1	0	15	0
         10003	2023-10-02 10:05:17	1	0	1	0
         10005	2023-10-02 10:05:25	1	0	1	0
         10001	2023-10-02 10:13:15	1	0	15	0
         10001	2023-10-02 18:58:32	1	0	15	0
         10003	2023-10-02 18:59:21	1	0	1	0
         10002	2023-10-02 19:00:38	1	0	1	0
         10005	2023-10-02 19:03:29	1	0	1	0
         10003	2023-10-03 08:35:34	1	0	1	0
         10002	2023-10-03 09:21:14	1	0	1	0
         10001	2023-10-03 09:57:11	1	0	15	0
         10005	2023-10-03 10:06:30	1	0	1	0
         10003	2023-10-03 18:40:03	1	0	1	0
         10005	2023-10-03 18:51:06	1	0	1	0
         10002	2023-10-03 18:52:17	1	0	1	0
         10003	2023-10-04 08:06:02	1	0	1	0
         10002	2023-10-04 09:31:05	1	0	1	0
         10002	2023-10-04 09:31:06	1	0	1	0
         10001	2023-10-04 09:51:09	1	0	15	0
         10005	2023-10-04 10:03:19	1	0	1	0
         10002	2023-10-04 18:59:16	1	0	1	0
         10005	2023-10-04 18:59:57	1	0	1	0
         10003	2023-10-04 19:00:15	1	0	1	0
         10001	2023-10-04 19:28:40	1	0	15	0
         10003	2023-10-05 08:06:15	1	0	1	0
         10002	2023-10-05 09:18:41	1	0	1	0
         10005	2023-10-05 09:57:37	1	0	1	0
         10006	2023-10-05 09:58:18	1	0	1	0
         10006	2023-10-05 18:29:50	1	0	1	0
         10002	2023-10-05 18:41:54	1	0	1	0
         10005	2023-10-05 18:42:03	1	0	1	0
         10003	2023-10-05 18:42:12	1	0	1	0
         10003	2023-10-06 08:13:20	1	0	1	0
         10002	2023-10-06 09:25:14	1	0	1	0
         10002	2023-10-06 09:25:15	1	0	1	0
         10001	2023-10-06 09:54:47	1	0	15	0
         10005	2023-10-06 10:00:03	1	0	1	0
         10003	2023-10-06 18:49:14	1	0	1	0
         10005	2023-10-06 18:49:46	1	0	1	0
         10002	2023-10-06 18:57:00	1	0	1	0
         10001	2023-10-06 19:11:19	1	0	15	0
         10002	2023-10-07 09:20:05	1	0	1	0
         10001	2023-10-07 09:38:26	1	0	15	0
         10003	2023-10-07 09:42:00	1	0	1	0
         10006	2023-10-07 10:10:46	1	0	1	0
         10002	2023-10-07 19:29:55	1	0	1	0
         10003	2023-10-07 19:40:10	1	0	1	0
         10001	2023-10-07 20:16:31	1	0	15	0
         10001	2023-10-08 09:51:51	1	0	15	0
         10005	2023-10-09 10:00:44	1	0	1	0
         10002	2023-10-09 10:00:51	1	0	1	0
         10001	2023-10-09 10:14:03	1	0	15	0
         10002	2023-10-09 18:49:24	1	0	1	0
         10005	2023-10-09 18:49:40	1	0	1	0
         10001	2023-10-09 19:03:33	1	0	15	0
         10002	2023-10-10 09:28:21	1	0	1	0
         10001	2023-10-10 09:43:54	1	0	15	0
         10005	2023-10-10 09:49:42	1	0	1	0
         10005	2023-10-10 18:48:52	1	0	1	0
         10002	2023-10-10 18:48:58	1	0	1	0
         10001	2023-10-10 19:25:43	1	0	15	0
         10003	2023-10-11 08:15:22	1	0	1	0
         10002	2023-10-11 09:38:35	1	0	1	0
         10005	2023-10-11 10:02:30	1	0	1	0
         10005	2023-10-11 18:57:37	1	0	1	0
         10002	2023-10-11 18:59:38	1	0	1	0
         10003	2023-10-11 19:01:33	1	0	1	0
         10003	2023-10-12 08:51:05	1	0	1	0
         10002	2023-10-12 09:03:03	1	0	1	0
         10005	2023-10-12 09:49:19	1	0	1	0
         10006	2023-10-12 09:59:01	1	0	1	0
         10006	2023-10-12 18:50:34	1	0	1	0
         10003	2023-10-12 18:50:44	1	0	1	0
         10005	2023-10-12 18:51:08	1	0	1	0
         10002	2023-10-12 19:02:17	1	0	1	0
         10003	2023-10-13 09:16:22	1	0	1	0
         10002	2023-10-13 09:25:06	1	0	1	0
         10001	2023-10-13 09:47:41	1	0	15	0
         10005	2023-10-13 09:52:39	1	0	1	0
         10002	2023-10-13 18:45:04	1	0	1	0
         10003	2023-10-13 18:45:50	1	0	1	0
         10005	2023-10-13 18:46:30	1	0	1	0
         10001	2023-10-13 19:18:23	1	0	15	0
         10003	2023-10-14 09:15:45	1	0	1	0
         10002	2023-10-14 09:20:43	1	0	1	0
         10001	2023-10-14 09:47:30	1	0	15	0
         10006	2023-10-14 10:09:47	1	0	1	0
         10003	2023-10-14 19:30:10	1	0	1	0
         10006	2023-10-14 19:31:15	1	0	1	0
         10001	2023-10-15 09:57:31	1	0	15	0
         10003	2023-10-16 09:56:16	1	0	1	0
         10002	2023-10-16 10:04:16	1	0	1	0
         10002	2023-10-16 18:58:26	1	0	1	0
         10003	2023-10-16 18:58:36	1	0	1	0
         10005	2023-10-16 19:09:30	1	0	1	0
         10003	2023-10-17 08:28:02	1	0	1	0
         10002	2023-10-17 09:16:01	1	0	1	0
         10001	2023-10-17 09:51:23	1	0	15	0
         10005	2023-10-17 09:56:38	1	0	1	0
         10002	2023-10-17 12:33:18	1	0	15	0
         10003	2023-10-17 18:52:30	1	0	1	0
         10005	2023-10-17 19:12:23	1	0	1	0
         10005	2023-10-17 19:12:25	1	0	1	0
         10003	2023-10-18 09:09:15	1	0	1	0
         10002	2023-10-18 09:23:50	1	0	1	0
         10005	2023-10-18 09:56:18	1	0	1	0
         10001	2023-10-18 10:17:33	1	0	15	0
         10005	2023-10-18 19:05:12	1	0	1	0
         10002	2023-10-18 19:05:37	1	0	1	0
         10003	2023-10-18 19:08:12	1	0	1	0
         10003	2023-10-19 08:06:56	1	0	1	0
         10002	2023-10-19 09:09:14	1	0	1	0
         10005	2023-10-19 09:42:15	1	0	1	0
         10003	2023-10-19 18:49:35	1	0	1	0
         10006	2023-10-19 18:55:57	1	0	1	0
         10002	2023-10-19 18:56:27	1	0	1	0
         10005	2023-10-19 18:56:44	1	0	1	0
         10002	2023-10-20 08:59:45	1	0	1	0
         10003	2023-10-20 09:00:02	1	0	1	0
         10005	2023-10-20 09:49:49	1	0	1	0
         10001	2023-10-20 09:59:10	1	0	15	0
         10001	2023-10-20 16:05:45	1	0	15	0
         10003	2023-10-20 18:43:19	1	0	1	0
         10002	2023-10-21 09:21:37	1	0	1	0
         10001	2023-10-21 10:00:13	1	0	15	0
         10006	2023-10-21 10:14:20	1	0	1	0
         10002	2023-10-21 20:28:49	1	0	1	0
         10001	2023-10-22 10:00:18	1	0	15	0
         10003	2023-10-23 09:47:03	1	0	1	0
         10005	2023-10-23 09:48:21	1	0	1	0
         10002	2023-10-23 09:55:41	1	0	1	0
         10003	2023-10-23 18:51:35	1	0	1	0
         10005	2023-10-23 18:51:45	1	0	1	0
         10002	2023-10-23 18:51:57	1	0	1	0
         10003	2023-10-24 08:54:02	1	0	1	0
         10002	2023-10-24 09:12:28	1	0	1	0
         10005	2023-10-24 09:55:39	1	0	1	0
         10001	2023-10-24 09:56:36	1	0	15	0
         10002	2023-10-24 18:45:10	1	0	1	0
         10003	2023-10-24 18:49:12	1	0	1	0
         10005	2023-10-24 18:51:22	1	0	1	0
         10003	2023-10-25 08:10:43	1	0	1	0
         10002	2023-10-25 09:24:58	1	0	1	0
         10005	2023-10-25 10:03:44	1	0	1	0
         10001	2023-10-25 10:13:47	1	0	15	0
         10002	2023-10-25 18:32:12	1	0	1	0
         10003	2023-10-25 18:47:14	1	0	1	0
         10005	2023-10-25 18:48:02	1	0	1	0
         10003	2023-10-26 08:04:25	1	0	1	0
         10006	2023-10-26 09:12:37	1	0	1	0
         10002	2023-10-26 09:20:46	1	0	1	0
         10005	2023-10-26 09:55:02	1	0	1	0
         10006	2023-10-26 18:38:47	1	0	1	0
         10002	2023-10-26 18:41:51	1	0	1	0
         10003	2023-10-26 18:42:14	1	0	1	0
         10005	2023-10-26 18:43:58	1	0	1	0
         10003	2023-10-27 08:24:05	1	0	1	0
         10002	2023-10-27 09:23:36	1	0	1	0
         10005	2023-10-27 09:49:47	1	0	1	0
         10001	2023-10-27 09:55:49	1	0	15	0
         10003	2023-10-27 18:47:20	1	0	1	0
         10002	2023-10-27 18:58:21	1	0	1	0
         10005	2023-10-27 18:58:32	1	0	1	0
         10003	2023-10-28 08:56:07	1	0	1	0
         10001	2023-10-28 09:48:42	1	0	15	0
         10006	2023-10-28 10:12:59	1	0	1	0
         10001	2023-10-28 15:23:38	1	0	15	0
         10003	2023-10-28 19:34:55	1	0	1	0
         10006	2023-10-28 19:35:42	1	0	1	0
         10003	2023-10-30 09:58:39	1	0	1	0
         10005	2023-10-30 10:01:25	1	0	1	0
         10002	2023-10-30 10:01:34	1	0	1	0
         10001	2023-10-30 10:01:58	1	0	15	0
         10003	2023-10-30 18:58:16	1	0	1	0
         10005	2023-10-30 19:01:20	1	0	1	0
         10002	2023-10-30 19:03:16	1	0	1	0
         10001	2023-10-30 19:07:11	1	0	15	0
         10003	2023-10-31 08:52:59	1	0	1	0
         10002	2023-10-31 09:23:44	1	0	1	0
         10002	2023-10-31 09:31:14	1	0	1	0
         10001	2023-10-31 09:51:34	1	0	15	0
         10005	2023-10-31 09:57:56	1	0	1	0
         10003	2023-10-31 18:42:19	1	0	1	0
         10005	2023-10-31 18:44:37	1	0	1	0
         10002	2023-10-31 18:44:45	1	0	1	0
         10001	2023-10-31 19:05:49	1	0	15	0
         10003	2023-11-01 07:59:52	1	0	1	0
         10002	2023-11-01 09:26:26	1	0	1	0
         10005	2023-11-01 09:52:52	1	0	1	0
         10001	2023-11-01 09:59:44	1	0	15	0
         10003	2023-11-01 18:55:02	1	0	1	0
         10003	2023-11-01 18:55:08	1	0	1	0
         10005	2023-11-01 18:58:38	1	0	1	0
         10003	2023-11-02 07:47:06	1	0	1	0
         10002	2023-11-02 09:03:52	1	0	1	0
         10006	2023-11-02 09:50:55	1	0	1	0
         10005	2023-11-02 09:56:22	1	0	1	0
         10006	2023-11-02 18:42:04	1	0	1	0
         10005	2023-11-02 18:42:40	1	0	1	0
         10002	2023-11-02 18:45:43	1	0	1	0
         10003	2023-11-02 18:46:08	1	0	1	0
         10003	2023-11-03 07:54:17	1	0	1	0
         10003	2023-11-03 09:12:11	1	0	1	0
         10002	2023-11-03 09:22:46	1	0	1	0
         10005	2023-11-03 09:57:32	1	0	1	0
         10001	2023-11-03 10:05:40	1	0	15	0
         10002	2023-11-03 18:50:37	1	0	1	0
         10003	2023-11-03 18:50:43	1	0	1	0
         10005	2023-11-03 18:56:42	1	0	1	0
         10001	2023-11-03 19:07:51	1	0	15	0
         10003	2023-11-04 08:35:34	1	0	1	0
         10002	2023-11-04 09:18:26	1	0	1	0
         10001	2023-11-04 09:46:17	1	0	15	0
         10006	2023-11-04 10:12:08	1	0	1	0
         10006	2023-11-04 19:31:27	1	0	1	0
         10002	2023-11-04 19:33:24	1	0	1	0
         10003	2023-11-04 19:37:46	1	0	1	0
         10001	2023-11-04 20:08:51	1	0	15	0
         10001	2023-11-05 18:14:55	1	0	15	0
         10005	2023-11-06 09:54:28	1	0	1	0
         10003	2023-11-06 09:57:11	1	0	1	0
         10001	2023-11-06 09:58:59	1	0	15	0
         10002	2023-11-06 10:00:41	1	0	1	0
         10003	2023-11-06 18:43:56	1	0	1	0
         10003	2023-11-07 08:16:01	1	0	1	0
         10002	2023-11-07 09:22:49	1	0	1	0
         10001	2023-11-07 09:55:24	1	0	15	0
         10005	2023-11-07 09:57:14	1	0	1	0
         10002	2023-11-07 18:36:33	1	0	1	0
         10003	2023-11-07 18:37:42	1	0	1	0
         10003	2023-11-08 08:01:07	1	0	1	0
         10002	2023-11-08 09:01:00	1	0	1	0
         10005	2023-11-08 10:03:09	1	0	1	0
         10002	2023-11-08 18:59:39	1	0	1	0
         10005	2023-11-08 19:00:52	1	0	1	0
         10003	2023-11-08 19:01:22	1	0	1	0
         10003	2023-11-09 08:02:11	1	0	1	0
         10002	2023-11-09 08:57:34	1	0	1	0
         10005	2023-11-09 10:01:39	1	0	1	0
         10006	2023-11-09 10:13:28	1	0	1	0
         10006	2023-11-09 18:37:02	1	0	1	0
         10002	2023-11-09 18:41:17	1	0	1	0
         10005	2023-11-09 18:45:13	1	0	1	0
         10002	2023-11-10 08:59:14	1	0	1	0
         10001	2023-11-10 09:42:31	1	0	15	0
         10005	2023-11-10 09:57:17	1	0	1	0
         10002	2023-11-10 18:59:04	1	0	1	0
         10001	2023-11-10 19:02:34	1	0	15	0
         10005	2023-11-10 19:03:22	1	0	1	0
         10002	2023-11-11 09:22:32	1	0	1	0
         10001	2023-11-11 09:52:51	1	0	15	0
         10006	2023-11-11 19:46:20	1	0	1	0
         10002	2023-11-11 19:52:55	1	0	1	0
         10001	2023-11-11 20:17:29	1	0	15	0
         10002	2023-11-13 09:58:42	1	0	1	0
         10003	2023-11-13 10:01:05	1	0	1	0
         10005	2023-11-13 10:01:24	1	0	1	0
         10001	2023-11-13 10:03:25	1	0	15	0
         10002	2023-11-13 18:55:29	1	0	1	0
         10003	2023-11-13 18:58:40	1	0	1	0
         10001	2023-11-13 19:05:39	1	0	15	0
         10005	2023-11-13 19:05:54	1	0	1	0
         10003	2023-11-14 08:28:02	1	0	1	0
         10002	2023-11-14 09:26:27	1	0	1	0
         10005	2023-11-14 10:00:21	1	0	1	0
         10001	2023-11-14 10:21:00	1	0	15	0
         10001	2023-11-14 14:59:22	1	0	15	0
         10001	2023-11-14 14:59:27	1	0	15	0
         10002	2023-11-14 18:40:15	1	0	1	0
         10003	2023-11-14 18:42:26	1	0	1	0
         10005	2023-11-14 18:43:27	1	0	1	0
         10001	2023-11-14 18:51:54	1	0	15	0
         10003	2023-11-15 08:03:28	1	0	1	0
         10002	2023-11-15 09:21:18	1	0	1	0
         10001	2023-11-15 09:49:20	1	0	15	0
         10005	2023-11-15 10:04:43	1	0	1	0
         10003	2023-11-15 19:05:47	1	0	1	0
         10005	2023-11-15 19:15:52	1	0	1	0
         10002	2023-11-15 19:26:59	1	0	1	0
         10001	2023-11-15 19:48:18	1	0	15	0
         10003	2023-11-16 08:26:53	1	0	1	0
         10002	2023-11-16 09:10:48	1	0	1	0
         10005	2023-11-16 10:04:00	1	0	1	0
         10002	2023-11-16 17:35:14	1	0	1	0
         10003	2023-11-16 18:36:48	1	0	1	0
         10003	2023-11-17 08:03:54	1	0	1	0
         10002	2023-11-17 09:23:28	1	0	1	0
         10005	2023-11-17 09:56:24	1	0	1	0
         10001	2023-11-17 10:07:43	1	0	15	0
         10002	2023-11-17 18:44:39	1	0	1	0
         10005	2023-11-17 18:45:49	1	0	1	0
         10003	2023-11-17 18:46:20	1	0	1	0
         10003	2023-11-18 08:36:01	1	0	1	0
         10002	2023-11-18 09:30:44	1	0	1	0
         10001	2023-11-18 09:59:44	1	0	15	0
         10003	2023-11-18 19:42:55	1	0	1	0
         10002	2023-11-18 19:50:13	1	0	1	0
         10001	2023-11-18 19:52:16	1	0	15	0
         10002	2023-11-20 10:05:52	1	0	1	0
         10002	2023-11-20 10:05:53	1	0	1	0
         10005	2023-11-20 10:06:03	1	0	1	0
         10001	2023-11-20 10:06:18	1	0	15	0
         10003	2023-11-20 10:11:32	1	0	1	0
         10005	2023-11-20 18:54:54	1	0	1	0
         10003	2023-11-20 18:55:58	1	0	1	0
         10001	2023-11-20 18:56:20	1	0	15	0
         10003	2023-11-21 08:52:27	1	0	1	0
         10002	2023-11-21 09:19:00	1	0	1	0
         10001	2023-11-21 10:03:02	1	0	15	0
         10005	2023-11-21 10:06:35	1	0	1	0
         10002	2023-11-21 18:33:56	1	0	1	0
         10003	2023-11-21 18:41:17	1	0	1	0
         10005	2023-11-21 18:48:09	1	0	1	0
         10001	2023-11-21 19:07:18	1	0	15	0
         10003	2023-11-22 08:24:51	1	0	1	0
         10002	2023-11-22 09:06:08	1	0	1	0
         10001	2023-11-22 09:42:44	1	0	15	0
         10005	2023-11-22 09:58:34	1	0	1	0
         10005	2023-11-22 19:01:23	1	0	1	0
         10003	2023-11-22 19:02:50	1	0	1	0
         10003	2023-11-22 19:03:49	1	0	1	0
         10002	2023-11-22 19:04:05	1	0	1	0
         10001	2023-11-22 19:37:30	1	0	15	0
         10003	2023-11-23 08:42:36	1	0	1	0
         10002	2023-11-23 09:16:15	1	0	1	0
         10005	2023-11-23 10:08:21	1	0	1	0
         10005	2023-11-23 18:55:49	1	0	1	0
         10003	2023-11-23 18:56:49	1	0	1	0
         10002	2023-11-23 18:58:38	1	0	1	0
         10003	2023-11-24 08:16:36	1	0	1	0
         10002	2023-11-24 09:29:15	1	0	1	0
         10005	2023-11-24 09:55:42	1	0	1	0
         10001	2023-11-24 09:56:13	1	0	15	0
         10003	2023-11-24 18:37:31	1	0	1	0
         10005	2023-11-24 18:41:28	1	0	1	0
         10002	2023-11-24 18:41:54	1	0	1	0
         10003	2023-11-25 08:16:58	1	0	1	0
         10002	2023-11-25 09:28:17	1	0	1	0
         10001	2023-11-25 09:51:30	1	0	15	0
         10003	2023-11-25 19:42:56	1	0	1	0
         10002	2023-11-25 19:45:10	1	0	1	0
         10005	2023-11-27 10:11:18	1	0	1	0
         10003	2023-11-27 10:11:26	1	0	1	0
         10001	2023-11-27 10:14:23	1	0	15	0
         10002	2023-11-27 10:27:13	1	0	1	0
         10002	2023-11-27 18:34:47	1	0	1	0
         10003	2023-11-27 18:45:18	1	0	1	0
         10005	2023-11-27 19:13:54	1	0	1	0
         10005	2023-11-27 19:13:56	1	0	1	0
         10001	2023-11-27 19:14:46	1	0	15	0
         10003	2023-11-28 08:35:45	1	0	1	0
         10002	2023-11-28 09:10:11	1	0	1	0
         10001	2023-11-28 09:56:05	1	0	15	0
         10005	2023-11-28 10:06:17	1	0	1	0
         10002	2023-11-28 18:39:41	1	0	1	0
         10003	2023-11-28 18:57:09	1	0	1	0
         10005	2023-11-28 19:29:56	1	0	1	0
         10001	2023-11-28 19:30:04	1	0	15	0
         10003	2023-11-29 08:13:55	1	0	1	0
         10002	2023-11-29 09:22:01	1	0	1	0
         10001	2023-11-29 09:51:47	1	0	15	0
         10005	2023-11-29 09:59:12	1	0	1	0
         10003	2023-11-29 18:56:33	1	0	1	0
         10005	2023-11-29 18:58:49	1	0	1	0
         10002	2023-11-29 18:59:23	1	0	1	0
         10003	2023-11-30 08:43:38	1	0	1	0
         10002	2023-11-30 09:21:37	1	0	1	0
         10005	2023-11-30 10:14:32	1	0	1	0
         10003	2023-11-30 18:56:13	1	0	1	0
         10005	2023-11-30 19:02:44	1	0	1	0
         10002	2023-11-30 19:03:44	1	0	1	0
         10002	2023-12-01 09:22:37	1	0	1	0
         10005	2023-12-01 10:07:26	1	0	1	0
         10003	2023-12-01 10:12:42	1	0	1	0
         10001	2023-12-01 10:13:51	1	0	15	0
         10003	2023-12-01 18:54:43	1	0	1	0
         10003	2023-12-02 09:45:16	1	0	1	0
         10001	2023-12-02 10:04:05	1	0	15	0
         10006	2023-12-02 10:16:41	1	0	1	0
         10003	2023-12-02 19:54:32	1	0	1	0
         10003	2023-12-04 09:59:26	1	0	1	0
         10005	2023-12-04 09:59:37	1	0	1	0
         10001	2023-12-04 10:02:28	1	0	15	0
         10002	2023-12-04 10:07:03	1	0	1	0
         10003	2023-12-04 19:17:19	1	0	1	0
         10002	2023-12-04 19:20:44	1	0	1	0
         10005	2023-12-04 19:20:54	1	0	1	0
         10002	2023-12-05 09:10:04	1	0	1	0
         10003	2023-12-05 09:24:02	1	0	1	0
         10005	2023-12-05 10:02:20	1	0	1	0
         10001	2023-12-05 10:07:27	1	0	15	0
         10002	2023-12-05 18:33:28	1	0	1	0
         10003	2023-12-05 18:34:12	1	0	1	0
         10005	2023-12-05 19:04:10	1	0	1	0
         10003	2023-12-06 08:07:14	1	0	1	0
         10002	2023-12-06 09:30:47	1	0	1	0
         10001	2023-12-06 09:52:38	1	0	15	0
         10005	2023-12-06 10:05:32	1	0	1	0
         10002	2023-12-06 19:01:28	1	0	1	0
         10005	2023-12-06 19:01:42	1	0	1	0
         10003	2023-12-06 19:04:34	1	0	1	0
         10003	2023-12-07 08:48:56	1	0	1	0
         10002	2023-12-07 09:22:21	1	0	1	0
         10006	2023-12-07 09:59:04	1	0	1	0
         10005	2023-12-07 10:13:43	1	0	1	0
         10003	2023-12-07 18:45:59	1	0	1	0
         10002	2023-12-07 18:46:13	1	0	1	0
         10005	2023-12-07 18:51:41	1	0	1	0
         10003	2023-12-08 08:21:11	1	0	1	0
         10002	2023-12-08 09:24:07	1	0	1	0
         10005	2023-12-08 10:04:23	1	0	1	0
         10001	2023-12-08 10:08:44	1	0	15	0
         10002	2023-12-08 18:50:14	1	0	1	0
         10005	2023-12-08 18:50:26	1	0	1	0
         10003	2023-12-08 18:50:47	1	0	1	0
         10002	2023-12-09 09:15:57	1	0	1	0
         10003	2023-12-09 09:24:05	1	0	1	0
         10001	2023-12-09 09:52:49	1	0	15	0
         10006	2023-12-09 10:15:49	1	0	1	0
         10002	2023-12-09 19:35:12	1	0	1	0
         10003	2023-12-09 19:35:37	1	0	1	0
         10003	2023-12-11 09:41:15	1	0	1	0
         10005	2023-12-11 09:51:36	1	0	1	0
         10001	2023-12-11 09:52:37	1	0	15	0
         10003	2023-12-11 19:09:52	1	0	1	0
         10001	2023-12-11 19:19:10	1	0	15	0
         10003	2023-12-12 08:37:19	1	0	1	0
         10001	2023-12-12 09:53:59	1	0	15	0
         10005	2023-12-12 10:03:58	1	0	1	0
         10003	2023-12-12 18:42:48	1	0	1	0
         10005	2023-12-12 18:47:10	1	0	1	0
         10001	2023-12-12 19:18:20	1	0	15	0
         10003	2023-12-13 07:59:12	1	0	1	0
         10002	2023-12-13 09:00:04	1	0	1	0
         10001	2023-12-13 09:49:54	1	0	15	0
         10005	2023-12-13 09:59:11	1	0	1	0
         10002	2023-12-13 18:43:14	1	0	1	0
         10003	2023-12-13 18:45:14	1	0	1	0
         10003	2023-12-14 08:35:05	1	0	1	0
         10002	2023-12-14 09:26:47	1	0	1	0
         10005	2023-12-14 10:12:34	1	0	1	0
         10006	2023-12-14 10:13:09	1	0	1	0
         10003	2023-12-14 18:30:30	1	0	1	0
         10006	2023-12-14 18:44:08	1	0	1	0
         10005	2023-12-14 18:44:36	1	0	1	0
         10002	2023-12-14 18:46:29	1	0	1	0
         10002	2023-12-15 09:04:50	1	0	1	0
         10001	2023-12-15 09:49:28	1	0	15	0
         10005	2023-12-15 10:00:46	1	0	1	0
         10005	2023-12-15 18:42:55	1	0	1	0
         10002	2023-12-15 18:44:38	1	0	1	0
         10003	2023-12-16 08:11:50	1	0	1	0
         10002	2023-12-16 09:27:07	1	0	1	0
         10001	2023-12-16 09:37:57	1	0	15	0
         10006	2023-12-16 10:16:26	1	0	1	0
         10002	2023-12-16 19:22:01	1	0	1	0
         10006	2023-12-16 19:22:13	1	0	1	0
         10003	2023-12-16 19:30:51	1	0	1	0
         10002	2023-12-18 09:44:08	1	0	1	0
         10003	2023-12-18 09:44:18	1	0	1	0
         10005	2023-12-18 09:44:38	1	0	1	0
         10001	2023-12-18 09:48:52	1	0	15	0
         10002	2023-12-18 18:39:10	1	0	1	0
         10005	2023-12-18 18:40:32	1	0	1	0
         10003	2023-12-18 18:57:18	1	0	1	0
         10003	2023-12-19 08:52:52	1	0	1	0
         10002	2023-12-19 09:15:01	1	0	1	0
         10005	2023-12-19 09:56:43	1	0	1	0
         10001	2023-12-19 09:58:45	1	0	15	0
         10001	2023-12-19 10:24:42	1	0	15	0
         10003	2023-12-19 18:43:32	1	0	1	0
         10002	2023-12-19 18:47:27	1	0	1	0
         10005	2023-12-19 18:47:56	1	0	1	0
         10003	2023-12-20 08:08:14	1	0	1	0
         10002	2023-12-20 09:09:20	1	0	1	0
         10001	2023-12-20 09:48:43	1	0	15	0
         10005	2023-12-20 10:13:02	1	0	1	0
         10003	2023-12-20 18:57:03	1	0	1	0
         10002	2023-12-20 18:57:33	1	0	1	0
         10005	2023-12-20 18:58:03	1	0	1	0
         10003	2023-12-21 08:11:12	1	0	1	0
         10002	2023-12-21 09:15:22	1	0	1	0
         10005	2023-12-21 10:00:33	1	0	1	0
         10006	2023-12-21 10:10:14	1	0	1	0
         10002	2023-12-21 18:52:16	1	0	1	0
         10005	2023-12-21 18:55:14	1	0	1	0
         10006	2023-12-21 18:56:34	1	0	1	0
         10003	2023-12-21 19:06:10	1	0	1	0
         10003	2023-12-22 08:04:03	1	0	1	0
         10002	2023-12-22 09:28:39	1	0	1	0
         10001	2023-12-22 10:01:26	1	0	15	0
         10005	2023-12-22 10:07:10	1	0	1	0
         10002	2023-12-22 19:02:41	1	0	1	0
         10005	2023-12-22 19:07:18	1	0	1	0
         10003	2023-12-22 19:11:37	1	0	1	0
         10003	2023-12-23 08:09:07	1	0	1	0
         10002	2023-12-23 09:32:08	1	0	1	0
         10001	2023-12-23 09:59:59	1	0	15	0
         10006	2023-12-23 10:07:31	1	0	1	0
         10003	2023-12-23 18:30:37	1	0	1	0
         10002	2023-12-23 18:31:07	1	0	1	0
         10006	2023-12-23 18:31:38	1	0	1	0
         10001	2023-12-23 19:45:37	1	0	15	0
         10005	2023-12-25 09:58:22	1	0	1	0
         10001	2023-12-25 10:00:38	1	0	15	0
         10003	2023-12-25 10:02:00	1	0	1	0
         10002	2023-12-25 10:05:08	1	0	1	0
         10002	2023-12-25 18:54:24	1	0	1	0
         10003	2023-12-25 19:11:48	1	0	1	0
         10005	2023-12-25 19:24:11	1	0	1	0
         10003	2023-12-26 08:51:11	1	0	1	0
         10002	2023-12-26 09:25:37	1	0	1	0
         10001	2023-12-26 09:40:20	1	0	15	0
         10005	2023-12-26 10:01:42	1	0	1	0
         10005	2023-12-26 18:56:52	1	0	1	0
         10002	2023-12-26 18:57:01	1	0	1	0
         10003	2023-12-26 18:57:07	1	0	1	0
         10002	2023-12-27 09:04:24	1	0	1	0
         10003	2023-12-27 09:10:59	1	0	1	0
         10005	2023-12-27 10:06:47	1	0	1	0
         10005	2023-12-27 10:06:49	1	0	1	0
         10001	2023-12-27 10:09:02	1	0	15	0
         10002	2023-12-27 18:34:18	1	0	1	0
         10003	2023-12-27 19:05:28	1	0	1	0
         10003	2023-12-27 19:10:04	1	0	1	0
         10005	2023-12-27 19:17:38	1	0	1	0
         10001	2023-12-27 20:58:35	1	0	15	0
         10002	2023-12-28 09:17:20	1	0	1	0
         10005	2023-12-28 09:59:43	1	0	1	0
         10006	2023-12-28 10:05:44	1	0	1	0
         10003	2023-12-28 10:06:06	1	0	1	0
         10005	2023-12-28 18:30:33	1	0	1	0
         10002	2023-12-28 18:47:34	1	0	1	0
         10003	2023-12-28 19:15:44	1	0	1	0
         10006	2023-12-28 19:17:29	1	0	1	0
         10002	2023-12-29 09:28:39	1	0	1	0
         10003	2023-12-29 09:28:52	1	0	1	0
         10001	2023-12-29 10:10:28	1	0	15	0
         10001	2023-12-29 10:34:36	1	0	15	0
         10001	2023-12-29 10:34:53	1	0	15	0
         10003	2023-12-29 18:56:48	1	0	1	0
         10002	2023-12-29 19:00:50	1	0	1	0
         10002	2023-12-30 09:27:11	1	0	1	0
         10003	2023-12-30 09:39:28	1	0	1	0
         10001	2023-12-30 10:02:07	1	0	15	0
         10003	2024-01-03 07:57:53	1	0	1	0
         10002	2024-01-03 09:17:11	1	0	1	0
         10001	2024-01-03 09:20:30	1	0	1	0
         10005	2024-01-03 09:58:26	1	0	1	0
         10002	2024-01-03 18:46:11	1	0	1	0
         10005	2024-01-03 18:46:30	1	0	1	0
         10003	2024-01-03 18:51:20	1	0	1	0
         10003	2024-01-04 08:26:46	1	0	1	0
         10002	2024-01-04 09:13:59	1	0	1	0
         10005	2024-01-04 10:00:33	1	0	1	0
         10006	2024-01-04 10:17:39	1	0	1	0
         10002	2024-01-04 19:02:01	1	0	1	0
         10005	2024-01-04 19:06:53	1	0	1	0
         10003	2024-01-04 19:10:00	1	0	1	0
         10006	2024-01-04 19:11:43	1	0	1	0
         10003	2024-01-05 08:03:26	1	0	1	0
         10002	2024-01-05 09:06:42	1	0	1	0
         10001	2024-01-05 09:25:48	1	0	1	0
         10005	2024-01-05 10:06:08	1	0	1	0
         10005	2024-01-05 18:44:58	1	0	1	0
         10002	2024-01-05 18:45:10	1	0	1	0
         10003	2024-01-05 19:02:08	1	0	1	0
         10001	2024-01-05 19:12:16	1	0	1	0
         10003	2024-01-06 08:22:30	1	0	1	0
         10002	2024-01-06 09:17:06	1	0	1	0
         10001	2024-01-06 09:31:46	1	0	1	0
         10006	2024-01-06 10:09:12	1	0	1	0
         10003	2024-01-06 19:49:52	1	0	1	0
         10002	2024-01-06 19:52:49	1	0	1	0
         10006	2024-01-06 19:55:30	1	0	1	0
         10001	2024-01-06 20:00:21	1	0	1	0
         10001	2024-01-07 09:59:13	1	0	1	0
         10003	2024-01-08 10:04:51	1	0	1	0
         10005	2024-01-08 10:05:12	1	0	1	0
         10001	2024-01-08 10:07:52	1	0	1	0
         10002	2024-01-08 10:11:53	1	0	1	0
         10003	2024-01-08 19:05:24	1	0	1	0
         10005	2024-01-08 19:06:09	1	0	1	0
         10002	2024-01-08 19:06:59	1	0	1	0
         10003	2024-01-09 08:36:00	1	0	1	0
         10002	2024-01-09 09:19:07	1	0	1	0
         10001	2024-01-09 09:37:00	1	0	1	0
         10005	2024-01-09 10:02:02	1	0	1	0
         10002	2024-01-09 18:50:45	1	0	1	0
         10003	2024-01-09 18:50:53	1	0	1	0
         10001	2024-01-09 18:50:57	1	0	1	0
         10005	2024-01-09 18:51:11	1	0	1	0
         10003	2024-01-10 08:06:05	1	0	1	0
         10003	2024-01-10 08:42:23	1	0	1	0
         10002	2024-01-10 09:27:01	1	0	1	0
         10001	2024-01-10 09:42:10	1	0	1	0
         10005	2024-01-10 10:11:16	1	0	1	0
         10003	2024-01-10 18:49:50	1	0	1	0
         10002	2024-01-10 18:52:10	1	0	1	0
         10005	2024-01-10 18:54:04	1	0	1	0
         10003	2024-01-11 08:37:47	1	0	1	0
         10002	2024-01-11 09:17:12	1	0	1	0
         10005	2024-01-11 10:08:24	1	0	1	0
         10006	2024-01-11 10:20:02	1	0	1	0
         10002	2024-01-11 18:34:16	1	0	1	0
         10003	2024-01-11 18:38:19	1	0	1	0
         10005	2024-01-11 18:39:43	1	0	1	0
         10006	2024-01-11 18:44:40	1	0	1	0
         10003	2024-01-12 08:11:00	1	0	1	0
         10002	2024-01-12 09:21:20	1	0	1	0
         10001	2024-01-12 09:38:33	1	0	1	0
         10005	2024-01-12 10:03:35	1	0	1	0
         10005	2024-01-12 18:47:34	1	0	1	0
         10003	2024-01-12 18:54:58	1	0	1	0
         10001	2024-01-12 19:01:46	1	0	1	0
         10003	2024-01-13 08:14:04	1	0	1	0
         10001	2024-01-13 09:33:00	1	0	1	0
         10006	2024-01-13 10:14:41	1	0	1	0
         10003	2024-01-13 19:14:47	1	0	1	0
         10006	2024-01-13 19:15:21	1	0	1	0
         10002	2024-01-13 19:23:18	1	0	1	0
         10005	2024-01-15 09:58:22	1	0	1	0
         10005	2024-01-15 09:58:24	1	0	1	0
         10002	2024-01-15 10:01:13	1	0	1	0
         10003	2024-01-15 10:01:43	1	0	1	0
         10003	2024-01-15 18:30:48	1	0	1	0
         10002	2024-01-15 18:54:53	1	0	1	0
         10005	2024-01-15 18:57:30	1	0	1	0
         10002	2024-01-16 09:13:50	1	0	1	0
         10002	2024-01-16 09:13:51	1	0	1	0
         10001	2024-01-16 09:43:18	1	0	1	0
         10005	2024-01-16 10:03:29	1	0	1	0
         10005	2024-01-16 18:53:56	1	0	1	0
         10002	2024-01-16 18:57:03	1	0	1	0
         10001	2024-01-16 19:00:11	1	0	1	0
         10003	2024-01-17 08:38:31	1	0	1	0
         10002	2024-01-17 09:10:41	1	0	1	0
         10001	2024-01-17 09:38:04	1	0	1	0
         10005	2024-01-17 10:21:40	1	0	1	0
         10002	2024-01-17 18:58:25	1	0	1	0
         10005	2024-01-17 18:58:44	1	0	1	0
         10003	2024-01-17 19:00:16	1	0	1	0
         10003	2024-01-18 08:54:22	1	0	1	0
         10002	2024-01-18 09:10:36	1	0	1	0
         10006	2024-01-18 10:06:42	1	0	1	0
         10005	2024-01-18 10:07:40	1	0	1	0
         10005	2024-01-18 18:58:41	1	0	1	0
         10002	2024-01-18 19:00:18	1	0	1	0
         10003	2024-01-18 19:07:51	1	0	1	0
         10003	2024-01-19 08:04:21	1	0	1	0
         10002	2024-01-19 09:12:55	1	0	1	0
         10001	2024-01-19 09:36:58	1	0	1	0
         10005	2024-01-19 09:51:40	1	0	1	0
         10005	2024-01-19 18:50:30	1	0	1	0
         10002	2024-01-19 18:51:56	1	0	1	0
         10003	2024-01-19 18:53:40	1	0	1	0
         10001	2024-01-19 19:15:24	1	0	1	0
         10003	2024-01-20 09:22:06	1	0	1	0
         10001	2024-01-20 09:26:11	1	0	1	0
         10006	2024-01-20 10:11:23	1	0	1	0
         10003	2024-01-20 19:38:26	1	0	1	0
         10003	2024-01-22 10:02:08	1	0	1	0
         10005	2024-01-22 10:02:34	1	0	1	0
         10001	2024-01-22 10:04:21	1	0	1	0
         10002	2024-01-22 10:08:12	1	0	1	0
         10001	2024-01-22 12:05:38	1	0	1	0
         10001	2024-01-22 12:05:41	1	0	15	0
         10001	2024-01-22 12:06:25	1	0	15	0
         10001	2024-01-22 12:10:58	1	0	15	0
         10003	2024-01-22 19:02:27	1	0	1	0
         10002	2024-01-22 19:04:43	1	0	1	0
         10001	2024-01-22 19:08:53	1	0	1	0
         10005	2024-01-22 19:09:39	1	0	1	0
         10003	2024-01-23 08:27:20	1	0	1	0
         10002	2024-01-23 09:13:59	1	0	1	0
         10001	2024-01-23 09:25:31	1	0	1	0
         10005	2024-01-23 09:58:38	1	0	1	0
         10003	2024-01-23 18:54:52	1	0	1	0
         10002	2024-01-23 18:55:43	1	0	1	0
         10005	2024-01-23 18:55:56	1	0	1	0
         10003	2024-01-24 08:05:53	1	0	1	0
         10001	2024-01-24 09:12:23	1	0	1	0
         10002	2024-01-24 09:25:02	1	0	1	0
         10005	2024-01-24 10:08:11	1	0	1	0
         10001	2024-01-24 10:57:56	1	0	15	0
         10002	2024-01-24 18:55:31	1	0	1	0
         10003	2024-01-24 18:59:10	1	0	1	0
         10005	2024-01-24 19:00:12	1	0	1	0
         10003	2024-01-25 08:08:04	1	0	1	0
         10002	2024-01-25 09:19:31	1	0	1	0
         10005	2024-01-25 10:03:10	1	0	1	0
         10006	2024-01-25 10:20:51	1	0	1	0
         10003	2024-01-25 18:41:30	1	0	1	0
         10005	2024-01-25 18:46:25	1	0	1	0
         10002	2024-01-25 18:49:12	1	0	1	0
         10003	2024-01-26 08:01:24	1	0	1	0
         10002	2024-01-26 09:18:13	1	0	1	0
         10001	2024-01-26 09:43:17	1	0	1	0
         10005	2024-01-26 10:00:24	1	0	1	0
         10005	2024-01-26 10:00:28	1	0	1	0
         10002	2024-01-26 18:53:19	1	0	1	0
         10003	2024-01-26 18:58:35	1	0	1	0
         10005	2024-01-26 19:08:03	1	0	1	0
         10002	2024-01-27 09:11:28	1	0	1	0
         10003	2024-01-27 09:17:22	1	0	1	0
         10001	2024-01-27 09:24:46	1	0	1	0
         10006	2024-01-27 10:03:41	1	0	1	0
         10003	2024-01-27 19:43:40	1	0	1	0
         10006	2024-01-27 19:45:11	1	0	1	0
         10002	2024-01-27 19:59:05	1	0	1	0
         10001	2024-01-27 20:18:22	1	0	1	0
         10001	2024-01-28 10:04:48	1	0	15	0
         10003	2024-01-29 10:04:34	1	0	1	0
         10002	2024-01-29 10:04:40	1	0	1	0
         10005	2024-01-29 10:04:55	1	0	1	0
         10001	2024-01-29 10:07:04	1	0	1	0
         10003	2024-01-29 19:23:40	1	0	1	0
         10002	2024-01-29 19:25:11	1	0	1	0
         10001	2024-01-29 19:36:00	1	0	1	0
         10005	2024-01-29 19:36:06	1	0	1	0
         10003	2024-01-30 08:45:04	1	0	1	0
         10002	2024-01-30 09:10:46	1	0	1	0
         10001	2024-01-30 09:24:24	1	0	1	0
         10005	2024-01-30 10:08:27	1	0	1	0
         10003	2024-01-30 19:05:55	1	0	1	0
         10005	2024-01-30 19:56:31	1	0	1	0
         10002	2024-01-30 19:56:40	1	0	1	0
         10001	2024-01-30 19:58:43	1	0	1	0
         10003	2024-01-31 08:05:54	1	0	1	0
         10002	2024-01-31 09:15:47	1	0	1	0
         10001	2024-01-31 09:42:38	1	0	1	0
         10005	2024-01-31 10:15:20	1	0	1	0
         10005	2024-01-31 19:00:45	1	0	1	0
         10002	2024-01-31 19:01:10	1	0	1	0
         10003	2024-01-31 19:03:16	1	0	1	0
         10001	2024-01-31 19:05:07	1	0	1	0
         10003	2024-02-01 08:48:22	1	0	1	0
         10002	2024-02-01 09:17:45	1	0	1	0
         10005	2024-02-01 10:06:45	1	0	1	0
         10006	2024-02-01 10:18:07	1	0	1	0
         10006	2024-02-01 19:03:07	1	0	1	0
         10003	2024-02-01 19:04:26	1	0	1	0
         10002	2024-02-01 19:04:58	1	0	1	0
         10005	2024-02-01 19:07:08	1	0	1	0
         10003	2024-02-02 08:08:41	1	0	1	0
         10005	2024-02-02 08:35:34	1	0	1	0
         10001	2024-02-02 09:20:12	1	0	1	0
         10002	2024-02-02 09:23:30	1	0	1	0
         10002	2024-02-02 09:23:32	1	0	1	0
         10003	2024-02-02 18:44:55	1	0	1	0
         10005	2024-02-02 18:47:29	1	0	1	0
         10002	2024-02-02 18:48:51	1	0	1	0
         10001	2024-02-02 19:06:54	1	0	1	0
         10002	2024-02-03 09:22:40	1	0	1	0
         10001	2024-02-03 09:39:56	1	0	1	0
         10006	2024-02-03 10:18:38	1	0	1	0
         10003	2024-02-03 19:24:26	1	0	1	0
         10002	2024-02-03 19:28:34	1	0	1	0
         10002	2024-02-04 17:18:29	1	0	15	0
         10005	2024-02-05 09:54:02	1	0	1	0
         10001	2024-02-05 09:55:09	1	0	1	0
         10003	2024-02-05 09:56:24	1	0	1	0
         10002	2024-02-05 09:59:30	1	0	1	0
         10005	2024-02-05 19:01:17	1	0	1	0
         10003	2024-02-05 19:05:07	1	0	1	0
         10002	2024-02-05 19:08:38	1	0	1	0
         10001	2024-02-05 19:11:55	1	0	1	0
         10003	2024-02-06 08:29:01	1	0	1	0
         10002	2024-02-06 09:15:27	1	0	1	0
         10001	2024-02-06 09:39:59	1	0	1	0
         10005	2024-02-06 09:59:11	1	0	1	0
         10002	2024-02-06 18:40:12	1	0	1	0
         10003	2024-02-06 18:42:38	1	0	1	0
         10005	2024-02-06 18:50:08	1	0	1	0
         10001	2024-02-06 19:20:08	1	0	1	0
         10003	2024-02-07 07:55:48	1	0	1	0
         10002	2024-02-07 09:24:21	1	0	1	0
         10001	2024-02-07 09:40:50	1	0	1	0
         10005	2024-02-07 10:06:13	1	0	1	0
         10003	2024-02-07 19:01:44	1	0	1	0
         10005	2024-02-07 19:07:58	1	0	1	0
         10002	2024-02-07 19:08:12	1	0	1	0
         10003	2024-02-08 08:21:05	1	0	1	0
         10002	2024-02-08 09:03:54	1	0	1	0
         10005	2024-02-08 09:56:26	1	0	1	0
         10006	2024-02-08 10:08:22	1	0	1	0
         10005	2024-02-08 18:57:37	1	0	1	0
         10006	2024-02-08 19:00:44	1	0	1	0
         10002	2024-02-08 19:01:28	1	0	1	0
         10003	2024-02-08 19:02:52	1	0	1	0
         10002	2024-02-09 09:15:25	1	0	1	0
         10001	2024-02-09 09:33:12	1	0	1	0
         10005	2024-02-09 10:06:43	1	0	1	0
         10005	2024-02-09 18:41:30	1	0	1	0
         10001	2024-02-10 09:36:53	1	0	15	0
         10003	2024-02-10 09:38:24	1	0	1	0
         10006	2024-02-10 10:05:59	1	0	1	0
         10003	2024-02-10 19:33:37	1	0	1	0
         10006	2024-02-10 19:34:21	1	0	1	0
         10003	2024-02-12 10:01:42	1	0	1	0
         10005	2024-02-12 10:01:56	1	0	1	0
         10001	2024-02-12 10:03:12	1	0	15	0
         10002	2024-02-12 18:56:20	1	0	1	0
         10005	2024-02-12 18:56:56	1	0	1	0
         10003	2024-02-12 18:57:27	1	0	1	0
         10001	2024-02-12 19:00:14	1	0	1	0
         10003	2024-02-13 08:35:57	1	0	1	0
         10002	2024-02-13 09:15:31	1	0	1	0
         10001	2024-02-13 09:37:29	1	0	1	0
         10005	2024-02-13 09:57:12	1	0	1	0
         10002	2024-02-13 18:38:58	1	0	1	0
         10005	2024-02-13 18:41:33	1	0	1	0
         10003	2024-02-13 18:41:46	1	0	1	0
         10001	2024-02-13 19:17:06	1	0	1	0
         10003	2024-02-14 08:22:46	1	0	1	0
         10002	2024-02-14 09:13:15	1	0	1	0
         10001	2024-02-14 09:18:56	1	0	1	0
         10005	2024-02-14 10:02:46	1	0	1	0
         10003	2024-02-14 19:00:47	1	0	1	0
         10005	2024-02-14 19:03:29	1	0	1	0
         10002	2024-02-14 19:06:46	1	0	1	0
         10001	2024-02-14 19:16:41	1	0	1	0
         10003	2024-02-15 08:29:23	1	0	1	0
         10002	2024-02-15 09:06:00	1	0	1	0
         10005	2024-02-15 10:01:18	1	0	1	0
         10006	2024-02-15 10:07:27	1	0	1	0
         10003	2024-02-15 18:52:41	1	0	1	0
         10005	2024-02-15 18:55:08	1	0	1	0
         10006	2024-02-15 18:56:15	1	0	1	0
         10002	2024-02-15 18:57:54	1	0	1	0
         10003	2024-02-16 08:23:44	1	0	1	0
         10002	2024-02-16 09:16:32	1	0	1	0
         10001	2024-02-16 09:32:15	1	0	1	0
         10005	2024-02-16 09:55:31	1	0	1	0
         10005	2024-02-16 10:00:31	1	0	1	0
         10005	2024-02-16 19:00:46	1	0	1	0
         10002	2024-02-16 19:01:11	1	0	1	0
         10003	2024-02-16 19:02:20	1	0	1	0
         10001	2024-02-16 19:05:35	1	0	1	0
         10003	2024-02-17 08:17:56	1	0	1	0
         10002	2024-02-17 09:17:13	1	0	1	0
         10001	2024-02-17 09:40:43	1	0	1	0
         10006	2024-02-17 10:13:07	1	0	1	0
         10003	2024-02-17 19:43:08	1	0	1	0
         10002	2024-02-17 20:25:02	1	0	1	0
         10001	2024-02-17 20:25:10	1	0	1	0
         10003	2024-02-19 10:01:45	1	0	1	0
         10001	2024-02-19 10:15:40	1	0	1	0
         10002	2024-02-19 10:35:51	1	0	1	0
         10003	2024-02-19 18:34:22	1	0	1	0
         10002	2024-02-19 18:35:34	1	0	1	0
         10005	2024-02-19 18:52:53	1	0	1	0
         10001	2024-02-19 18:56:46	1	0	1	0
         10003	2024-02-20 08:39:00	1	0	1	0
         10002	2024-02-20 09:07:21	1	0	1	0
         10001	2024-02-20 09:31:53	1	0	1	0
         10005	2024-02-20 09:58:17	1	0	1	0
         10002	2024-02-20 18:53:06	1	0	1	0
         10003	2024-02-20 18:58:17	1	0	1	0
         10005	2024-02-20 19:02:21	1	0	1	0
         10001	2024-02-20 19:03:51	1	0	1	0
         10003	2024-02-21 08:35:05	1	0	1	0
         10002	2024-02-21 09:07:21	1	0	1	0
         10001	2024-02-21 09:38:34	1	0	1	0
         10005	2024-02-21 09:59:41	1	0	1	0
         10002	2024-02-21 18:59:50	1	0	1	0
         10005	2024-02-21 19:05:31	1	0	1	0
         10003	2024-02-21 19:05:47	1	0	1	0
         10001	2024-02-21 19:08:21	1	0	1	0
         10001	2024-02-21 19:11:07	1	0	1	0
         10003	2024-02-22 07:54:49	1	0	1	0
         10002	2024-02-22 09:11:03	1	0	1	0
         10005	2024-02-22 09:55:44	1	0	1	0
         10006	2024-02-22 10:12:19	1	0	1	0
         10006	2024-02-22 18:48:24	1	0	1	0
         10005	2024-02-22 18:48:34	1	0	1	0
         10002	2024-02-22 18:49:33	1	0	1	0
         10003	2024-02-22 18:57:55	1	0	1	0
         10003	2024-02-23 08:03:20	1	0	1	0
         10002	2024-02-23 09:11:54	1	0	1	0
         10001	2024-02-23 09:17:30	1	0	1	0
         10005	2024-02-23 09:55:08	1	0	1	0
         10003	2024-02-23 18:38:55	1	0	1	0
         10002	2024-02-23 18:39:03	1	0	1	0
         10005	2024-02-23 18:40:01	1	0	1	0
         10001	2024-02-23 19:01:46	1	0	1	0
         10002	2024-02-24 09:22:07	1	0	1	0
         10003	2024-02-24 09:23:40	1	0	1	0
         10001	2024-02-24 09:29:36	1	0	1	0
         10006	2024-02-24 10:16:13	1	0	1	0
         10002	2024-02-24 19:32:56	1	0	1	0
         10006	2024-02-24 19:33:35	1	0	1	0
         10003	2024-02-24 19:36:35	1	0	1	0
         10001	2024-02-24 20:24:45	1	0	1	0
         10002	2024-02-26 10:04:08	1	0	1	0
         10003	2024-02-26 10:04:14	1	0	1	0
         10005	2024-02-26 10:04:24	1	0	1	0
         10001	2024-02-26 10:06:53	1	0	1	0
         10003	2024-02-26 18:57:39	1	0	1	0
         10002	2024-02-26 19:04:47	1	0	1	0
         10005	2024-02-26 19:06:20	1	0	1	0
         10001	2024-02-26 19:06:37	1	0	1	0
         10003	2024-02-27 08:27:55	1	0	1	0
         10002	2024-02-27 09:11:46	1	0	1	0
         10001	2024-02-27 09:44:18	1	0	1	0
         10005	2024-02-27 10:02:38	1	0	1	0
         10003	2024-02-27 18:51:40	1	0	1	0
         10005	2024-02-27 18:53:54	1	0	1	0
         10002	2024-02-27 18:57:35	1	0	1	0
         10001	2024-02-27 19:12:31	1	0	1	0
         10003	2024-02-28 08:11:38	1	0	1	0
         10002	2024-02-28 09:15:54	1	0	1	0
         10001	2024-02-28 09:49:56	1	0	1	0
         10005	2024-02-28 10:06:02	1	0	1	0
         10002	2024-02-28 18:56:11	1	0	1	0
         10005	2024-02-28 18:59:33	1	0	1	0
         10003	2024-02-28 19:00:07	1	0	1	0
         10001	2024-02-28 19:23:43	1	0	1	0
         10003	2024-02-29 08:13:50	1	0	1	0
         10002	2024-02-29 09:19:50	1	0	1	0
         10005	2024-02-29 10:04:02	1	0	1	0
         10006	2024-02-29 10:18:34	1	0	1	0
         10005	2024-02-29 18:34:23	1	0	1	0
         10002	2024-02-29 18:35:57	1	0	1	0
         10003	2024-02-29 18:36:03	1	0	1	0
         10006	2024-02-29 18:36:20	1	0	1	0
         10003	2024-03-01 08:13:36	1	0	1	0
         10002	2024-03-01 09:14:34	1	0	1	0
         10001	2024-03-01 09:26:40	1	0	1	0
         10005	2024-03-01 10:01:06	1	0	1	0
         10002	2024-03-01 17:21:29	1	0	1	0
         10003	2024-03-01 18:40:45	1	0	1	0
         10005	2024-03-01 18:48:39	1	0	1	0
         10001	2024-03-01 19:07:03	1	0	1	0
         10002	2024-03-02 09:12:25	1	0	1	0
         10003	2024-03-02 09:17:31	1	0	1	0
         10001	2024-03-02 10:01:34	1	0	1	0
         10006	2024-03-02 10:06:03	1	0	1	0
         10003	2024-03-02 19:26:18	1	0	1	0
         10006	2024-03-02 19:28:01	1	0	1	0
         10002	2024-03-02 19:33:06	1	0	1	0
         10001	2024-03-02 19:41:08	1	0	1	0
         10003	2024-03-04 09:52:41	1	0	1	0
         10005	2024-03-04 09:53:21	1	0	1	0
         10001	2024-03-04 09:54:05	1	0	1	0
         10002	2024-03-04 10:03:30	1	0	1	0
         10003	2024-03-04 18:47:23	1	0	1	0
         10002	2024-03-04 18:49:48	1	0	1	0
         10001	2024-03-04 19:02:39	1	0	1	0
         10005	2024-03-04 19:03:34	1	0	1	0
         10003	2024-03-05 08:41:43	1	0	1	0
         10002	2024-03-05 09:06:48	1	0	1	0
         10001	2024-03-05 09:31:59	1	0	1	0
         10005	2024-03-05 10:03:14	1	0	1	0
         10003	2024-03-05 18:36:04	1	0	1	0
         10005	2024-03-05 18:37:14	1	0	1	0
         10002	2024-03-05 18:37:52	1	0	1	0
         10001	2024-03-05 18:57:28	1	0	15	0
         10003	2024-03-06 08:07:00	1	0	1	0
         10002	2024-03-06 09:06:07	1	0	1	0
         10001	2024-03-06 09:39:13	1	0	1	0
         10005	2024-03-06 10:06:44	1	0	1	0
         10002	2024-03-06 18:56:13	1	0	1	0
         10005	2024-03-06 18:57:08	1	0	1	0
         10003	2024-03-06 18:58:10	1	0	1	0
         10001	2024-03-06 18:58:44	1	0	1	0
         10003	2024-03-07 08:53:38	1	0	1	0
         10002	2024-03-07 09:15:27	1	0	1	0
         10005	2024-03-07 10:01:27	1	0	1	0
         10006	2024-03-07 10:09:57	1	0	1	0
         10002	2024-03-07 19:00:53	1	0	1	0
         10003	2024-03-07 19:00:57	1	0	1	0
         10005	2024-03-07 19:01:18	1	0	1	0
         10003	2024-03-08 08:08:45	1	0	1	0
         10002	2024-03-08 09:21:27	1	0	1	0
         10001	2024-03-08 09:36:57	1	0	1	0
         10005	2024-03-08 10:05:41	1	0	1	0
         10003	2024-03-08 19:00:34	1	0	1	0
         10005	2024-03-08 19:00:50	1	0	1	0
         10002	2024-03-08 19:02:16	1	0	1	0
         10001	2024-03-08 19:17:57	1	0	1	0
         10002	2024-03-09 09:18:16	1	0	1	0
         10001	2024-03-09 09:38:06	1	0	15	0
         10002	2024-03-09 19:21:14	1	0	1	0
         10006	2024-03-09 19:21:21	1	0	1	0
         10001	2024-03-09 19:36:27	1	0	15	0
         10003	2024-03-11 09:57:37	1	0	1	0
         10005	2024-03-11 09:57:55	1	0	1	0
         10001	2024-03-11 10:01:33	1	0	1	0
         10002	2024-03-11 10:03:33	1	0	1	0
         10003	2024-03-11 18:54:08	1	0	1	0
         10002	2024-03-11 18:56:13	1	0	1	0
         10005	2024-03-11 19:07:22	1	0	1	0
         10001	2024-03-11 19:12:21	1	0	1	0
         10003	2024-03-12 08:39:49	1	0	1	0
         10002	2024-03-12 09:12:38	1	0	1	0
         10001	2024-03-12 09:29:14	1	0	15	0
         10005	2024-03-12 09:56:10	1	0	1	0
         10002	2024-03-12 15:01:16	1	0	1	0
         10003	2024-03-12 18:32:01	1	0	1	0
         10005	2024-03-12 18:36:49	1	0	1	0
         10001	2024-03-12 18:39:44	1	0	15	0
         10003	2024-03-13 08:39:34	1	0	1	0
         10002	2024-03-13 09:16:05	1	0	1	0
         10001	2024-03-13 09:46:12	1	0	1	0
         10005	2024-03-13 10:07:13	1	0	1	0
         10003	2024-03-13 18:57:47	1	0	1	0
         10002	2024-03-13 19:01:37	1	0	1	0
         10005	2024-03-13 19:02:18	1	0	1	0
         10001	2024-03-13 19:08:37	1	0	15	0
         10003	2024-03-14 08:49:57	1	0	1	0
         10002	2024-03-14 09:30:22	1	0	1	0
         10005	2024-03-14 10:02:52	1	0	1	0
         10006	2024-03-14 10:03:16	1	0	1	0
         10006	2024-03-14 18:52:37	1	0	1	0
         10005	2024-03-14 18:56:05	1	0	1	0
         10003	2024-03-14 18:57:12	1	0	1	0
         10002	2024-03-14 18:57:46	1	0	1	0
         10003	2024-03-15 08:56:41	1	0	1	0
         10002	2024-03-15 09:19:36	1	0	1	0
         10005	2024-03-15 10:05:03	1	0	1	0
         10003	2024-03-15 18:56:27	1	0	1	0
         10002	2024-03-15 19:00:42	1	0	1	0
         10005	2024-03-15 19:01:38	1	0	1	0
         10001	2024-03-15 19:09:06	1	0	1	0
         10003	2024-03-16 08:28:09	1	0	1	0
         10001	2024-03-16 09:38:06	1	0	1	0
         10006	2024-03-16 09:58:13	1	0	1	0
         10003	2024-03-16 19:00:26	1	0	1	0
         10003	2024-03-16 19:01:02	1	0	1	0
         10002	2024-03-16 19:32:13	1	0	1	0
         10001	2024-03-16 19:32:54	1	0	15	0
         10003	2024-03-18 09:52:16	1	0	1	0
         10002	2024-03-18 09:52:59	1	0	1	0
         10005	2024-03-18 09:53:18	1	0	1	0
         10001	2024-03-18 09:53:25	1	0	15	0
         10002	2024-03-18 18:57:49	1	0	1	0
         10005	2024-03-18 19:10:53	1	0	1	0
         10001	2024-03-18 19:10:58	1	0	1	0
         10001	2024-03-18 19:11:00	1	0	1	0
         10002	2024-03-19 09:05:54	1	0	1	0
         10003	2024-03-19 09:28:29	1	0	1	0
         10005	2024-03-19 10:00:59	1	0	1	0
         10001	2024-03-19 10:03:43	1	0	15	0
         10003	2024-03-19 18:36:06	1	0	1	0
         10005	2024-03-19 18:37:34	1	0	1	0
         10001	2024-03-19 18:40:45	1	0	15	0
         10003	2024-03-20 08:56:09	1	0	1	0
         10003	2024-03-20 09:07:19	1	0	1	0
         10002	2024-03-20 09:26:57	1	0	1	0
         10001	2024-03-20 09:38:12	1	0	15	0
         10001	2024-03-20 09:38:14	1	0	1	0
         10005	2024-03-20 10:17:43	1	0	1	0
         10005	2024-03-20 18:56:32	1	0	1	0
         10002	2024-03-20 18:56:56	1	0	1	0
         10003	2024-03-20 18:57:53	1	0	1	0
         10001	2024-03-20 19:01:37	1	0	15	0
         10003	2024-03-21 09:05:18	1	0	1	0
         10002	2024-03-21 09:20:33	1	0	1	0
         10006	2024-03-21 10:00:44	1	0	1	0
         10005	2024-03-21 10:06:36	1	0	1	0
         10002	2024-03-21 18:38:52	1	0	1	0
         10005	2024-03-21 18:49:10	1	0	1	0
         10003	2024-03-21 18:51:35	1	0	1	0
         10003	2024-03-22 08:33:50	1	0	1	0
         10002	2024-03-22 09:23:33	1	0	1	0
         10001	2024-03-22 09:55:54	1	0	1	0
         10005	2024-03-22 09:56:19	1	0	1	0
         10003	2024-03-22 18:57:37	1	0	1	0
         10005	2024-03-22 19:00:49	1	0	1	0
         10002	2024-03-22 19:01:27	1	0	1	0
         10001	2024-03-22 19:07:52	1	0	1	0
         10003	2024-03-23 08:52:09	1	0	1	0
         10002	2024-03-23 09:24:44	1	0	1	0
         10001	2024-03-23 09:31:40	1	0	15	0
         10006	2024-03-23 10:00:44	1	0	1	0
         10006	2024-03-23 10:00:46	1	0	1	0
         10003	2024-03-23 19:21:33	1	0	1	0
         10002	2024-03-23 19:24:03	1	0	1	0
         10001	2024-03-23 19:38:20	1	0	1	0
         10003	2024-03-25 09:54:57	1	0	1	0
         10005	2024-03-25 09:55:07	1	0	1	0
         10001	2024-03-25 09:56:15	1	0	1	0
         10003	2024-03-25 19:08:09	1	0	1	0
         10005	2024-03-25 19:12:43	1	0	1	0
         10001	2024-03-25 19:31:37	1	0	1	0
         10003	2024-03-26 08:41:35	1	0	1	0
         10001	2024-03-26 09:38:45	1	0	15	0
         10005	2024-03-26 09:58:44	1	0	1	0
         10003	2024-03-26 18:43:06	1	0	1	0
         10005	2024-03-26 18:48:07	1	0	1	0
         10001	2024-03-26 19:27:25	1	0	1	0
         10003	2024-03-27 08:25:48	1	0	1	0
         10002	2024-03-27 09:24:47	1	0	1	0
         10001	2024-03-27 09:44:35	1	0	1	0
         10005	2024-03-27 10:12:43	1	0	1	0
         10005	2024-03-27 18:50:27	1	0	1	0
         10003	2024-03-27 19:03:07	1	0	1	0
         10002	2024-03-27 19:04:23	1	0	1	0
         10001	2024-03-27 20:59:42	1	0	1	0
         10003	2024-03-28 09:05:06	1	0	1	0
         10002	2024-03-28 09:22:55	1	0	1	0
         10002	2024-03-28 09:22:57	1	0	1	0
         10006	2024-03-28 09:50:32	1	0	1	0
         10005	2024-03-28 10:12:54	1	0	1	0
         10002	2024-03-28 18:45:20	1	0	1	0
         10006	2024-03-28 18:47:36	1	0	1	0
         10003	2024-03-28 18:47:59	1	0	1	0
         10005	2024-03-28 18:50:58	1	0	1	0
         10003	2024-03-29 08:35:29	1	0	1	0
         10002	2024-03-29 09:21:30	1	0	1	0
         10005	2024-03-29 10:07:21	1	0	1	0
         10002	2024-03-29 19:06:47	1	0	1	0
         10005	2024-03-29 19:11:52	1	0	1	0
         10003	2024-03-29 19:23:15	1	0	1	0
         10003	2024-03-30 08:44:59	1	0	1	0
         10002	2024-03-30 08:59:41	1	0	1	0
         10003	2024-03-30 19:40:25	1	0	1	0
         10006	2024-04-01 10:21:07	1	0	1	0
         10003	2024-04-01 18:56:47	1	0	1	0
         10006	2024-04-01 18:56:57	1	0	1	0
         10003	2024-04-02 09:42:47	1	0	1	0
         10006	2024-04-02 10:09:54	1	0	1	0
         10003	2024-04-02 18:15:59	1	0	1	0
         10003	2024-04-02 18:17:46	1	0	1	0
         10003	2024-04-03 09:36:19	1	0	1	0
         10006	2024-04-03 10:07:25	1	0	1	0
         10003	2024-04-03 18:10:58	1	0	1	0
         10003	2024-04-03 18:16:44	1	0	1	0
         10003	2024-04-04 08:57:50	1	0	1	0
         10006	2024-04-04 10:14:27	1	0	1	0
         10003	2024-04-04 18:15:09	1	0	1	0
         10006	2024-04-04 18:15:33	1	0	1	0
         10003	2024-04-05 08:34:09	1	0	1	0
         10006	2024-04-05 10:17:05	1	0	1	0
         10006	2024-04-05 19:01:27	1	0	1	0
         10003	2024-04-05 19:11:30	1	0	1	0
         10003	2024-04-06 08:34:50	1	0	1	0
         10006	2024-04-06 10:08:56	1	0	1	0
         10003	2024-04-06 19:26:50	1	0	1	0
         10006	2024-04-06 19:29:18	1	0	1	0
         10003	2024-04-08 08:54:34	1	0	1	0
         10006	2024-04-08 18:58:59	1	0	1	0
         10003	2024-04-08 19:06:55	1	0	1	0
         10003	2024-04-09 09:23:17	1	0	1	0
         10006	2024-04-09 10:15:02	1	0	1	0
         10006	2024-04-09 10:15:03	1	0	1	0
         10006	2024-04-09 18:15:05	1	0	1	0
         10003	2024-04-09 18:31:44	1	0	1	0
         10003	2024-04-10 08:44:06	1	0	1	0
         10001	2024-04-10 09:56:10	1	0	1	0
         10006	2024-04-10 10:07:02	1	0	1	0
         10003	2024-04-10 18:11:41	1	0	1	0
         10006	2024-04-10 18:13:03	1	0	1	0
         10001	2024-04-10 18:58:16	1	0	1	0
         10003	2024-04-11 08:29:28	1	0	1	0
         10001	2024-04-11 09:38:24	1	0	1	0
         10006	2024-04-11 10:10:06	1	0	1	0
         10006	2024-04-11 19:05:54	1	0	1	0
         10003	2024-04-11 19:08:21	1	0	1	0
         10001	2024-04-11 19:18:51	1	0	1	0
         10003	2024-04-12 09:08:05	1	0	1	0
         10003	2024-04-12 09:30:18	1	0	1	0
         10001	2024-04-12 09:45:27	1	0	1	0
         10006	2024-04-12 10:13:54	1	0	1	0
         10006	2024-04-12 19:15:36	1	0	1	0
         10006	2024-04-12 19:15:38	1	0	1	0
         10003	2024-04-12 19:24:45	1	0	1	0
         10002	2024-04-16 08:54:32	1	0	1	0
         10005	2024-04-16 10:02:53	1	0	1	0
         10001	2024-04-16 10:05:56	1	0	1	0
         10002	2024-04-16 19:11:16	1	0	1	0
         10005	2024-04-16 19:14:14	1	0	1	0
         10001	2024-04-16 20:03:15	1	0	1	0
         10002	2024-04-17 09:05:12	1	0	1	0
         10001	2024-04-17 09:58:30	1	0	1	0
         10005	2024-04-17 10:00:04	1	0	1	0
         10002	2024-04-17 18:56:48	1	0	1	0
         10005	2024-04-17 18:58:54	1	0	1	0
         10002	2024-04-18 08:55:41	1	0	1	0
         10006	2024-04-18 09:59:53	1	0	1	0
         10005	2024-04-18 10:05:47	1	0	1	0
         10005	2024-04-18 19:02:57	1	0	1	0
         10005	2024-04-18 19:03:01	1	0	1	0
         10006	2024-04-18 19:03:08	1	0	1	0
         10002	2024-04-18 19:03:47	1	0	1	0
         10003	2024-04-19 08:30:31	1	0	1	0
         10002	2024-04-19 09:26:34	1	0	1	0
         10001	2024-04-19 09:44:04	1	0	1	0
         10005	2024-04-19 10:03:14	1	0	1	0
         10002	2024-04-19 18:56:30	1	0	1	0
         10003	2024-04-19 18:59:49	1	0	1	0
         10005	2024-04-19 19:03:33	1	0	1	0
         10001	2024-04-19 19:19:39	1	0	1	0
         10002	2024-04-20 09:24:36	1	0	1	0
         10003	2024-04-20 09:36:58	1	0	1	0
         10001	2024-04-20 09:46:21	1	0	1	0
         10006	2024-04-20 10:15:25	1	0	1	0
         10006	2024-04-20 10:24:54	1	0	1	0
         10006	2024-04-20 10:34:22	1	0	1	0
         10002	2024-04-20 19:05:25	1	0	1	0
         10003	2024-04-20 19:23:16	1	0	1	0
         10003	2024-04-22 09:41:07	1	0	1	0
         10005	2024-04-22 09:42:50	1	0	1	0
         10001	2024-04-22 09:45:18	1	0	1	0
         10002	2024-04-22 09:48:43	1	0	1	0
         10002	2024-04-22 18:59:05	1	0	1	0
         10005	2024-04-22 18:59:16	1	0	1	0
         10003	2024-04-22 19:00:53	1	0	1	0
         10001	2024-04-22 19:17:50	1	0	1	0
         10003	2024-04-23 07:59:45	1	0	1	0
         10002	2024-04-23 09:14:18	1	0	1	0
         10001	2024-04-23 09:44:32	1	0	1	0
         10005	2024-04-23 10:06:01	1	0	1	0
         10005	2024-04-23 18:34:46	1	0	1	0
         10002	2024-04-23 18:34:59	1	0	1	0
         10001	2024-04-23 18:35:05	1	0	1	0
         10003	2024-04-24 07:57:24	1	0	1	0
         10002	2024-04-24 09:20:19	1	0	1	0
         10001	2024-04-24 09:44:24	1	0	1	0
         10005	2024-04-24 10:07:09	1	0	1	0
         10003	2024-04-24 18:33:07	1	0	1	0
         10002	2024-04-24 18:58:24	1	0	1	0
         10005	2024-04-24 18:59:05	1	0	1	0
         10001	2024-04-24 19:12:40	1	0	1	0
         10003	2024-04-25 08:24:33	1	0	1	0
         10002	2024-04-25 09:26:34	1	0	1	0
         10006	2024-04-25 09:50:55	1	0	1	0
         10005	2024-04-25 10:05:26	1	0	1	0
         10003	2024-04-25 18:30:11	1	0	1	0
         10006	2024-04-25 18:41:07	1	0	1	0
         10005	2024-04-25 18:41:16	1	0	1	0
         10002	2024-04-25 18:42:51	1	0	1	0
         10003	2024-04-26 09:05:09	1	0	1	0
         10001	2024-04-26 09:58:40	1	0	1	0
         10005	2024-04-26 10:12:23	1	0	1	0
         10003	2024-04-26 19:11:39	1	0	1	0
         10005	2024-04-26 19:14:51	1	0	1	0
         10001	2024-04-26 19:15:12	1	0	1	0
         10003	2024-04-27 08:40:17	1	0	1	0
         10002	2024-04-27 09:28:33	1	0	1	0
         10001	2024-04-27 09:46:15	1	0	1	0
         10006	2024-04-27 10:54:36	1	0	1	0
         10003	2024-04-27 19:02:44	1	0	1	0
         10002	2024-04-27 19:16:46	1	0	1	0
         10006	2024-04-27 19:16:51	1	0	1	0
         10001	2024-04-27 19:40:19	1	0	1	0
         10003	2024-04-29 09:44:44	1	0	1	0
         10005	2024-04-29 09:45:16	1	0	1	0
         10001	2024-04-29 09:48:44	1	0	1	0
         10002	2024-04-29 09:55:05	1	0	1	0
         10003	2024-04-29 18:35:36	1	0	1	0
         10002	2024-04-29 18:35:44	1	0	1	0
         10005	2024-04-29 18:36:09	1	0	1	0
         10001	2024-04-29 18:53:04	1	0	1	0
         10002	2024-04-30 09:29:39	1	0	1	0
         10001	2024-04-30 09:51:49	1	0	1	0
         10005	2024-04-30 10:02:18	1	0	1	0
         10002	2024-04-30 18:43:33	1	0	1	0
         10005	2024-04-30 19:09:16	1	0	1	0
         10001	2024-04-30 19:12:57	1	0	1	0
         10001	2024-04-30 19:12:58	1	0	1	0
         10002	2024-05-01 09:12:45	1	0	1	0
         10001	2024-05-01 09:41:55	1	0	1	0
         10005	2024-05-01 10:15:35	1	0	1	0
         10005	2024-05-01 18:55:56	1	0	1	0
         10002	2024-05-01 18:56:54	1	0	1	0
         10003	2024-05-02 08:35:24	1	0	1	0
         10002	2024-05-02 09:29:28	1	0	1	0
         10006	2024-05-02 10:07:25	1	0	1	0
         10005	2024-05-02 10:13:16	1	0	1	0
         10003	2024-05-02 18:44:17	1	0	1	0
         10002	2024-05-02 18:46:30	1	0	1	0
         10006	2024-05-02 18:51:07	1	0	1	0
         10005	2024-05-02 18:58:23	1	0	1	0
         10003	2024-05-03 08:12:13	1	0	1	0
         10002	2024-05-03 09:25:26	1	0	1	0
         10001	2024-05-03 09:36:23	1	0	1	0
         10005	2024-05-03 10:03:07	1	0	1	0
         10002	2024-05-03 19:09:17	1	0	1	0
         10003	2024-05-03 19:14:56	1	0	1	0
         10005	2024-05-03 19:18:00	1	0	1	0
         10001	2024-05-03 19:26:18	1	0	1	0
         10003	2024-05-04 08:01:01	1	0	1	0
         10002	2024-05-04 09:16:10	1	0	1	0
         10001	2024-05-04 09:47:49	1	0	1	0
         10002	2024-05-04 19:09:53	1	0	1	0
         10003	2024-05-04 19:11:19	1	0	1	0
         10003	2024-05-06 08:34:54	1	0	1	0
         10002	2024-05-06 09:19:22	1	0	1	0
         10001	2024-05-06 09:48:13	1	0	1	0
         10005	2024-05-06 09:59:00	1	0	1	0
         10003	2024-05-06 19:05:51	1	0	1	0
         10002	2024-05-06 19:09:19	1	0	1	0
         10001	2024-05-06 19:11:54	1	0	15	0
         10003	2024-05-07 08:49:01	1	0	1	0
         10002	2024-05-07 09:25:05	1	0	1	0
         10005	2024-05-07 10:06:26	1	0	1	0
         10001	2024-05-07 10:06:32	1	0	1	0
         10001	2024-05-07 10:06:34	1	0	1	0
         10003	2024-05-07 18:30:40	1	0	1	0
         10005	2024-05-07 18:35:59	1	0	1	0
         10002	2024-05-07 18:36:22	1	0	1	0
         10001	2024-05-07 18:49:11	1	0	1	0
         10003	2024-05-08 08:50:41	1	0	1	0
         10002	2024-05-08 09:22:07	1	0	1	0
         10001	2024-05-08 09:53:41	1	0	1	0
         10005	2024-05-08 10:05:50	1	0	1	0
         10003	2024-05-08 18:37:20	1	0	1	0
         10005	2024-05-08 18:38:21	1	0	1	0
         10002	2024-05-08 18:39:24	1	0	1	0
         10001	2024-05-08 18:57:14	1	0	1	0
         10003	2024-05-09 09:13:07	1	0	1	0
         10002	2024-05-09 09:23:04	1	0	1	0
         10005	2024-05-09 10:09:55	1	0	1	0
         10006	2024-05-09 14:11:48	1	0	1	0
         10002	2024-05-09 18:50:18	1	0	1	0
         10003	2024-05-09 19:10:25	1	0	1	0
         10003	2024-05-10 09:22:44	1	0	1	0
         10002	2024-05-10 09:27:42	1	0	1	0
         10001	2024-05-10 09:56:39	1	0	1	0
         10005	2024-05-10 10:05:23	1	0	1	0
         10005	2024-05-10 19:10:57	1	0	1	0
         10005	2024-05-10 19:10:59	1	0	1	0
         10001	2024-05-10 19:16:21	1	0	1	0
         10003	2024-05-10 19:24:04	1	0	1	0
         10002	2024-05-10 19:25:00	1	0	1	0
         10003	2024-05-11 08:48:39	1	0	1	0
         10002	2024-05-11 09:25:41	1	0	1	0
         10001	2024-05-11 09:46:01	1	0	1	0
         10006	2024-05-11 10:03:24	1	0	1	0
         10003	2024-05-11 19:19:29	1	0	1	0
         10001	2024-05-11 19:31:00	1	0	1	0
         10002	2024-05-12 16:34:54	1	0	15	0
         10003	2024-05-13 09:43:40	1	0	1	0
         10001	2024-05-13 09:46:33	1	0	1	0
         10002	2024-05-13 09:52:14	1	0	1	0
         10005	2024-05-13 10:00:02	1	0	1	0
         10005	2024-05-13 18:48:38	1	0	1	0
         10002	2024-05-13 18:50:16	1	0	1	0
         10003	2024-05-13 19:03:44	1	0	1	0
         10003	2024-05-13 19:10:24	1	0	1	0
         10001	2024-05-13 19:20:53	1	0	1	0
         10003	2024-05-14 09:08:00	1	0	1	0
         10002	2024-05-14 09:30:10	1	0	1	0
         10001	2024-05-14 09:56:01	1	0	1	0
         10005	2024-05-14 10:05:55	1	0	1	0
         10002	2024-05-14 18:36:14	1	0	1	0
         10005	2024-05-14 18:37:50	1	0	1	0
         10001	2024-05-14 18:54:25	1	0	1	0
         10003	2024-05-14 19:07:14	1	0	1	0
         10003	2024-05-15 08:16:03	1	0	1	0
         10002	2024-05-15 09:22:27	1	0	1	0
         10001	2024-05-15 09:48:29	1	0	1	0
         10005	2024-05-15 10:04:04	1	0	1	0
         10002	2024-05-15 19:09:44	1	0	1	0
         10005	2024-05-15 19:11:36	1	0	1	0
         10003	2024-05-15 19:24:16	1	0	1	0
         10001	2024-05-15 19:26:53	1	0	1	0
         10003	2024-05-16 08:38:29	1	0	1	0
         10002	2024-05-16 09:24:00	1	0	1	0
         10005	2024-05-16 10:05:25	1	0	1	0
         10006	2024-05-16 10:18:37	1	0	1	0
         10005	2024-05-16 18:49:17	1	0	1	0
         10006	2024-05-16 18:52:25	1	0	1	0
         10002	2024-05-16 18:56:10	1	0	1	0
         10003	2024-05-16 19:01:21	1	0	1	0
         10003	2024-05-17 08:19:29	1	0	1	0
         10002	2024-05-17 09:16:44	1	0	1	0
         10001	2024-05-17 09:46:25	1	0	1	0
         10005	2024-05-17 10:09:34	1	0	1	0
         10005	2024-05-17 19:32:33	1	0	1	0
         10002	2024-05-17 19:37:28	1	0	1	0
         10003	2024-05-17 19:38:47	1	0	1	0
         10001	2024-05-17 19:51:28	1	0	1	0
         10003	2024-05-18 07:57:00	1	0	1	0
         10003	2024-05-18 08:04:30	1	0	1	0
         10002	2024-05-18 09:16:40	1	0	1	0
         10001	2024-05-18 09:43:29	1	0	1	0
         10006	2024-05-18 10:04:26	1	0	1	0
         10002	2024-05-18 19:10:29	1	0	1	0
         10006	2024-05-18 19:18:18	1	0	1	0
         10001	2024-05-18 19:40:52	1	0	1	0
         10003	2024-05-20 09:58:58	1	0	1	0
         10005	2024-05-20 09:59:21	1	0	1	0
         10001	2024-05-20 10:02:50	1	0	1	0
         10003	2024-05-20 10:04:27	1	0	1	0
         10002	2024-05-20 10:06:23	1	0	1	0
         10002	2024-05-20 19:08:50	1	0	1	0
         10005	2024-05-20 19:12:03	1	0	1	0
         10003	2024-05-20 19:16:29	1	0	1	0
         10001	2024-05-20 19:18:13	1	0	1	0
         10003	2024-05-21 08:33:00	1	0	1	0
         10001	2024-05-21 09:45:54	1	0	1	0
         10005	2024-05-21 10:00:37	1	0	1	0
         10001	2024-05-21 15:39:20	1	0	15	0
         10002	2024-05-21 18:59:51	1	0	1	0
         10005	2024-05-21 19:00:09	1	0	1	0
         10003	2024-05-21 19:09:38	1	0	1	0
         10001	2024-05-21 20:00:57	1	0	1	0
         10003	2024-05-22 09:13:16	1	0	1	0
         10002	2024-05-22 09:28:56	1	0	1	0
         10001	2024-05-22 09:45:47	1	0	1	0
         10005	2024-05-22 10:04:32	1	0	1	0
         10001	2024-05-22 10:04:42	1	0	15	0
         10001	2024-05-22 10:13:46	1	0	15	0
         10003	2024-05-22 19:12:36	1	0	1	0
         10005	2024-05-22 19:21:01	1	0	1	0
         10001	2024-05-22 19:23:31	1	0	1	0
         10003	2024-05-23 08:53:17	1	0	1	0
         10002	2024-05-23 09:19:54	1	0	1	0
         10006	2024-05-23 10:09:30	1	0	1	0
         10006	2024-05-23 10:09:32	1	0	1	0
         10005	2024-05-23 10:11:10	1	0	1	0
         10006	2024-05-23 18:44:13	1	0	1	0
         10002	2024-05-23 18:45:20	1	0	1	0
         10005	2024-05-23 18:45:51	1	0	1	0
         10003	2024-05-23 18:54:48	1	0	1	0
         10003	2024-05-24 08:34:26	1	0	1	0
         10003	2024-05-24 08:44:46	1	0	1	0
         10002	2024-05-24 09:30:28	1	0	1	0
         10001	2024-05-24 10:00:23	1	0	1	0
         10005	2024-05-24 10:07:35	1	0	1	0
         10005	2024-05-24 19:09:21	1	0	1	0
         10002	2024-05-24 19:12:43	1	0	1	0
         10003	2024-05-24 19:19:51	1	0	1	0
         10001	2024-05-24 19:21:04	1	0	1	0
         10003	2024-05-25 09:12:35	1	0	1	0
         10002	2024-05-25 09:28:25	1	0	1	0
         10001	2024-05-25 09:50:43	1	0	1	0
         10006	2024-05-25 10:13:26	1	0	1	0
         10002	2024-05-25 19:05:43	1	0	1	0
         10006	2024-05-25 19:12:12	1	0	1	0
         10001	2024-05-25 19:18:38	1	0	1	0
         10005	2024-05-27 09:48:31	1	0	1	0
         10003	2024-05-27 09:48:37	1	0	1	0
         10002	2024-05-27 09:50:30	1	0	1	0
         10001	2024-05-27 09:52:52	1	0	1	0
         10005	2024-05-27 18:52:30	1	0	1	0
         10002	2024-05-27 18:53:26	1	0	1	0
         10003	2024-05-27 19:04:21	1	0	1	0
         10001	2024-05-27 19:19:24	1	0	1	0
         10003	2024-05-28 08:47:53	1	0	1	0
         10002	2024-05-28 09:24:48	1	0	1	0
         10001	2024-05-28 09:55:37	1	0	1	0
         10005	2024-05-28 09:59:14	1	0	1	0
         10002	2024-05-28 18:55:56	1	0	1	0
         10005	2024-05-28 18:56:56	1	0	1	0
         10003	2024-05-28 19:01:45	1	0	1	0
         10003	2024-05-29 08:34:03	1	0	1	0
         10002	2024-05-29 09:24:10	1	0	1	0
         10001	2024-05-29 10:03:56	1	0	1	0
         10005	2024-05-29 10:07:32	1	0	1	0
         10002	2024-05-29 19:00:48	1	0	1	0
         10005	2024-05-29 19:06:36	1	0	1	0
         10003	2024-05-29 19:14:23	1	0	1	0
         10001	2024-05-29 19:17:26	1	0	1	0
         10002	2024-05-30 09:10:00	1	0	1	0
         10006	2024-05-30 10:04:24	1	0	1	0
         10005	2024-05-30 10:06:04	1	0	1	0
         10006	2024-05-30 18:50:15	1	0	1	0
         10002	2024-05-30 18:53:44	1	0	1	0
         10003	2024-05-31 08:19:56	1	0	1	0
         10002	2024-05-31 09:11:24	1	0	1	0
         10005	2024-05-31 09:56:53	1	0	1	0
         10001	2024-05-31 10:02:17	1	0	1	0
         10005	2024-05-31 13:23:37	1	0	1	0
         10003	2024-05-31 19:09:55	1	0	1	0
         10002	2024-05-31 19:14:38	1	0	1	0
         10001	2024-05-31 19:22:31	1	0	1	0
         10003	2024-06-01 09:26:51	1	0	1	0
         10001	2024-06-01 10:07:59	1	0	1	0
         10006	2024-06-01 10:17:28	1	0	1	0
         10001	2024-06-01 19:16:36	1	0	1	0
         10003	2024-06-01 19:16:54	1	0	1	0
         10005	2024-06-03 09:48:13	1	0	1	0
         10002	2024-06-03 09:50:35	1	0	1	0
         10002	2024-06-03 09:50:36	1	0	1	0
         10005	2024-06-03 18:59:59	1	0	1	0
         10002	2024-06-03 19:02:08	1	0	1	0
         10003	2024-06-03 19:04:18	1	0	1	0
         10003	2024-06-04 08:32:37	1	0	1	0
         10002	2024-06-04 09:25:00	1	0	1	0
         10001	2024-06-04 09:49:56	1	0	1	0
         10005	2024-06-04 09:52:39	1	0	1	0
         10002	2024-06-04 19:00:55	1	0	1	0
         10005	2024-06-04 19:06:42	1	0	1	0
         10003	2024-06-04 19:21:19	1	0	1	0
         10001	2024-06-04 19:31:00	1	0	1	0
         10003	2024-06-05 08:22:44	1	0	1	0
         10002	2024-06-05 09:22:43	1	0	1	0
         10001	2024-06-05 09:59:37	1	0	1	0
         10005	2024-06-05 10:04:32	1	0	1	0
         10002	2024-06-05 18:51:27	1	0	1	0
         10005	2024-06-05 19:03:03	1	0	1	0
         10003	2024-06-05 19:06:38	1	0	1	0
         10001	2024-06-05 19:11:02	1	0	1	0
         10003	2024-06-06 08:00:15	1	0	1	0
         10002	2024-06-06 09:28:18	1	0	1	0
         10006	2024-06-06 10:11:38	1	0	1	0
         10005	2024-06-06 10:12:52	1	0	1	0
         10005	2024-06-06 18:56:47	1	0	1	0
         10002	2024-06-06 18:57:26	1	0	1	0
         10006	2024-06-06 19:07:19	1	0	1	0
         10003	2024-06-06 19:08:08	1	0	1	0
         10003	2024-06-07 07:55:57	1	0	1	0
         10002	2024-06-07 09:21:14	1	0	1	0
         10001	2024-06-07 09:40:27	1	0	1	0
         10005	2024-06-07 10:04:50	1	0	1	0
         10003	2024-06-07 19:11:15	1	0	1	0
         10005	2024-06-07 19:13:17	1	0	1	0
         10002	2024-06-07 19:13:24	1	0	1	0
         10001	2024-06-07 19:35:03	1	0	1	0
         10003	2024-06-08 08:50:59	1	0	1	0
         10002	2024-06-08 09:19:52	1	0	1	0
         10001	2024-06-08 09:49:32	1	0	1	0
         10006	2024-06-08 10:18:36	1	0	1	0
         10006	2024-06-08 10:18:37	1	0	1	0
         10003	2024-06-08 19:15:01	1	0	1	0
         10001	2024-06-08 19:40:30	1	0	1	0
         10002	2024-06-08 19:40:36	1	0	1	0
         10006	2024-06-08 19:40:46	1	0	1	0
         10003	2024-06-10 09:37:33	1	0	1	0
         10005	2024-06-10 09:38:07	1	0	1	0
         10001	2024-06-10 09:39:52	1	0	1	0
         10002	2024-06-10 09:46:30	1	0	1	0
         10005	2024-06-10 18:55:54	1	0	1	0
         10002	2024-06-10 18:56:03	1	0	1	0
         10003	2024-06-10 19:11:33	1	0	1	0
         10001	2024-06-10 19:26:46	1	0	1	0
         10003	2024-06-11 08:05:05	1	0	1	0
         10002	2024-06-11 09:19:12	1	0	1	0
         10001	2024-06-11 09:45:50	1	0	1	0
         10005	2024-06-11 10:01:18	1	0	1	0
         10005	2024-06-11 18:45:51	1	0	1	0
         10003	2024-06-11 18:58:39	1	0	1	0
         10001	2024-06-11 18:58:45	1	0	1	0
         10003	2024-06-12 08:59:40	1	0	1	0
         10002	2024-06-12 09:09:49	1	0	1	0
         10001	2024-06-12 09:53:45	1	0	1	0
         10005	2024-06-12 09:58:06	1	0	1	0
         10002	2024-06-12 18:50:53	1	0	1	0
         10005	2024-06-12 18:51:00	1	0	1	0
         10003	2024-06-12 19:13:04	1	0	1	0
         10003	2024-06-13 08:41:26	1	0	1	0
         10002	2024-06-13 08:59:18	1	0	1	0
         10006	2024-06-13 10:07:27	1	0	1	0
         10005	2024-06-13 10:08:09	1	0	1	0
         10002	2024-06-13 19:05:17	1	0	15	0
         10002	2024-06-13 19:05:18	1	0	1	0
         10003	2024-06-13 19:24:30	1	0	1	0
         10003	2024-06-14 08:09:11	1	0	1	0
         10002	2024-06-14 09:13:01	1	0	1	0
         10005	2024-06-14 10:02:18	1	0	1	0
         10001	2024-06-14 10:07:09	1	0	1	0
         10003	2024-06-14 19:29:38	1	0	1	0
         10005	2024-06-14 20:29:11	1	0	1	0
         10005	2024-06-14 20:29:14	1	0	1	0
         10002	2024-06-14 20:29:40	1	0	1	0
         10002	2024-06-15 09:05:01	1	0	1	0
         10003	2024-06-15 09:13:10	1	0	1	0
         10001	2024-06-15 09:41:21	1	0	1	0
         10001	2024-06-15 09:41:25	1	0	1	0
         10006	2024-06-15 10:02:08	1	0	1	0
         10003	2024-06-15 19:30:11	1	0	1	0
         10006	2024-06-15 19:38:42	1	0	1	0
         10002	2024-06-15 19:56:43	1	0	1	0
         10001	2024-06-15 19:58:02	1	0	1	0
         10005	2024-06-17 09:32:04	1	0	1	0
         10003	2024-06-17 09:32:10	1	0	1	0
         10001	2024-06-17 09:36:11	1	0	15	0
         10002	2024-06-17 09:39:00	1	0	1	0
         10002	2024-06-17 18:55:22	1	0	1	0
         10005	2024-06-17 19:07:00	1	0	1	0
         10001	2024-06-17 19:11:09	1	0	1	0
         10003	2024-06-17 19:14:16	1	0	1	0
         10003	2024-06-18 09:00:15	1	0	1	0
         10003	2024-06-18 09:06:45	1	0	1	0
         10002	2024-06-18 09:13:12	1	0	1	0
         10005	2024-06-18 10:13:37	1	0	1	0
         10005	2024-06-18 18:36:27	1	0	1	0
         10002	2024-06-18 18:36:38	1	0	1	0
         10001	2024-06-18 18:42:14	1	0	1	0
         10003	2024-06-18 18:46:16	1	0	1	0
         10003	2024-06-19 08:32:28	1	0	1	0
         10002	2024-06-19 09:04:52	1	0	1	0
         10001	2024-06-19 09:50:36	1	0	1	0
         10005	2024-06-19 10:03:12	1	0	1	0
         10002	2024-06-19 19:01:59	1	0	1	0
         10005	2024-06-19 19:02:24	1	0	1	0
         10003	2024-06-19 19:23:07	1	0	1	0
         10003	2024-06-19 19:26:13	1	0	1	0
         10001	2024-06-19 19:26:52	1	0	1	0
         10003	2024-06-20 08:16:11	1	0	1	0
         10002	2024-06-20 09:02:38	1	0	1	0
         10005	2024-06-20 10:02:52	1	0	1	0
         10006	2024-06-20 15:49:50	1	0	1	0
         10005	2024-06-20 19:02:01	1	0	1	0
         10002	2024-06-20 19:03:11	1	0	1	0
         10003	2024-06-20 19:13:00	1	0	1	0
         10003	2024-06-21 08:33:52	1	0	1	0
         10002	2024-06-21 09:14:04	1	0	1	0
         10005	2024-06-21 09:59:41	1	0	1	0
         10001	2024-06-21 10:01:43	1	0	1	0
         10003	2024-06-21 19:00:52	1	0	1	0
         10005	2024-06-21 19:07:07	1	0	1	0
         10001	2024-06-21 19:09:47	1	0	1	0
         10002	2024-06-21 19:10:35	1	0	1	0
         10001	2024-06-21 19:11:13	1	0	1	0
         10002	2024-06-22 09:14:41	1	0	1	0
         10003	2024-06-22 09:20:12	1	0	1	0
         10001	2024-06-22 09:54:42	1	0	1	0
         10006	2024-06-22 10:15:47	1	0	1	0
         10003	2024-06-22 19:12:47	1	0	1	0
         10002	2024-06-22 19:14:21	1	0	1	0
         10006	2024-06-22 19:14:30	1	0	1	0
         10001	2024-06-22 19:19:11	1	0	1	0
         10001	2024-06-24 09:35:49	1	0	1	0
         10005	2024-06-24 09:35:56	1	0	1	0
         10003	2024-06-24 09:40:28	1	0	1	0
         10002	2024-06-24 09:44:06	1	0	1	0
         10005	2024-06-24 18:52:34	1	0	1	0
         10002	2024-06-24 18:56:06	1	0	1	0
         10001	2024-06-24 18:57:52	1	0	1	0
         10003	2024-06-24 19:03:33	1	0	1	0
         10003	2024-06-25 08:34:44	1	0	1	0
         10002	2024-06-25 09:09:08	1	0	1	0
         10005	2024-06-25 09:51:00	1	0	1	0
         10001	2024-06-25 09:53:30	1	0	1	0
         10003	2024-06-25 18:48:33	1	0	1	0
         10005	2024-06-25 18:52:16	1	0	1	0
         10002	2024-06-25 18:54:56	1	0	1	0
         10001	2024-06-25 19:05:58	1	0	1	0
         10003	2024-06-26 08:28:33	1	0	1	0
         10002	2024-06-26 09:24:44	1	0	1	0
         10001	2024-06-26 09:49:39	1	0	1	0
         10005	2024-06-26 10:00:50	1	0	1	0
         10002	2024-06-26 18:52:39	1	0	1	0
         10005	2024-06-26 18:55:23	1	0	1	0
         10003	2024-06-26 19:00:27	1	0	1	0
         10001	2024-06-26 19:10:09	1	0	1	0
         10003	2024-06-27 08:18:06	1	0	1	0
         10002	2024-06-27 09:12:08	1	0	1	0
         10005	2024-06-27 10:06:06	1	0	1	0
         10006	2024-06-27 10:10:18	1	0	1	0
         10003	2024-06-27 18:59:59	1	0	1	0
         10002	2024-06-27 19:06:44	1	0	1	0
         10003	2024-06-28 08:41:00	1	0	1	0
         10002	2024-06-28 09:11:11	1	0	1	0
         10001	2024-06-28 09:57:44	1	0	1	0
         10005	2024-06-28 10:03:20	1	0	1	0
         10003	2024-06-28 19:02:17	1	0	1	0
         10003	2024-06-28 19:03:08	1	0	1	0
         10005	2024-06-28 19:04:51	1	0	1	0
         10002	2024-06-28 19:09:08	1	0	1	0
         10001	2024-06-28 19:11:21	1	0	1	0
         10003	2024-06-29 08:32:54	1	0	1	0
         10002	2024-06-29 09:17:51	1	0	1	0
         10001	2024-06-29 09:58:23	1	0	1	0
         10006	2024-06-29 10:12:02	1	0	1	0
         10006	2024-06-29 19:14:04	1	0	1	0
         10003	2024-06-29 19:16:59	1	0	1	0
         10001	2024-06-29 19:17:22	1	0	1	0
         10002	2024-06-29 19:20:56	1	0	1	0
         10002	2024-07-01 08:22:03	1	0	1	0
         10003	2024-07-01 08:45:58	1	0	1	0
         10001	2024-07-01 09:06:57	1	0	1	0
         10005	2024-07-01 09:32:33	1	0	1	0
         10003	2024-07-01 19:08:54	1	0	1	0
         10002	2024-07-01 19:11:12	1	0	1	0
         10003	2024-07-01 19:11:30	1	0	1	0
         10005	2024-07-01 19:13:55	1	0	1	0
         10002	2024-07-01 19:15:38	1	0	1	0
         10001	2024-07-01 19:16:59	1	0	1	0
         10003	2024-07-02 08:30:55	1	0	1	0
         10002	2024-07-02 09:16:55	1	0	1	0
         10005	2024-07-02 10:05:40	1	0	1	0
         10001	2024-07-02 10:08:53	1	0	1	0
         10002	2024-07-02 18:48:23	1	0	1	0
         10005	2024-07-02 19:14:20	1	0	1	0
         10003	2024-07-02 19:16:23	1	0	1	0
         10001	2024-07-02 19:18:19	1	0	1	0
         10003	2024-07-03 08:10:32	1	0	1	0
         10002	2024-07-03 09:13:59	1	0	1	0
         10001	2024-07-03 09:41:53	1	0	1	0
         10005	2024-07-03 09:57:39	1	0	1	0
         10002	2024-07-03 19:04:40	1	0	1	0
         10005	2024-07-03 19:11:15	1	0	1	0
         10003	2024-07-03 19:28:17	1	0	1	0
         10001	2024-07-03 19:46:34	1	0	1	0
         10003	2024-07-04 08:26:15	1	0	1	0
         10002	2024-07-04 09:23:47	1	0	1	0
         10005	2024-07-04 10:08:08	1	0	1	0
         10006	2024-07-04 10:12:01	1	0	1	0
         10003	2024-07-04 18:50:36	1	0	1	0
         10006	2024-07-04 18:56:13	1	0	1	0
         10005	2024-07-04 18:58:36	1	0	1	0
         10002	2024-07-04 18:59:44	1	0	1	0
         10003	2024-07-05 08:15:00	1	0	1	0
         10002	2024-07-05 09:21:06	1	0	1	0
         10001	2024-07-05 09:54:37	1	0	1	0
         10005	2024-07-05 10:04:46	1	0	1	0
         10002	2024-07-05 18:54:56	1	0	1	0
         10005	2024-07-05 18:58:48	1	0	1	0
         10003	2024-07-05 19:04:17	1	0	1	0
         10003	2024-07-05 19:04:19	1	0	1	0
         10001	2024-07-05 19:16:15	1	0	1	0
         10002	2024-07-06 08:54:42	1	0	1	0
         10003	2024-07-06 09:18:12	1	0	1	0
         10006	2024-07-06 10:04:08	1	0	1	0
         10001	2024-07-06 10:06:23	1	0	1	0
         10002	2024-07-06 19:01:39	1	0	1	0
         10006	2024-07-06 19:03:25	1	0	1	0
         10001	2024-07-06 19:03:48	1	0	1	0
         10003	2024-07-06 19:05:02	1	0	1	0
         10003	2024-07-06 19:05:03	1	0	1	0
         10002	2024-07-08 07:54:42	1	0	1	0
         10005	2024-07-08 09:16:17	1	0	1	0
         10001	2024-07-08 09:39:59	1	0	1	0
         10005	2024-07-08 18:53:39	1	0	1	0
         10002	2024-07-08 18:54:33	1	0	1	0
         10001	2024-07-08 19:01:59	1	0	1	0
         10003	2024-07-09 08:42:04	1	0	1	0
         10002	2024-07-09 09:12:19	1	0	1	0
         10001	2024-07-09 09:52:36	1	0	1	0
         10005	2024-07-09 09:54:15	1	0	1	0
         10002	2024-07-09 18:54:00	1	0	1	0
         10002	2024-07-09 18:54:02	1	0	1	0
         10005	2024-07-09 18:54:51	1	0	1	0
         10003	2024-07-09 19:05:43	1	0	1	0
         10002	2024-07-10 09:17:58	1	0	1	0
         10003	2024-07-10 09:34:28	1	0	1	0
         10001	2024-07-10 09:40:44	1	0	1	0
         10005	2024-07-10 10:03:01	1	0	1	0
         10001	2024-07-10 19:04:58	1	0	1	0
         10005	2024-07-10 19:06:44	1	0	1	0
         10003	2024-07-11 08:11:38	1	0	1	0
         10002	2024-07-11 09:22:02	1	0	1	0
         10006	2024-07-11 10:01:48	1	0	1	0
         10005	2024-07-11 10:02:42	1	0	1	0
         10005	2024-07-11 18:49:56	1	0	1	0
         10002	2024-07-11 18:50:11	1	0	1	0
         10006	2024-07-11 18:50:29	1	0	1	0
         10003	2024-07-11 19:16:44	1	0	1	0
         10003	2024-07-12 08:17:09	1	0	1	0
         10002	2024-07-12 09:15:59	1	0	1	0
         10001	2024-07-12 10:05:33	1	0	1	0
         10005	2024-07-12 10:07:10	1	0	1	0
         10005	2024-07-12 10:07:11	1	0	1	0
         10005	2024-07-12 19:11:23	1	0	1	0
         10002	2024-07-12 19:15:49	1	0	1	0
         10002	2024-07-12 19:23:17	1	0	1	0
         10003	2024-07-12 19:25:05	1	0	1	0
         10001	2024-07-12 19:29:00	1	0	1	0
         10003	2024-07-13 08:45:08	1	0	1	0
         10002	2024-07-13 09:24:06	1	0	1	0
         10001	2024-07-13 09:56:38	1	0	1	0
         10006	2024-07-13 10:00:06	1	0	1	0
         10002	2024-07-13 19:05:42	1	0	1	0
         10001	2024-07-13 19:05:49	1	0	1	0
         10006	2024-07-13 19:08:09	1	0	1	0
         10003	2024-07-13 19:10:03	1	0	1	0
         10003	2024-07-15 08:09:35	1	0	1	0
         10002	2024-07-15 09:11:25	1	0	1	0
         10001	2024-07-15 09:40:31	1	0	1	0
         10005	2024-07-15 09:43:21	1	0	1	0
         10001	2024-07-15 19:12:49	1	0	1	0
         10002	2024-07-15 19:13:04	1	0	1	0
         10003	2024-07-15 19:13:41	1	0	1	0
         10003	2024-07-15 19:14:23	1	0	1	0
         10003	2024-07-16 08:07:31	1	0	1	0
         10002	2024-07-16 09:22:44	1	0	1	0
         10005	2024-07-16 09:53:53	1	0	1	0
         10001	2024-07-16 09:56:23	1	0	1	0
         10002	2024-07-16 18:54:50	1	0	1	0
         10005	2024-07-16 18:58:12	1	0	1	0
         10003	2024-07-16 19:01:27	1	0	1	0
         10003	2024-07-17 08:16:26	1	0	1	0
         10002	2024-07-17 09:19:13	1	0	1	0
         10001	2024-07-17 09:45:47	1	0	1	0
         10005	2024-07-17 10:05:12	1	0	1	0
         10005	2024-07-17 18:54:40	1	0	1	0
         10002	2024-07-17 18:58:27	1	0	1	0
         10001	2024-07-17 18:59:59	1	0	1	0
         10003	2024-07-17 19:01:36	1	0	1	0
         10003	2024-07-18 08:13:31	1	0	1	0
         10002	2024-07-18 09:20:17	1	0	1	0
         10005	2024-07-18 09:57:42	1	0	1	0
         10006	2024-07-18 10:11:06	1	0	1	0
         10005	2024-07-18 18:51:00	1	0	1	0
         10002	2024-07-18 18:52:52	1	0	1	0
         10003	2024-07-19 08:22:23	1	0	1	0
         10002	2024-07-19 09:17:10	1	0	1	0
         10001	2024-07-19 10:03:48	1	0	1	0
         10005	2024-07-19 10:05:53	1	0	1	0
         10002	2024-07-19 19:11:42	1	0	1	0
         10003	2024-07-19 19:34:42	1	0	1	0
         10005	2024-07-19 19:56:16	1	0	1	0
         10001	2024-07-19 19:56:26	1	0	1	0
         10002	2024-07-20 09:15:39	1	0	1	0
         10001	2024-07-20 10:07:06	1	0	1	0
         10006	2024-07-20 10:10:26	1	0	1	0
         10002	2024-07-20 19:17:45	1	0	1	0
         10006	2024-07-20 19:18:16	1	0	1	0
         10006	2024-07-20 19:18:17	1	0	1	0
         10006	2024-07-20 19:18:18	1	0	1	0
         10001	2024-07-20 19:30:55	1	0	1	0
         10003	2024-07-22 07:45:22	1	0	1	0
         10005	2024-07-22 09:35:22	1	0	1	0
         10001	2024-07-22 09:46:51	1	0	1	0
         10001	2024-07-22 18:46:15	1	0	1	0
         10005	2024-07-22 18:49:00	1	0	1	0
         10002	2024-07-22 18:49:08	1	0	1	0
         10003	2024-07-22 19:05:46	1	0	1	0
         10003	2024-07-23 08:53:10	1	0	1	0
         10002	2024-07-23 09:18:37	1	0	1	0
         10005	2024-07-23 09:48:19	1	0	1	0
         10001	2024-07-23 09:52:52	1	0	1	0
         10002	2024-07-23 18:49:46	1	0	1	0
         10005	2024-07-23 18:53:49	1	0	1	0
         10003	2024-07-23 18:55:38	1	0	1	0
         10003	2024-07-23 18:56:25	1	0	1	0
         10001	2024-07-23 19:03:02	1	0	1	0
         10003	2024-07-24 08:37:55	1	0	1	0
         10002	2024-07-24 09:22:14	1	0	1	0
         10001	2024-07-24 09:59:57	1	0	1	0
         10005	2024-07-24 10:04:19	1	0	1	0
         10005	2024-07-24 19:03:06	1	0	1	0
         10002	2024-07-24 19:04:18	1	0	1	0
         10003	2024-07-24 19:11:01	1	0	1	0
         10001	2024-07-24 19:44:16	1	0	1	0
         10003	2024-07-25 08:21:22	1	0	1	0
         10006	2024-07-25 10:00:14	1	0	1	0
         10005	2024-07-25 10:11:56	1	0	1	0
         10006	2024-07-25 19:05:51	1	0	1	0
         10006	2024-07-25 19:05:53	1	0	1	0
         10005	2024-07-25 19:08:27	1	0	1	0
         10003	2024-07-25 19:11:25	1	0	1	0
         10003	2024-07-26 08:22:57	1	0	1	0
         10002	2024-07-26 09:22:46	1	0	1	0
         10001	2024-07-26 09:56:58	1	0	1	0
         10005	2024-07-26 10:06:34	1	0	1	0
         10005	2024-07-26 19:01:07	1	0	1	0
         10003	2024-07-26 19:02:59	1	0	1	0
         10002	2024-07-26 19:03:04	1	0	1	0
         10001	2024-07-26 19:08:53	1	0	1	0
         10003	2024-07-27 08:18:29	1	0	1	0
         10006	2024-07-27 09:42:42	1	0	1	0
         10001	2024-07-27 09:54:57	1	0	1	0
         10003	2024-07-27 19:21:40	1	0	1	0
         10001	2024-07-27 19:25:47	1	0	1	0
         10003	2024-07-29 09:52:56	1	0	1	0
         10001	2024-07-29 09:56:53	1	0	1	0
         10006	2024-07-29 10:08:00	1	0	1	0
         10006	2024-07-29 19:01:39	1	0	1	0
         10001	2024-07-29 19:07:53	1	0	1	0
         10001	2024-07-29 19:10:33	1	0	1	0
         10003	2024-07-29 19:20:07	1	0	1	0
         10001	2024-07-30 09:58:52	1	0	1	0
         10005	2024-07-30 10:03:48	1	0	1	0
         10005	2024-07-30 19:00:54	1	0	1	0
         10003	2024-07-30 19:05:05	1	0	1	0
         10001	2024-07-30 19:36:54	1	0	1	0
         10003	2024-07-31 08:20:14	1	0	1	0
         10005	2024-07-31 09:57:53	1	0	1	0
         10001	2024-07-31 10:01:55	1	0	1	0
         10003	2024-07-31 18:59:26	1	0	1	0
         10005	2024-07-31 19:08:40	1	0	1	0
         10001	2024-07-31 19:17:39	1	0	1	0
         10003	2024-08-01 08:17:37	1	0	1	0
         10005	2024-08-01 09:56:03	1	0	1	0
         10006	2024-08-01 10:10:34	1	0	1	0
         10006	2024-08-01 18:54:26	1	0	1	0
         10003	2024-08-01 19:05:01	1	0	1	0
         10005	2024-08-01 19:05:14	1	0	1	0
         10003	2024-08-02 08:39:06	1	0	1	0
         10002	2024-08-02 09:18:08	1	0	1	0
         10005	2024-08-02 09:53:45	1	0	1	0
         10001	2024-08-02 10:09:55	1	0	1	0
         10005	2024-08-02 18:58:08	1	0	1	0
         10002	2024-08-02 19:02:36	1	0	1	0
         10003	2024-08-02 19:39:16	1	0	1	0
         10001	2024-08-02 20:05:51	1	0	1	0
         10003	2024-08-03 08:35:42	1	0	1	0
         10002	2024-08-03 09:22:58	1	0	1	0
         10006	2024-08-03 10:16:52	1	0	1	0
         10006	2024-08-03 10:16:54	1	0	1	0
         10001	2024-08-03 10:59:49	1	0	1	0
         10006	2024-08-03 19:16:30	1	0	1	0
         10002	2024-08-03 19:18:38	1	0	1	0
         10003	2024-08-03 19:36:58	1	0	1	0
         10001	2024-08-03 19:39:27	1	0	1	0
         10003	2024-08-05 10:01:45	1	0	1	0
         10005	2024-08-05 10:02:05	1	0	1	0
         10001	2024-08-05 10:04:30	1	0	1	0
         10003	2024-08-05 19:12:22	1	0	1	0
         10005	2024-08-05 19:14:53	1	0	1	0
         10001	2024-08-05 19:26:07	1	0	1	0
         10003	2024-08-06 08:20:26	1	0	1	0
         10005	2024-08-06 10:06:31	1	0	1	0
         10001	2024-08-06 10:14:40	1	0	1	0
         10005	2024-08-06 19:13:32	1	0	1	0
         10001	2024-08-06 19:14:50	1	0	1	0
         10003	2024-08-06 19:21:21	1	0	1	0
         10003	2024-08-07 08:18:50	1	0	1	0
         10002	2024-08-07 09:27:48	1	0	1	0
         10001	2024-08-07 10:08:31	1	0	1	0
         10005	2024-08-07 10:08:39	1	0	1	0
         10005	2024-08-07 19:12:25	1	0	1	0
         10002	2024-08-07 19:12:59	1	0	1	0
         10003	2024-08-07 19:14:36	1	0	1	0
         10001	2024-08-07 19:42:43	1	0	1	0
         10003	2024-08-08 08:06:22	1	0	1	0
         10002	2024-08-08 09:27:32	1	0	1	0
         10005	2024-08-08 09:58:03	1	0	1	0
         10006	2024-08-08 10:16:10	1	0	1	0
         10006	2024-08-08 18:48:24	1	0	1	0
         10002	2024-08-08 18:53:07	1	0	1	0
         10005	2024-08-08 18:53:39	1	0	1	0
         10003	2024-08-08 19:02:19	1	0	1	0
         10003	2024-08-09 08:28:03	1	0	1	0
         10002	2024-08-09 09:22:03	1	0	1	0
         10001	2024-08-09 10:03:32	1	0	1	0
         10005	2024-08-09 10:11:23	1	0	1	0
         10005	2024-08-09 10:11:25	1	0	1	0
         10001	2024-08-09 13:07:12	1	0	15	0
         10002	2024-08-09 19:12:22	1	0	1	0
         10005	2024-08-09 19:14:20	1	0	1	0
         10001	2024-08-09 19:27:36	1	0	1	0
         10003	2024-08-09 19:32:43	1	0	1	0
         10003	2024-08-10 07:49:48	1	0	1	0
         10002	2024-08-10 09:18:27	1	0	1	0
         10001	2024-08-10 09:38:27	1	0	1	0
         10003	2024-08-10 19:06:58	1	0	1	0
         10001	2024-08-10 19:50:43	1	0	1	0
         10002	2024-08-12 08:56:50	1	0	1	0
         10003	2024-08-12 09:12:40	1	0	1	0
         10001	2024-08-12 09:49:18	1	0	1	0
         10002	2024-08-12 19:06:38	1	0	1	0
         10003	2024-08-12 19:07:07	1	0	1	0
         10001	2024-08-12 19:45:18	1	0	1	0
         10003	2024-08-13 08:44:39	1	0	1	0
         10002	2024-08-13 09:27:27	1	0	1	0
         10001	2024-08-13 09:33:19	1	0	1	0
         10005	2024-08-13 10:07:35	1	0	1	0
         10003	2024-08-13 18:48:39	1	0	1	0
         10005	2024-08-13 18:51:34	1	0	1	0
         10002	2024-08-13 18:52:36	1	0	1	0
         10001	2024-08-13 18:54:52	1	0	1	0
         10003	2024-08-14 08:20:29	1	0	1	0
         10001	2024-08-14 09:17:09	1	0	1	0
         10002	2024-08-14 09:30:50	1	0	1	0
         10005	2024-08-14 09:57:12	1	0	1	0
         10005	2024-08-14 19:06:26	1	0	1	0
         10002	2024-08-14 19:07:41	1	0	1	0
         10001	2024-08-14 19:20:12	1	0	1	0
         10003	2024-08-14 19:41:04	1	0	1	0
         10003	2024-08-15 08:26:40	1	0	1	0
         10002	2024-08-15 09:09:28	1	0	1	0
         10005	2024-08-15 10:02:42	1	0	1	0
         10006	2024-08-15 10:08:19	1	0	1	0
         10006	2024-08-15 12:53:35	1	0	1	0
         10006	2024-08-15 18:51:34	1	0	1	0
         10002	2024-08-15 18:56:00	1	0	1	0
         10005	2024-08-15 18:57:03	1	0	1	0
         10003	2024-08-15 19:19:00	1	0	1	0
         10003	2024-08-16 08:09:06	1	0	1	0
         10002	2024-08-16 08:52:01	1	0	1	0
         10001	2024-08-16 09:52:01	1	0	15	0
         10005	2024-08-16 10:09:21	1	0	1	0
         10003	2024-08-16 19:03:18	1	0	1	0
         10005	2024-08-16 19:05:01	1	0	1	0
         10002	2024-08-16 19:09:17	1	0	1	0
         10001	2024-08-16 19:25:19	1	0	1	0
         10002	2024-08-17 09:18:31	1	0	1	0
         10003	2024-08-17 09:22:43	1	0	1	0
         10006	2024-08-17 10:11:24	1	0	1	0
         10001	2024-08-17 10:23:56	1	0	1	0
         10001	2024-08-17 12:59:30	1	0	15	0
         10002	2024-08-17 19:10:20	1	0	15	0
         10003	2024-08-17 19:19:45	1	0	1	0
         10002	2024-08-17 20:30:10	1	0	1	0
         10003	2024-08-19 09:33:26	1	0	1	0
         10002	2024-08-19 09:33:34	1	0	1	0
         10005	2024-08-19 09:33:52	1	0	1	0
         10001	2024-08-19 09:37:28	1	0	1	0
         10002	2024-08-19 19:04:51	1	0	1	0
         10005	2024-08-19 19:07:28	1	0	1	0
         10003	2024-08-19 19:07:34	1	0	1	0
         10001	2024-08-19 19:07:37	1	0	1	0
         10003	2024-08-20 08:14:12	1	0	1	0
         10002	2024-08-20 09:06:12	1	0	1	0
         10005	2024-08-20 10:11:51	1	0	1	0
         10005	2024-08-20 10:11:53	1	0	1	0
         10001	2024-08-20 10:21:18	1	0	1	0
         10001	2024-08-20 13:23:37	1	0	15	0
         10002	2024-08-20 18:45:05	1	0	1	0
         10001	2024-08-20 19:01:03	1	0	1	0
         10003	2024-08-20 19:11:18	1	0	1	0
         10003	2024-08-21 09:13:09	1	0	1	0
         10002	2024-08-21 09:18:04	1	0	1	0
         10001	2024-08-21 09:42:10	1	0	1	0
         10005	2024-08-21 10:11:14	1	0	1	0
         10002	2024-08-21 19:04:08	1	0	1	0
         10005	2024-08-21 19:13:55	1	0	1	0
         10003	2024-08-21 19:23:34	1	0	1	0
         10001	2024-08-21 19:30:57	1	0	1	0
         10003	2024-08-22 08:45:36	1	0	1	0
         10002	2024-08-22 09:23:25	1	0	1	0
         10005	2024-08-22 10:13:55	1	0	1	0
         10006	2024-08-22 10:21:40	1	0	1	0
         10002	2024-08-22 18:48:34	1	0	1	0
         10006	2024-08-22 18:51:28	1	0	1	0
         10003	2024-08-22 18:55:32	1	0	1	0
         10005	2024-08-22 18:56:35	1	0	1	0
         10003	2024-08-23 08:10:02	1	0	1	0
         10002	2024-08-23 09:08:43	1	0	1	0
         10005	2024-08-23 10:09:13	1	0	1	0
         10001	2024-08-23 10:27:27	1	0	1	0
         10001	2024-08-23 15:35:54	1	0	15	0
         10002	2024-08-23 19:03:08	1	0	1	0
         10003	2024-08-23 19:17:07	1	0	1	0
         10003	2024-08-24 08:36:42	1	0	1	0
         10002	2024-08-24 09:22:05	1	0	1	0
         10006	2024-08-24 10:13:48	1	0	1	0
         10002	2024-08-24 18:50:24	1	0	1	0
         10002	2024-08-24 18:50:26	1	0	1	0
         10003	2024-08-24 19:07:13	1	0	1	0
         10001	2024-08-24 20:13:03	1	0	1	0
         10003	2024-08-26 09:46:01	1	0	1	0
         10005	2024-08-26 09:46:27	1	0	1	0
         10001	2024-08-26 09:49:12	1	0	1	0
         10002	2024-08-26 09:52:44	1	0	1	0
         10002	2024-08-26 18:58:08	1	0	1	0
         10005	2024-08-26 19:01:34	1	0	1	0
         10003	2024-08-26 19:04:39	1	0	1	0
         10001	2024-08-26 19:38:11	1	0	1	0
         10003	2024-08-27 08:18:57	1	0	1	0
         10003	2024-08-27 08:21:08	1	0	1	0
         10002	2024-08-27 09:28:06	1	0	1	0
         10005	2024-08-27 10:08:42	1	0	1	0
         10001	2024-08-27 12:31:06	1	0	1	0
         10002	2024-08-27 19:02:21	1	0	1	0
         10005	2024-08-27 19:04:05	1	0	1	0
         10003	2024-08-27 19:04:18	1	0	1	0
         10003	2024-08-28 08:28:35	1	0	1	0
         10001	2024-08-28 09:49:13	1	0	1	0
         10002	2024-08-28 10:00:43	1	0	1	0
         10005	2024-08-28 10:16:57	1	0	1	0
         10005	2024-08-28 10:16:58	1	0	1	0
         10005	2024-08-28 18:58:08	1	0	1	0
         10002	2024-08-28 19:01:45	1	0	1	0
         10003	2024-08-28 19:06:49	1	0	1	0
         10001	2024-08-28 19:13:07	1	0	1	0
         10003	2024-08-29 08:13:17	1	0	1	0
         10002	2024-08-29 09:18:04	1	0	1	0
         10005	2024-08-29 10:06:32	1	0	1	0
         10006	2024-08-29 10:13:58	1	0	1	0
         10005	2024-08-29 18:44:36	1	0	1	0
         10002	2024-08-29 18:51:17	1	0	1	0
         10003	2024-08-29 18:51:23	1	0	1	0
         10006	2024-08-29 19:02:00	1	0	1	0
         10003	2024-08-30 08:34:32	1	0	1	0
         10002	2024-08-30 08:52:43	1	0	1	0
         10001	2024-08-30 09:54:44	1	0	1	0
         10005	2024-08-30 10:11:05	1	0	1	0
         10002	2024-08-30 19:08:37	1	0	1	0
         10005	2024-08-30 19:09:13	1	0	1	0
         10003	2024-08-30 19:10:00	1	0	1	0
         10001	2024-08-30 19:23:28	1	0	1	0
         10003	2024-08-31 08:22:06	1	0	1	0
         10002	2024-08-31 09:22:52	1	0	1	0
         10001	2024-08-31 09:57:46	1	0	1	0
         10006	2024-08-31 10:11:24	1	0	1	0
         10006	2024-08-31 10:11:26	1	0	1	0
         10002	2024-08-31 19:15:08	1	0	1	0
         10003	2024-08-31 19:32:12	1	0	1	0
         10006	2024-08-31 19:56:31	1	0	1	0
         10001	2024-08-31 20:29:03	1	0	1	0
         10003	2024-09-02 09:56:24	1	0	1	0
         10001	2024-09-02 09:58:17	1	0	1	0
         10005	2024-09-02 10:01:37	1	0	1	0
         10002	2024-09-02 10:05:13	1	0	1	0
         10002	2024-09-02 19:00:19	1	0	1	0
         10005	2024-09-02 19:00:56	1	0	1	0
         10001	2024-09-02 19:10:01	1	0	1	0
         10003	2024-09-02 19:17:54	1	0	1	0
         10003	2024-09-03 08:45:57	1	0	1	0
         10002	2024-09-03 09:22:50	1	0	1	0
         10001	2024-09-03 09:51:17	1	0	1	0
         10005	2024-09-03 10:02:13	1	0	1	0
         10005	2024-09-03 18:43:26	1	0	1	0
         10002	2024-09-03 18:45:30	1	0	1	0
         10003	2024-09-03 19:13:16	1	0	1	0
         10001	2024-09-03 19:15:42	1	0	1	0
         10003	2024-09-04 08:10:14	1	0	1	0
         10002	2024-09-04 09:23:09	1	0	1	0
         10001	2024-09-04 09:42:32	1	0	1	0
         10005	2024-09-04 09:55:35	1	0	1	0
         10005	2024-09-04 19:03:22	1	0	1	0
         10002	2024-09-04 19:06:55	1	0	1	0
         10001	2024-09-04 19:11:25	1	0	1	0
         10003	2024-09-04 19:23:39	1	0	1	0
         10003	2024-09-04 19:23:41	1	0	1	0
         10003	2024-09-05 08:24:59	1	0	1	0
         10002	2024-09-05 09:08:34	1	0	1	0
         10005	2024-09-05 10:02:17	1	0	1	0
         10006	2024-09-05 10:08:39	1	0	1	0
         10002	2024-09-05 18:50:11	1	0	1	0
         10005	2024-09-05 18:53:16	1	0	1	0
         10006	2024-09-05 18:53:48	1	0	1	0
         10003	2024-09-05 19:18:30	1	0	1	0
         10003	2024-09-06 09:12:32	1	0	1	0
         10002	2024-09-06 09:16:35	1	0	1	0
         10001	2024-09-06 10:13:10	1	0	1	0
         10005	2024-09-06 10:13:16	1	0	1	0
         10005	2024-09-06 19:09:26	1	0	1	0
         10003	2024-09-06 19:15:10	1	0	1	0
         10002	2024-09-06 19:17:37	1	0	1	0
         10001	2024-09-06 19:27:05	1	0	1	0
         10003	2024-09-07 07:58:52	1	0	1	0
         10002	2024-09-07 09:19:22	1	0	1	0
         10001	2024-09-07 10:00:00	1	0	1	0
         10006	2024-09-07 10:12:06	1	0	1	0
         10002	2024-09-07 16:17:10	1	0	15	0
         10003	2024-09-07 19:32:25	1	0	1	0
         10003	2024-09-07 19:32:26	1	0	1	0
         10003	2024-09-07 19:32:28	1	0	1	0
         10002	2024-09-07 19:47:25	1	0	1	0
         10001	2024-09-07 20:18:33	1	0	1	0
         10001	2024-09-09 09:53:19	1	0	15	0
         10003	2024-09-09 09:53:42	1	0	1	0
         10002	2024-09-09 09:56:43	1	0	1	0
         10003	2024-09-09 09:56:49	1	0	1	0
         10002	2024-09-09 19:09:37	1	0	1	0
         10003	2024-09-09 19:10:40	1	0	1	0
         10001	2024-09-09 19:15:11	1	0	1	0
         10003	2024-09-10 08:09:17	1	0	1	0
         10002	2024-09-10 09:17:33	1	0	1	0
         10005	2024-09-10 10:02:28	1	0	1	0
         10001	2024-09-10 10:08:19	1	0	1	0
         10002	2024-09-10 18:48:31	1	0	1	0
         10005	2024-09-10 19:00:06	1	0	1	0
         10001	2024-09-10 19:10:19	1	0	1	0
         10003	2024-09-11 08:29:26	1	0	1	0
         10002	2024-09-11 09:27:01	1	0	1	0
         10001	2024-09-11 09:43:51	1	0	1	0
         10005	2024-09-11 10:08:33	1	0	1	0
         10002	2024-09-11 19:00:26	1	0	1	0
         10003	2024-09-11 19:19:45	1	0	1	0
         10005	2024-09-11 20:12:42	1	0	1	0
         10001	2024-09-11 20:16:07	1	0	1	0
         10003	2024-09-12 08:32:21	1	0	1	0
         10002	2024-09-12 09:23:03	1	0	1	0
         10006	2024-09-12 09:58:13	1	0	1	0
         10005	2024-09-12 10:05:51	1	0	1	0
         10005	2024-09-12 18:53:31	1	0	1	0
         10006	2024-09-12 18:55:22	1	0	1	0
         10002	2024-09-12 18:58:09	1	0	1	0
         10003	2024-09-12 19:08:11	1	0	1	0
         10003	2024-09-13 08:09:46	1	0	1	0
         10002	2024-09-13 09:19:57	1	0	1	0
         10005	2024-09-13 10:04:15	1	0	1	0
         10001	2024-09-13 12:53:21	1	0	1	0
         10001	2024-09-13 15:09:16	1	0	15	0
         10002	2024-09-13 18:50:15	1	0	1	0
         10003	2024-09-13 18:51:05	1	0	1	0
         10005	2024-09-13 18:51:24	1	0	1	0
         10003	2024-09-14 08:12:35	1	0	1	0
         10002	2024-09-14 09:25:08	1	0	1	0
         10001	2024-09-14 09:57:43	1	0	15	0
         10001	2024-09-14 09:57:44	1	0	1	0
         10006	2024-09-14 10:14:13	1	0	1	0
         10002	2024-09-14 19:15:08	1	0	1	0
         10003	2024-09-14 19:22:14	1	0	1	0
         10001	2024-09-14 20:23:32	1	0	1	0
         10003	2024-09-16 10:01:16	1	0	1	0
         10005	2024-09-16 10:02:44	1	0	1	0
         10001	2024-09-16 10:05:00	1	0	1	0
         10002	2024-09-16 10:07:43	1	0	1	0
         10003	2024-09-16 18:57:21	1	0	1	0
         10002	2024-09-16 18:58:55	1	0	1	0
         10005	2024-09-16 18:59:28	1	0	1	0
         10001	2024-09-16 20:03:24	1	0	1	0
         10002	2024-09-17 09:24:35	1	0	1	0
         10001	2024-09-17 09:55:25	1	0	1	0
         10005	2024-09-17 10:01:49	1	0	1	0
         10002	2024-09-17 18:43:34	1	0	1	0
         10005	2024-09-17 18:52:16	1	0	1	0
         10003	2024-09-17 19:04:43	1	0	1	0
         10001	2024-09-17 19:14:44	1	0	1	0
         10003	2024-09-18 08:25:38	1	0	1	0
         10002	2024-09-18 09:18:18	1	0	1	0
         10005	2024-09-18 10:03:08	1	0	1	0
         10001	2024-09-18 10:03:31	1	0	1	0
         10005	2024-09-18 19:04:27	1	0	1	0
         10002	2024-09-18 19:07:37	1	0	1	0
         10001	2024-09-18 19:09:49	1	0	1	0
         10003	2024-09-18 19:15:56	1	0	1	0
         10003	2024-09-18 19:21:08	1	0	1	0
         10003	2024-09-19 08:18:17	1	0	1	0
         10002	2024-09-19 09:12:37	1	0	1	0
         10006	2024-09-19 10:09:11	1	0	1	0
         10005	2024-09-19 10:10:37	1	0	1	0
         10005	2024-09-19 19:01:37	1	0	1	0
         10006	2024-09-19 19:01:45	1	0	1	0
         10002	2024-09-19 19:04:49	1	0	1	0
         10003	2024-09-19 19:14:49	1	0	1	0
         10003	2024-09-19 19:22:32	1	0	1	0
         10003	2024-09-20 08:16:07	1	0	1	0
         10002	2024-09-20 09:16:05	1	0	1	0
         10001	2024-09-20 10:04:21	1	0	1	0
         10005	2024-09-20 10:10:23	1	0	1	0
         10005	2024-09-20 18:48:47	1	0	1	0
         10003	2024-09-20 18:50:47	1	0	1	0
         10002	2024-09-20 18:55:43	1	0	1	0
         10001	2024-09-20 19:36:19	1	0	1	0
         10003	2024-09-21 08:18:23	1	0	1	0
         10002	2024-09-21 09:15:23	1	0	1	0
         10001	2024-09-21 09:57:11	1	0	1	0
         10001	2024-09-21 09:58:14	1	0	1	0
         10001	2024-09-21 09:59:03	1	0	1	0
         10001	2024-09-21 10:00:50	1	0	1	0
         10006	2024-09-21 10:11:24	1	0	1	0
         10003	2024-09-21 19:36:19	1	0	1	0
         10006	2024-09-21 20:05:48	1	0	1	0
         10002	2024-09-21 20:06:00	1	0	1	0
         10001	2024-09-21 20:15:22	1	0	1	0
         10003	2024-09-23 09:49:28	1	0	1	0
         10005	2024-09-23 09:49:47	1	0	1	0
         10001	2024-09-23 09:54:20	1	0	1	0
         10002	2024-09-23 10:00:32	1	0	1	0
         10002	2024-09-23 19:03:05	1	0	1	0
         10005	2024-09-23 19:06:00	1	0	1	0
         10003	2024-09-23 19:16:03	1	0	1	0
         10001	2024-09-23 19:20:41	1	0	1	0
         10002	2024-09-24 09:18:43	1	0	1	0
         10005	2024-09-24 10:09:44	1	0	1	0
         10001	2024-09-24 10:33:43	1	0	1	0
         10005	2024-09-24 18:47:55	1	0	1	0
         10002	2024-09-24 18:49:14	1	0	1	0
         10001	2024-09-24 20:02:15	1	0	1	0
         10003	2024-09-25 08:47:32	1	0	1	0
         10002	2024-09-25 09:23:18	1	0	1	0
         10005	2024-09-25 10:10:02	1	0	1	0
         10001	2024-09-25 10:14:12	1	0	1	0
         10005	2024-09-25 18:58:48	1	0	1	0
         10002	2024-09-25 18:58:56	1	0	1	0
         10001	2024-09-25 19:18:49	1	0	1	0
         10003	2024-09-25 19:28:40	1	0	1	0
         10003	2024-09-26 08:14:34	1	0	1	0
         10002	2024-09-26 09:25:11	1	0	1	0
         10006	2024-09-26 10:10:45	1	0	1	0
         10005	2024-09-26 10:19:58	1	0	1	0
         10003	2024-09-26 18:58:16	1	0	1	0
         10006	2024-09-26 19:00:15	1	0	1	0
         10002	2024-09-26 19:01:18	1	0	1	0
         10003	2024-09-27 08:04:03	1	0	1	0
         10002	2024-09-27 09:23:26	1	0	1	0
         10001	2024-09-27 10:02:41	1	0	15	0
         10005	2024-09-27 10:09:12	1	0	1	0
         10003	2024-09-27 19:09:03	1	0	1	0
         10005	2024-09-27 19:10:26	1	0	1	0
         10002	2024-09-27 19:15:44	1	0	1	0
         10001	2024-09-27 19:19:29	1	0	1	0
         10003	2024-09-28 08:21:35	1	0	1	0
         10002	2024-09-28 09:12:31	1	0	1	0
         10001	2024-09-28 09:55:36	1	0	1	0
         10006	2024-09-28 10:05:52	1	0	1	0
         10002	2024-09-28 19:21:42	1	0	1	0
         10003	2024-09-28 19:22:17	1	0	1	0
         10001	2024-09-28 19:59:34	1	0	1	0
         10003	2024-09-30 09:46:34	1	0	1	0
         10005	2024-09-30 09:46:53	1	0	1	0
         10001	2024-09-30 09:50:11	1	0	1	0
         10003	2024-09-30 19:06:19	1	0	1	0
         10001	2024-09-30 20:44:40	1	0	1	0
         10005	2024-09-30 20:44:47	1	0	1	0
         10003	2024-10-01 08:46:44	1	0	1	0
         10002	2024-10-01 09:28:15	1	0	1	0
         10001	2024-10-01 10:08:17	1	0	1	0
         10005	2024-10-01 10:14:53	1	0	1	0
         10005	2024-10-01 18:45:07	1	0	1	0
         10003	2024-10-01 18:46:51	1	0	1	0
         10002	2024-10-01 18:53:08	1	0	1	0
         10001	2024-10-01 19:17:24	1	0	1	0
         10003	2024-10-02 08:43:15	1	0	1	0
         10002	2024-10-02 09:18:01	1	0	1	0
         10001	2024-10-02 10:03:58	1	0	1	0
         10005	2024-10-02 10:16:53	1	0	1	0
         10002	2024-10-02 19:01:08	1	0	1	0
         10005	2024-10-02 19:04:55	1	0	1	0
         10001	2024-10-02 19:45:40	1	0	1	0
         10003	2024-10-03 09:22:46	1	0	1	0
         10002	2024-10-03 09:23:02	1	0	1	0
         10005	2024-10-03 10:09:26	1	0	1	0
         10006	2024-10-03 10:23:58	1	0	1	0
         10006	2024-10-03 18:50:19	1	0	1	0
         10005	2024-10-03 18:51:06	1	0	1	0
         10002	2024-10-03 18:52:04	1	0	1	0
         10003	2024-10-03 19:19:44	1	0	1	0
         10003	2024-10-04 08:48:33	1	0	1	0
         10003	2024-10-04 08:54:22	1	0	1	0
         10002	2024-10-04 09:23:54	1	0	1	0
         10005	2024-10-04 10:01:34	1	0	1	0
         10001	2024-10-04 10:11:11	1	0	1	0
         10003	2024-10-04 18:54:14	1	0	1	0
         10005	2024-10-04 19:03:13	1	0	1	0
         10002	2024-10-04 19:08:55	1	0	1	0
         10001	2024-10-04 19:09:31	1	0	1	0
         10003	2024-10-05 07:49:57	1	0	1	0
         10002	2024-10-05 09:14:13	1	0	1	0
         10001	2024-10-05 09:59:59	1	0	1	0
         10006	2024-10-05 10:20:24	1	0	1	0
         10003	2024-10-05 19:08:30	1	0	1	0
         10001	2024-10-05 21:42:24	1	0	1	0
         10003	2024-10-07 09:24:01	1	0	1	0
         10005	2024-10-07 09:24:15	1	0	1	0
         10002	2024-10-07 09:24:26	1	0	1	0
         10001	2024-10-07 09:24:56	1	0	1	0
         10002	2024-10-07 19:02:28	1	0	1	0
         10005	2024-10-07 19:04:41	1	0	1	0
         10003	2024-10-07 19:16:47	1	0	1	0
         10001	2024-10-07 19:38:31	1	0	1	0
         10003	2024-10-08 08:23:29	1	0	1	0
         10002	2024-10-08 09:26:54	1	0	1	0
         10001	2024-10-08 09:53:51	1	0	1	0
         10005	2024-10-08 10:00:53	1	0	1	0
         10005	2024-10-08 18:47:33	1	0	1	0
         10002	2024-10-08 18:48:21	1	0	1	0
         10001	2024-10-08 18:55:10	1	0	1	0
         10003	2024-10-08 19:10:48	1	0	1	0
         10003	2024-10-09 08:36:08	1	0	1	0
         10002	2024-10-09 09:18:58	1	0	1	0
         10001	2024-10-09 09:53:27	1	0	1	0
         10005	2024-10-09 10:13:20	1	0	1	0
         10002	2024-10-09 18:50:04	1	0	1	0
         10003	2024-10-09 18:54:06	1	0	1	0
         10005	2024-10-09 19:06:11	1	0	1	0
         10001	2024-10-09 19:33:56	1	0	1	0
         10003	2024-10-10 09:06:00	1	0	1	0
         10002	2024-10-10 09:21:05	1	0	1	0
         10005	2024-10-10 10:01:50	1	0	1	0
         10006	2024-10-10 10:08:59	1	0	1	0
         10006	2024-10-10 10:09:07	1	0	1	0
         10006	2024-10-10 19:00:34	1	0	1	0
         10003	2024-10-10 19:00:57	1	0	1	0
         10005	2024-10-10 19:03:43	1	0	1	0
         10002	2024-10-10 19:05:49	1	0	1	0
         10003	2024-10-11 08:24:27	1	0	1	0
         10002	2024-10-11 09:17:06	1	0	1	0
         10001	2024-10-11 09:55:11	1	0	1	0
         10005	2024-10-11 10:09:47	1	0	1	0
         10005	2024-10-11 19:04:38	1	0	1	0
         10003	2024-10-11 19:15:11	1	0	1	0
         10003	2024-10-11 19:40:54	1	0	1	0
         10002	2024-10-12 09:26:44	1	0	1	0
         10005	2024-10-12 10:03:56	1	0	1	0
         10005	2024-10-12 10:05:37	1	0	1	0
         10006	2024-10-12 10:10:09	1	0	1	0
         10006	2024-10-12 19:03:04	1	0	1	0
         10005	2024-10-12 19:03:37	1	0	1	0
         10002	2024-10-12 19:07:42	1	0	1	0
         10003	2024-10-14 10:00:24	1	0	1	0
         10001	2024-10-14 10:00:30	1	0	1	0
         10005	2024-10-14 10:07:30	1	0	1	0
         10002	2024-10-14 10:11:02	1	0	1	0
         10003	2024-10-14 18:59:40	1	0	1	0
         10001	2024-10-14 19:05:06	1	0	1	0
         10005	2024-10-14 19:05:36	1	0	1	0
         10003	2024-10-15 08:10:39	1	0	1	0
         10002	2024-10-15 09:25:32	1	0	1	0
         10005	2024-10-15 10:04:56	1	0	1	0
         10001	2024-10-15 10:08:28	1	0	1	0
         10001	2024-10-15 18:20:53	1	0	1	0
         10002	2024-10-15 18:44:26	1	0	1	0
         10005	2024-10-15 18:48:46	1	0	1	0
         10003	2024-10-15 18:53:16	1	0	1	0
         10003	2024-10-16 08:16:41	1	0	1	0
         10002	2024-10-16 09:27:23	1	0	1	0
         10001	2024-10-16 10:10:22	1	0	1	0
         10005	2024-10-16 10:16:26	1	0	1	0
         10002	2024-10-16 18:56:43	1	0	1	0
         10005	2024-10-16 18:58:28	1	0	1	0
         10001	2024-10-16 18:58:40	1	0	1	0
         10003	2024-10-16 19:23:44	1	0	1	0
         10003	2024-10-17 08:00:24	1	0	1	0
         10002	2024-10-17 09:23:19	1	0	1	0
         10005	2024-10-17 10:02:37	1	0	1	0
         10006	2024-10-17 10:05:03	1	0	1	0
         10006	2024-10-17 18:51:43	1	0	1	0
         10002	2024-10-17 18:53:28	1	0	1	0
         10005	2024-10-17 18:55:57	1	0	1	0
         10003	2024-10-17 19:02:58	1	0	1	0
         10003	2024-10-18 08:39:04	1	0	1	0
         10002	2024-10-18 09:22:19	1	0	1	0
         10005	2024-10-18 10:01:28	1	0	1	0
         10001	2024-10-18 10:14:39	1	0	1	0
         10003	2024-10-18 19:55:36	1	0	1	0
         10005	2024-10-18 19:56:51	1	0	1	0
         10005	2024-10-18 19:56:53	1	0	1	0
         10002	2024-10-18 19:56:59	1	0	1	0
         10001	2024-10-19 05:16:22	1	0	1	0
         10003	2024-10-19 09:04:47	1	0	1	0
         10002	2024-10-19 09:23:41	1	0	1	0
         10006	2024-10-19 10:12:29	1	0	1	0
         10001	2024-10-19 10:44:33	1	0	1	0
         10006	2024-10-19 19:10:10	1	0	1	0
         10003	2024-10-19 19:19:50	1	0	1	0
         10002	2024-10-19 19:23:22	1	0	1	0
         10003	2024-10-19 19:25:45	1	0	1	0
         10001	2024-10-19 19:59:53	1	0	1	0
         10002	2024-10-21 08:28:23	1	0	1	0
         10005	2024-10-21 08:59:44	1	0	1	0
         10001	2024-10-21 09:37:47	1	0	1	0
         10005	2024-10-21 18:54:55	1	0	1	0
         10002	2024-10-21 18:56:27	1	0	1	0
         10001	2024-10-21 19:34:16	1	0	1	0
         10002	2024-10-22 09:22:14	1	0	1	0
         10001	2024-10-22 10:00:18	1	0	1	0
         10005	2024-10-22 10:03:02	1	0	1	0
         10005	2024-10-22 18:48:38	1	0	1	0
         10002	2024-10-22 18:50:24	1	0	1	0
         10001	2024-10-22 19:18:40	1	0	1	0
         10001	2024-10-22 19:18:59	1	0	1	0
         10002	2024-10-23 09:26:23	1	0	1	0
         10001	2024-10-23 09:45:34	1	0	1	0
         10005	2024-10-23 10:00:34	1	0	1	0
         10005	2024-10-23 10:00:35	1	0	1	0
         10002	2024-10-23 18:58:26	1	0	1	0
         10005	2024-10-23 18:59:06	1	0	1	0
         10001	2024-10-23 19:17:33	1	0	1	0
         10003	2024-10-24 08:17:43	1	0	1	0
         10002	2024-10-24 09:27:03	1	0	1	0
         10005	2024-10-24 10:08:56	1	0	1	0
         10006	2024-10-24 10:12:40	1	0	1	0
         10002	2024-10-24 18:39:25	1	0	1	0
         10005	2024-10-24 18:41:59	1	0	1	0
         10006	2024-10-24 18:42:13	1	0	1	0
         10003	2024-10-24 19:11:02	1	0	1	0
         10003	2024-10-25 08:07:13	1	0	1	0
         10002	2024-10-25 09:23:44	1	0	1	0
         10001	2024-10-25 10:03:16	1	0	1	0
         10005	2024-10-25 10:07:46	1	0	1	0
         10005	2024-10-25 18:58:35	1	0	1	0
         10003	2024-10-25 18:58:56	1	0	1	0
         10001	2024-10-25 19:17:04	1	0	1	0
         10003	2024-10-26 08:38:39	1	0	1	0
         10002	2024-10-26 09:21:54	1	0	1	0
         10001	2024-10-26 09:48:17	1	0	1	0
         10006	2024-10-26 10:11:55	1	0	1	0
         10001	2024-10-26 14:11:55	1	0	15	0
         10003	2024-10-26 19:48:07	1	0	1	0
         10002	2024-10-26 20:29:05	1	0	1	0
         10001	2024-10-26 20:57:30	1	0	1	0
         10003	2024-10-28 08:42:33	1	0	1	0
         10002	2024-10-28 09:14:46	1	0	1	0
         10005	2024-10-28 09:42:31	1	0	1	0
         10001	2024-10-28 09:47:30	1	0	15	0
         10003	2024-10-28 18:31:26	1	0	1	0
         10005	2024-10-28 19:01:31	1	0	1	0
         10002	2024-10-28 19:09:27	1	0	1	0
         10002	2024-10-29 09:23:02	1	0	1	0
         10001	2024-10-29 09:58:45	1	0	1	0
         10005	2024-10-29 10:08:01	1	0	1	0
         10002	2024-10-29 19:02:30	1	0	1	0
         10005	2024-10-29 19:03:05	1	0	1	0
         10001	2024-10-29 19:33:09	1	0	1	0
         10002	2024-10-30 09:21:35	1	0	1	0
         10001	2024-10-30 09:42:34	1	0	1	0
         10005	2024-10-30 10:09:47	1	0	1	0
         10005	2024-10-30 19:07:28	1	0	1	0
         10002	2024-10-30 19:10:03	1	0	1	0
         10001	2024-10-30 19:20:12	1	0	1	0
         10003	2024-10-31 08:15:10	1	0	1	0
         10002	2024-10-31 09:24:44	1	0	1	0
         10002	2024-10-31 09:25:29	1	0	1	0
         10006	2024-10-31 10:10:03	1	0	1	0
         10005	2024-10-31 10:14:15	1	0	1	0
         10005	2024-10-31 18:47:44	1	0	1	0
         10002	2024-10-31 18:52:21	1	0	1	0
         10003	2024-10-31 18:59:45	1	0	1	0
         10003	2024-10-31 19:15:43	1	0	1	0
         10003	2024-11-01 08:40:54	1	0	1	0
         10002	2024-11-01 09:12:42	1	0	1	0
         10001	2024-11-01 09:58:32	1	0	1	0
         10005	2024-11-01 10:16:05	1	0	1	0
         10001	2024-11-01 13:37:44	1	0	15	0
         10002	2024-11-01 18:51:36	1	0	1	0
         10005	2024-11-01 18:58:31	1	0	1	0
         10003	2024-11-01 19:14:45	1	0	1	0
         10001	2024-11-01 19:21:23	1	0	1	0
         10001	2024-11-01 19:21:25	1	0	1	0
         10003	2024-11-02 09:03:57	1	0	1	0
         10002	2024-11-02 09:21:34	1	0	1	0
         10001	2024-11-02 09:54:00	1	0	1	0
         10006	2024-11-02 10:06:47	1	0	1	0
         10006	2024-11-02 10:06:48	1	0	1	0
         10003	2024-11-02 19:43:39	1	0	1	0
         10006	2024-11-02 19:51:48	1	0	1	0
         10003	2024-11-04 08:45:45	1	0	1	0
         10003	2024-11-04 08:53:33	1	0	1	0
         10005	2024-11-04 09:19:09	1	0	1	0
         10001	2024-11-04 10:07:13	1	0	1	0
         10005	2024-11-04 18:51:51	1	0	1	0
         10003	2024-11-04 19:10:08	1	0	1	0
         10003	2024-11-05 08:23:32	1	0	1	0
         10002	2024-11-05 09:27:10	1	0	1	0
         10001	2024-11-05 09:57:02	1	0	1	0
         10005	2024-11-05 10:11:28	1	0	1	0
         10002	2024-11-05 18:49:50	1	0	1	0
         10005	2024-11-05 18:53:10	1	0	1	0
         10003	2024-11-05 19:08:05	1	0	1	0
         10001	2024-11-05 19:19:43	1	0	1	0
         10003	2024-11-06 08:04:21	1	0	1	0
         10001	2024-11-06 09:22:37	1	0	1	0
         10002	2024-11-06 09:33:46	1	0	1	0
         10005	2024-11-06 10:21:57	1	0	1	0
         10002	2024-11-06 19:07:41	1	0	1	0
         10005	2024-11-06 19:12:22	1	0	1	0
         10001	2024-11-06 19:26:56	1	0	1	0
         10003	2024-11-06 19:28:25	1	0	1	0
         10003	2024-11-07 08:06:09	1	0	1	0
         10002	2024-11-07 09:17:39	1	0	1	0
         10006	2024-11-07 10:12:22	1	0	1	0
         10005	2024-11-07 10:22:15	1	0	1	0
         10006	2024-11-07 18:54:53	1	0	1	0
         10005	2024-11-07 18:55:54	1	0	1	0
         10002	2024-11-07 19:00:53	1	0	1	0
         10003	2024-11-07 19:07:33	1	0	1	0
         10003	2024-11-08 08:37:21	1	0	1	0
         10002	2024-11-08 09:00:35	1	0	1	0
         10005	2024-11-08 10:07:41	1	0	1	0
         10002	2024-11-08 18:55:25	1	0	1	0
         10005	2024-11-08 18:56:11	1	0	1	0
         10003	2024-11-08 19:20:20	1	0	1	0
         10003	2024-11-09 08:43:11	1	0	1	0
         10002	2024-11-09 09:16:27	1	0	1	0
         10006	2024-11-09 10:20:16	1	0	1	0
         10006	2024-11-09 19:03:51	1	0	1	0
         10002	2024-11-09 19:04:24	1	0	1	0
         10003	2024-11-09 19:25:37	1	0	1	0
         10003	2024-11-11 09:44:01	1	0	1	0
         10005	2024-11-11 09:44:10	1	0	1	0
         10001	2024-11-11 09:49:07	1	0	1	0
         10005	2024-11-11 18:52:09	1	0	1	0
         10002	2024-11-11 18:52:51	1	0	1	0
         10003	2024-11-11 19:03:50	1	0	1	0
         10001	2024-11-11 19:04:30	1	0	1	0
         10003	2024-11-12 08:11:01	1	0	1	0
         10002	2024-11-12 09:23:42	1	0	1	0
         10001	2024-11-12 09:59:35	1	0	1	0
         10005	2024-11-12 10:10:36	1	0	1	0
         10002	2024-11-12 18:46:15	1	0	1	0
         10005	2024-11-12 18:49:05	1	0	1	0
         10003	2024-11-12 18:50:22	1	0	1	0
         10001	2024-11-12 18:58:05	1	0	1	0
         10003	2024-11-13 09:05:04	1	0	1	0
         10002	2024-11-13 09:19:37	1	0	1	0
         10005	2024-11-13 10:09:53	1	0	1	0
         10001	2024-11-13 10:12:22	1	0	1	0
         10002	2024-11-13 18:58:59	1	0	1	0
         10005	2024-11-13 19:03:21	1	0	1	0
         10001	2024-11-13 19:14:27	1	0	1	0
         10003	2024-11-13 19:17:07	1	0	1	0
         10003	2024-11-14 08:05:24	1	0	1	0
         10002	2024-11-14 09:22:16	1	0	1	0
         10005	2024-11-14 10:07:42	1	0	1	0
         10006	2024-11-14 10:10:23	1	0	1	0
         10002	2024-11-14 18:31:04	1	0	1	0
         10006	2024-11-14 18:31:53	1	0	1	0
         10005	2024-11-14 18:38:16	1	0	1	0
         10003	2024-11-14 19:03:05	1	0	1	0
         10003	2024-11-15 07:54:49	1	0	1	0
         10002	2024-11-15 09:20:08	1	0	1	0
         10001	2024-11-15 10:22:53	1	0	1	0
         10002	2024-11-15 19:24:25	1	0	1	0
         10003	2024-11-15 19:27:14	1	0	1	0
         10001	2024-11-15 19:38:57	1	0	1	0
         10003	2024-11-16 08:41:01	1	0	1	0
         10002	2024-11-16 09:32:29	1	0	1	0
         10001	2024-11-16 09:55:29	1	0	1	0
         10006	2024-11-16 10:08:48	1	0	1	0
         10003	2024-11-16 18:55:22	1	0	1	0
         10001	2024-11-16 20:12:04	1	0	1	0
         10003	2024-11-18 09:43:00	1	0	1	0
         10005	2024-11-18 09:43:19	1	0	1	0
         10001	2024-11-18 09:45:07	1	0	1	0
         10005	2024-11-18 19:15:38	1	0	1	0
         10003	2024-11-18 19:18:14	1	0	1	0
         10001	2024-11-18 19:20:30	1	0	1	0
         10003	2024-11-19 08:45:10	1	0	1	0
         10005	2024-11-19 10:17:17	1	0	1	0
         10005	2024-11-19 18:55:15	1	0	1	0
         10003	2024-11-19 19:00:55	1	0	1	0
         10003	2024-11-19 19:03:41	1	0	1	0
         10001	2024-11-19 19:29:42	1	0	1	0
         10003	2024-11-20 07:40:20	1	0	1	0
         10002	2024-11-20 09:21:12	1	0	1	0
         10005	2024-11-20 10:09:15	1	0	1	0
         10001	2024-11-20 10:18:29	1	0	1	0
         10005	2024-11-20 18:55:53	1	0	1	0
         10002	2024-11-20 18:58:31	1	0	1	0
         10003	2024-11-20 19:17:36	1	0	1	0
         10001	2024-11-20 19:17:57	1	0	1	0
         10003	2024-11-21 08:19:31	1	0	1	0
         10002	2024-11-21 09:16:07	1	0	1	0
         10006	2024-11-21 10:10:22	1	0	1	0
         10005	2024-11-21 10:15:50	1	0	1	0
         10002	2024-11-21 18:45:42	1	0	1	0
         10006	2024-11-21 18:45:52	1	0	1	0
         10003	2024-11-21 19:31:20	1	0	1	0
         10003	2024-11-22 07:55:32	1	0	1	0
         10002	2024-11-22 09:22:40	1	0	1	0
         10001	2024-11-22 09:59:26	1	0	1	0
         10001	2024-11-22 09:59:28	1	0	1	0
         10005	2024-11-22 10:07:20	1	0	1	0
         10005	2024-11-22 18:49:13	1	0	1	0
         10002	2024-11-22 18:54:30	1	0	1	0
         10003	2024-11-22 19:04:59	1	0	1	0
         10001	2024-11-22 19:06:59	1	0	1	0
         10003	2024-11-23 08:47:56	1	0	1	0
         10002	2024-11-23 09:28:15	1	0	1	0
         10001	2024-11-23 09:59:55	1	0	1	0
         10006	2024-11-23 10:15:15	1	0	1	0
         10003	2024-11-23 19:18:14	1	0	1	0
         10006	2024-11-23 19:47:14	1	0	1	0
         10002	2024-11-23 19:51:49	1	0	1	0
         10001	2024-11-23 21:22:34	1	0	1	0
         10005	2024-11-25 09:56:38	1	0	1	0
         10005	2024-11-25 09:56:39	1	0	1	0
         10002	2024-11-25 09:57:15	1	0	1	0
         10001	2024-11-25 09:59:28	1	0	1	0
         10002	2024-11-25 18:59:48	1	0	1	0
         10005	2024-11-25 19:05:20	1	0	1	0
         10001	2024-11-25 19:09:17	1	0	15	0
         10003	2024-11-26 07:56:54	1	0	1	0
         10002	2024-11-26 09:10:10	1	0	1	0
         10005	2024-11-26 10:12:28	1	0	1	0
         10001	2024-11-26 10:27:09	1	0	15	0
         10002	2024-11-26 18:49:21	1	0	1	0
         10002	2024-11-26 18:52:42	1	0	1	0
         10003	2024-11-26 19:06:58	1	0	1	0
         10001	2024-11-26 19:18:57	1	0	15	0
         10003	2024-11-27 07:59:53	1	0	1	0
         10002	2024-11-27 09:24:27	1	0	1	0
         10001	2024-11-27 09:51:41	1	0	1	0
         10005	2024-11-27 10:15:05	1	0	1	0
         10005	2024-11-27 18:59:57	1	0	1	0
         10002	2024-11-27 19:04:27	1	0	1	0
         10001	2024-11-27 19:18:58	1	0	15	0
         10003	2024-11-27 19:19:33	1	0	1	0
         10003	2024-11-28 08:01:35	1	0	1	0
         10002	2024-11-28 09:25:42	1	0	1	0
         10006	2024-11-28 10:12:40	1	0	1	0
         10005	2024-11-28 10:15:11	1	0	1	0
         10006	2024-11-28 18:49:56	1	0	1	0
         10002	2024-11-28 18:50:39	1	0	1	0
         10005	2024-11-28 18:51:08	1	0	1	0
         10003	2024-11-28 19:27:09	1	0	1	0
         10003	2024-11-29 08:30:37	1	0	1	0
         10002	2024-11-29 09:27:26	1	0	1	0
         10001	2024-11-29 09:49:58	1	0	1	0
         10005	2024-11-29 10:00:06	1	0	1	0
         10002	2024-11-29 18:53:58	1	0	1	0
         10005	2024-11-29 18:58:14	1	0	1	0
         10003	2024-11-29 18:58:53	1	0	1	0
         10003	2024-11-29 19:25:01	1	0	1	0
         10003	2024-11-30 08:46:58	1	0	1	0
         10002	2024-11-30 09:26:15	1	0	1	0
         10001	2024-11-30 09:56:25	1	0	1	0
         10006	2024-11-30 10:01:18	1	0	1	0
         10002	2024-11-30 19:21:46	1	0	1	0
         10003	2024-11-30 19:35:39	1	0	1	0
         10001	2024-11-30 21:09:58	1	0	1	0
         10003	2024-12-02 09:48:04	1	0	1	0
         10005	2024-12-02 09:48:13	1	0	1	0
         10005	2024-12-02 09:48:45	1	0	1	0
         10001	2024-12-02 09:52:59	1	0	15	0
         10002	2024-12-02 10:02:40	1	0	1	0
         10005	2024-12-02 18:58:53	1	0	1	0
         10002	2024-12-02 18:58:59	1	0	1	0
         10001	2024-12-02 19:14:26	1	0	15	0
         10003	2024-12-02 19:21:11	1	0	1	0
         10003	2024-12-03 08:24:59	1	0	1	0
         10002	2024-12-03 09:20:51	1	0	1	0
         10001	2024-12-03 10:06:22	1	0	15	0
         10005	2024-12-03 10:09:44	1	0	1	0
         10002	2024-12-03 18:50:07	1	0	1	0
         10005	2024-12-03 18:54:55	1	0	1	0
         10003	2024-12-03 19:00:37	1	0	1	0
         10003	2024-12-04 08:26:47	1	0	1	0
         10002	2024-12-04 09:26:13	1	0	1	0
         10005	2024-12-04 10:01:01	1	0	1	0
         10001	2024-12-04 10:10:32	1	0	15	0
         10001	2024-12-04 10:10:34	1	0	1	0
         10002	2024-12-04 18:53:55	1	0	1	0
         10005	2024-12-04 18:55:48	1	0	1	0
         10003	2024-12-04 18:59:14	1	0	1	0
         10001	2024-12-04 19:19:39	1	0	15	0
         10003	2024-12-04 19:23:01	1	0	1	0
         10002	2024-12-05 09:15:05	1	0	1	0
         10005	2024-12-05 10:01:01	1	0	1	0
         10006	2024-12-05 10:18:27	1	0	1	0
         10005	2024-12-05 19:29:31	1	0	1	0
         10006	2024-12-05 19:29:43	1	0	1	0
         10002	2024-12-05 19:34:56	1	0	1	0
         10003	2024-12-06 08:18:20	1	0	1	0
         10002	2024-12-06 09:19:40	1	0	1	0
         10005	2024-12-06 10:08:37	1	0	1	0
         10001	2024-12-06 10:35:23	1	0	15	0
         10005	2024-12-06 19:07:50	1	0	1	0
         10002	2024-12-06 19:11:24	1	0	1	0
         10003	2024-12-06 19:21:02	1	0	1	0
         10001	2024-12-06 19:38:37	1	0	15	0
         10003	2024-12-07 08:53:51	1	0	1	0
         10001	2024-12-07 10:01:40	1	0	15	0
         10006	2024-12-07 10:10:46	1	0	1	0
         10003	2024-12-07 20:32:08	1	0	1	0
         10006	2024-12-07 20:33:07	1	0	1	0
         10006	2024-12-07 20:33:08	1	0	1	0
         10006	2024-12-07 20:33:10	1	0	1	0
         10001	2024-12-07 21:58:49	1	0	15	0
         10002	2024-12-09 09:47:40	1	0	1	0
         10003	2024-12-09 09:47:45	1	0	1	0
         10001	2024-12-09 09:49:23	1	0	15	0
         10002	2024-12-09 19:12:04	1	0	1	0
         10001	2024-12-09 19:28:24	1	0	1	0
         10003	2024-12-09 19:31:36	1	0	1	0
         10003	2024-12-10 08:27:30	1	0	1	0
         10002	2024-12-10 09:27:13	1	0	1	0
         10001	2024-12-10 10:02:51	1	0	1	0
         10003	2024-12-10 18:54:25	1	0	1	0
         10002	2024-12-10 19:02:44	1	0	1	0
         10001	2024-12-10 19:34:51	1	0	15	0
         10003	2024-12-11 08:24:18	1	0	1	0
         10005	2024-12-11 10:00:21	1	0	1	0
         10001	2024-12-11 10:18:31	1	0	1	0
         10005	2024-12-11 18:59:04	1	0	1	0
         10002	2024-12-11 19:00:45	1	0	1	0
         10003	2024-12-11 19:15:03	1	0	1	0
         10001	2024-12-11 19:32:23	1	0	1	0
         10003	2024-12-12 07:46:59	1	0	1	0
         10002	2024-12-12 09:21:06	1	0	1	0
         10005	2024-12-12 10:06:11	1	0	1	0
         10006	2024-12-12 10:12:56	1	0	1	0
         10005	2024-12-12 18:51:02	1	0	1	0
         10005	2024-12-12 18:51:04	1	0	1	0
         10006	2024-12-12 18:51:15	1	0	1	0
         10002	2024-12-12 18:57:37	1	0	1	0
         10003	2024-12-12 19:03:00	1	0	1	0
         10003	2024-12-12 19:22:25	1	0	1	0
         10003	2024-12-13 08:33:10	1	0	1	0
         10001	2024-12-13 10:17:09	1	0	15	0
         10002	2024-12-13 19:03:25	1	0	1	0
         10003	2024-12-13 19:30:04	1	0	1	0
         10001	2024-12-13 19:33:46	1	0	1	0
         10003	2024-12-14 08:46:19	1	0	1	0
         10001	2024-12-14 09:52:39	1	0	1	0
         10006	2024-12-14 10:02:13	1	0	1	0
         10003	2024-12-14 18:54:16	1	0	1	0
         10001	2024-12-14 19:04:26	1	0	1	0
         10003	2024-12-16 07:55:56	1	0	1	0
         10002	2024-12-16 08:24:10	1	0	1	0
         10005	2024-12-16 08:50:28	1	0	1	0
         10001	2024-12-16 09:53:16	1	0	1	0
         10005	2024-12-16 19:03:04	1	0	1	0
         10002	2024-12-17 09:18:19	1	0	1	0
         10003	2024-12-17 09:22:50	1	0	1	0
         10001	2024-12-17 09:55:25	1	0	1	0
         10005	2024-12-17 10:09:34	1	0	1	0
         10001	2024-12-17 18:15:41	1	0	1	0
         10002	2024-12-17 18:49:53	1	0	1	0
         10005	2024-12-17 18:50:11	1	0	1	0
         10003	2024-12-17 19:10:32	1	0	1	0
         10003	2024-12-18 08:14:36	1	0	1	0
         10002	2024-12-18 09:21:59	1	0	1	0
         10001	2024-12-18 09:54:54	1	0	1	0
         10005	2024-12-18 10:15:10	1	0	1	0
         10005	2024-12-18 10:15:12	1	0	1	0
         10002	2024-12-18 18:53:20	1	0	1	0
         10005	2024-12-18 18:57:00	1	0	1	0
         10003	2024-12-18 19:20:48	1	0	1	0
         10003	2024-12-19 07:43:32	1	0	1	0
         10002	2024-12-19 09:15:15	1	0	1	0
         10006	2024-12-19 09:57:55	1	0	1	0
         10005	2024-12-19 10:11:24	1	0	1	0
         10005	2024-12-19 18:34:28	1	0	1	0
         10003	2024-12-19 19:29:24	1	0	1	0
         10003	2024-12-20 08:07:56	1	0	1	0
         10002	2024-12-20 09:13:32	1	0	1	0
         10002	2024-12-20 09:13:34	1	0	1	0
         10001	2024-12-20 09:56:23	1	0	1	0
         10005	2024-12-20 10:07:12	1	0	1	0
         10001	2024-12-20 18:09:42	1	0	1	0
         10002	2024-12-20 18:56:36	1	0	1	0
         10005	2024-12-20 18:58:54	1	0	1	0
         10003	2024-12-20 19:17:29	1	0	1	0
         10003	2024-12-21 07:59:43	1	0	1	0
         10002	2024-12-21 09:13:53	1	0	1	0
         10001	2024-12-21 09:52:53	1	0	1	0
         10006	2024-12-21 09:53:05	1	0	1	0
         10002	2024-12-21 19:03:08	1	0	1	0
         10006	2024-12-21 19:03:13	1	0	1	0
         10001	2024-12-21 19:27:55	1	0	1	0
         10003	2024-12-23 08:58:36	1	0	1	0
         10001	2024-12-23 10:08:23	1	0	1	0
         10005	2024-12-23 10:08:29	1	0	1	0
         10005	2024-12-23 19:06:56	1	0	1	0
         10003	2024-12-23 19:14:37	1	0	1	0
         10001	2024-12-23 20:11:38	1	0	15	0
         10003	2024-12-24 08:34:22	1	0	1	0
         10005	2024-12-24 10:14:38	1	0	1	0
         10001	2024-12-24 10:19:37	1	0	1	0
         10003	2024-12-24 18:41:16	1	0	1	0
         10005	2024-12-24 18:47:51	1	0	1	0
         10001	2024-12-24 18:52:48	1	0	15	0
         10002	2024-12-25 08:57:54	1	0	1	0
         10003	2024-12-25 09:07:57	1	0	1	0
         10001	2024-12-25 09:50:35	1	0	1	0
         10005	2024-12-25 10:19:39	1	0	1	0
         10005	2024-12-25 19:26:59	1	0	1	0
         10002	2024-12-25 19:27:27	1	0	1	0
         10003	2024-12-25 19:38:41	1	0	1	0
         10003	2024-12-26 08:05:57	1	0	1	0
         10002	2024-12-26 09:10:17	1	0	1	0
         10006	2024-12-26 09:57:53	1	0	1	0
         10005	2024-12-26 10:13:02	1	0	1	0
         10003	2024-12-26 18:52:39	1	0	1	0
         10006	2024-12-26 18:54:52	1	0	1	0
         10002	2024-12-26 18:57:39	1	0	1	0
         10002	2024-12-26 19:03:49	1	0	1	0
         10005	2024-12-26 19:04:52	1	0	1	0
         10003	2024-12-27 08:09:04	1	0	1	0
         10003	2024-12-27 08:56:41	1	0	1	0
         10002	2024-12-27 09:24:28	1	0	1	0
         10001	2024-12-27 10:06:15	1	0	1	0
         10005	2024-12-27 10:10:04	1	0	1	0
         10002	2024-12-27 17:24:48	1	0	1	0
         10001	2024-12-27 19:03:10	1	0	1	0
         10003	2024-12-27 19:10:18	1	0	1	0
         10003	2024-12-28 08:33:03	1	0	1	0
         10002	2024-12-28 09:20:30	1	0	1	0
         10001	2024-12-28 09:59:38	1	0	1	0
         10006	2024-12-28 10:01:49	1	0	1	0
         10006	2024-12-28 18:41:38	1	0	1	0
         10006	2024-12-28 18:41:39	1	0	1	0
         10002	2024-12-28 18:44:54	1	0	1	0
         10003	2024-12-28 18:56:22	1	0	1	0
         10003	2024-12-28 19:00:33	1	0	1	0
         10001	2024-12-28 19:03:09	1	0	1	0
         10002	2025-01-02 09:32:01	1	0	1	0
         10003	2025-01-02 09:32:06	1	0	1	0
         10006	2025-01-02 10:02:52	1	0	1	0
         10006	2025-01-02 10:02:53	1	0	1	0
         10002	2025-01-02 11:02:58	1	0	15	0
         10006	2025-01-02 18:47:51	1	0	1	0
         10003	2025-01-02 18:49:53	1	0	1	0
         10002	2025-01-02 18:50:26	1	0	1	0
         10003	2025-01-03 07:26:11	1	0	1	0
         10002	2025-01-03 09:20:10	1	0	1	0
         10001	2025-01-03 09:46:45	1	0	1	0
         10005	2025-01-03 10:09:10	1	0	1	0
         10005	2025-01-03 18:51:04	1	0	1	0
         10002	2025-01-03 18:51:20	1	0	1	0
         10003	2025-01-03 18:52:33	1	0	1	0
         10001	2025-01-03 19:21:01	1	0	1	0
         10003	2025-01-04 08:22:24	1	0	1	0
         10002	2025-01-04 09:24:47	1	0	1	0
         10006	2025-01-04 09:46:20	1	0	1	0
         10001	2025-01-04 09:53:12	1	0	1	0
         10002	2025-01-04 19:40:17	1	0	1	0
         10001	2025-01-04 20:00:56	1	0	1	0
         10003	2025-01-06 09:48:24	1	0	1	0
         10005	2025-01-06 09:48:35	1	0	1	0
         10001	2025-01-06 09:51:12	1	0	1	0
         10002	2025-01-06 09:58:01	1	0	1	0
         10001	2025-01-06 14:55:30	1	0	15	0
         10001	2025-01-06 14:58:13	1	0	15	0
         10005	2025-01-06 18:54:15	1	0	1	0
         10002	2025-01-06 18:58:22	1	0	1	0
         10003	2025-01-06 19:02:07	1	0	1	0
         10001	2025-01-06 19:19:18	1	0	15	0
         10003	2025-01-07 09:01:21	1	0	1	0
         10002	2025-01-07 09:16:59	1	0	1	0
         10005	2025-01-07 10:12:25	1	0	1	0
         10001	2025-01-07 10:24:38	1	0	1	0
         10002	2025-01-07 18:46:05	1	0	1	0
         10003	2025-01-07 18:48:27	1	0	1	0
         10005	2025-01-07 18:58:36	1	0	1	0
         10003	2025-01-08 08:51:13	1	0	1	0
         10002	2025-01-08 09:32:19	1	0	1	0
         10001	2025-01-08 09:56:29	1	0	1	0
         10005	2025-01-08 10:15:06	1	0	1	0
         10005	2025-01-08 19:06:35	1	0	1	0
         10002	2025-01-08 19:09:05	1	0	1	0
         10003	2025-01-08 19:15:41	1	0	1	0
         10003	2025-01-09 08:41:00	1	0	1	0
         10002	2025-01-09 09:22:51	1	0	1	0
         10005	2025-01-09 10:10:37	1	0	1	0
         10006	2025-01-09 10:15:01	1	0	1	0
         10006	2025-01-09 18:57:07	1	0	1	0
         10005	2025-01-09 18:59:15	1	0	1	0
         10002	2025-01-09 19:05:48	1	0	1	0
         10003	2025-01-09 19:18:15	1	0	1	0
         10003	2025-01-10 08:20:33	1	0	1	0
         10002	2025-01-10 09:21:06	1	0	1	0
         10001	2025-01-10 10:04:31	1	0	1	0
         10005	2025-01-10 10:10:30	1	0	1	0
         10005	2025-01-10 18:52:39	1	0	1	0
         10005	2025-01-10 18:52:41	1	0	1	0
         10001	2025-01-10 18:52:49	1	0	1	0
         10002	2025-01-10 18:55:10	1	0	1	0
         10003	2025-01-10 19:07:08	1	0	1	0
         10003	2025-01-11 07:53:35	1	0	1	0
         10002	2025-01-11 09:16:20	1	0	1	0
         10006	2025-01-11 09:58:47	1	0	1	0
         10001	2025-01-11 10:03:59	1	0	1	0
         10006	2025-01-11 19:15:08	1	0	1	0
         10002	2025-01-11 19:17:22	1	0	1	0
         10001	2025-01-11 19:42:15	1	0	15	0
         10003	2025-01-13 09:53:23	1	0	1	0
         10005	2025-01-13 09:54:07	1	0	1	0
         10002	2025-01-13 09:54:39	1	0	1	0
         10001	2025-01-13 09:57:46	1	0	1	0
         10005	2025-01-13 19:01:21	1	0	1	0
         10003	2025-01-13 19:20:27	1	0	1	0
         10001	2025-01-13 19:36:40	1	0	1	0
         10003	2025-01-14 08:29:06	1	0	1	0
         10002	2025-01-14 09:27:56	1	0	1	0
         10005	2025-01-14 10:02:47	1	0	1	0
         10001	2025-01-14 10:11:56	1	0	1	0
         10005	2025-01-14 18:53:11	1	0	1	0
         10002	2025-01-14 18:55:39	1	0	1	0
         10001	2025-01-14 19:05:11	1	0	1	0
         10003	2025-01-14 19:09:30	1	0	1	0
         10003	2025-01-15 08:32:10	1	0	1	0
         10002	2025-01-15 09:36:09	1	0	1	0
         10005	2025-01-15 10:02:53	1	0	1	0
         10001	2025-01-15 10:35:04	1	0	15	0
         10001	2025-01-15 10:35:05	1	0	1	0
         10002	2025-01-15 19:02:22	1	0	1	0
         10005	2025-01-15 19:04:40	1	0	1	0
         10001	2025-01-15 19:06:04	1	0	1	0
         10003	2025-01-15 19:22:09	1	0	1	0
         10003	2025-01-15 19:28:52	1	0	1	0
         10003	2025-01-16 08:57:05	1	0	1	0
         10002	2025-01-16 09:22:32	1	0	1	0
         10005	2025-01-16 10:05:25	1	0	1	0
         10006	2025-01-16 10:09:09	1	0	1	0
         10006	2025-01-16 10:09:10	1	0	1	0
         10003	2025-01-16 18:55:42	1	0	1	0
         10006	2025-01-16 18:59:07	1	0	1	0
         10002	2025-01-16 19:02:52	1	0	1	0
         10005	2025-01-16 19:03:14	1	0	1	0
         10003	2025-01-17 08:46:15	1	0	1	0
         10002	2025-01-17 09:21:51	1	0	1	0
         10005	2025-01-17 10:13:52	1	0	1	0
         10001	2025-01-17 10:19:33	1	0	1	0
         10005	2025-01-17 18:57:22	1	0	1	0
         10002	2025-01-17 18:58:47	1	0	1	0
         10001	2025-01-17 19:11:45	1	0	1	0
         10003	2025-01-17 19:15:03	1	0	1	0
         10003	2025-01-18 09:11:09	1	0	1	0
         10002	2025-01-18 09:19:43	1	0	1	0
         10001	2025-01-18 10:06:48	1	0	1	0
         10001	2025-01-18 10:06:52	1	0	15	0
         10006	2025-01-18 10:08:14	1	0	1	0
         10003	2025-01-18 19:37:55	1	0	1	0
         10002	2025-01-18 20:10:53	1	0	1	0
         10006	2025-01-18 20:11:00	1	0	1	0
         10001	2025-01-18 20:33:38	1	0	1	0
         10003	2025-01-20 09:34:12	1	0	1	0
         10005	2025-01-20 09:34:37	1	0	1	0
         10001	2025-01-20 09:37:16	1	0	1	0
         10003	2025-01-20 18:32:40	1	0	1	0
         10005	2025-01-20 18:34:45	1	0	1	0
         10001	2025-01-20 18:51:55	1	0	1	0
         10003	2025-01-21 07:51:31	1	0	1	0
         10002	2025-01-21 09:21:59	1	0	1	0
         10005	2025-01-21 09:55:43	1	0	1	0
         10001	2025-01-21 10:21:22	1	0	1	0
         10005	2025-01-21 18:44:08	1	0	1	0
         10002	2025-01-21 18:47:49	1	0	1	0
         10003	2025-01-21 19:03:44	1	0	1	0
         10001	2025-01-21 19:49:16	1	0	1	0
         10003	2025-01-22 08:07:39	1	0	1	0
         10002	2025-01-22 09:19:10	1	0	1	0
         10005	2025-01-22 10:07:16	1	0	1	0
         10001	2025-01-22 10:14:34	1	0	1	0
         10002	2025-01-22 19:02:05	1	0	1	0
         10005	2025-01-22 19:16:54	1	0	1	0
         10003	2025-01-22 19:18:07	1	0	1	0
         10001	2025-01-22 19:40:31	1	0	1	0
         10003	2025-01-23 07:59:17	1	0	1	0
         10002	2025-01-23 09:10:05	1	0	1	0
         10006	2025-01-23 09:58:29	1	0	1	0
         10006	2025-01-23 09:58:30	1	0	1	0
         10006	2025-01-23 10:00:02	1	0	1	0
         10005	2025-01-23 10:03:38	1	0	1	0
         10006	2025-01-23 18:51:24	1	0	1	0
         10005	2025-01-23 18:55:01	1	0	1	0
         10002	2025-01-23 18:55:10	1	0	1	0
         10003	2025-01-23 19:27:11	1	0	1	0
         10003	2025-01-24 07:58:54	1	0	1	0
         10002	2025-01-24 09:28:26	1	0	1	0
         10005	2025-01-24 10:11:21	1	0	1	0
         10001	2025-01-24 10:11:57	1	0	1	0
         10005	2025-01-24 18:51:26	1	0	1	0
         10002	2025-01-24 18:53:24	1	0	1	0
         10001	2025-01-24 19:03:03	1	0	1	0
         10001	2025-01-24 19:03:04	1	0	15	0
         10001	2025-01-24 19:03:05	1	0	1	0
         10003	2025-01-24 19:22:00	1	0	1	0
         10003	2025-01-25 08:31:19	1	0	1	0
         10002	2025-01-25 09:23:33	1	0	1	0
         10006	2025-01-25 10:08:42	1	0	1	0
         10006	2025-01-25 10:08:44	1	0	1	0
         10001	2025-01-25 10:09:17	1	0	1	0
         10002	2025-01-25 16:43:21	1	0	1	0
         10002	2025-01-25 16:43:22	1	0	1	0
         10003	2025-01-25 18:44:38	1	0	1	0
         10006	2025-01-25 18:58:54	1	0	1	0
         10001	2025-01-25 19:21:08	1	0	1	0
         10003	2025-01-27 09:28:32	1	0	1	0
         10001	2025-01-27 09:28:44	1	0	1	0
         10005	2025-01-27 09:29:14	1	0	1	0
         10005	2025-01-27 18:57:50	1	0	1	0
         10003	2025-01-27 19:22:35	1	0	1	0
         10001	2025-01-27 21:37:55	1	0	15	0
         10003	2025-01-28 08:44:26	1	0	1	0
         10001	2025-01-28 09:58:34	1	0	1	0
         10005	2025-01-28 10:02:55	1	0	1	0
         10005	2025-01-28 18:56:18	1	0	1	0
         10003	2025-01-28 19:24:24	1	0	1	0
         10001	2025-01-28 19:29:00	1	0	15	0
         10003	2025-01-29 08:51:26	1	0	1	0
         10005	2025-01-29 09:59:19	1	0	1	0
         10005	2025-01-29 09:59:21	1	0	1	0
         10001	2025-01-29 10:11:20	1	0	1	0
         10003	2025-01-29 18:48:07	1	0	1	0
         10001	2025-01-29 21:56:21	1	0	15	0
         10001	2025-01-29 21:56:23	1	0	1	0
         10003	2025-01-30 08:16:49	1	0	1	0
         10002	2025-01-30 08:36:59	1	0	1	0
         10005	2025-01-30 09:14:19	1	0	1	0
         10006	2025-01-30 10:07:48	1	0	1	0
         10003	2025-01-30 19:34:34	1	0	1	0
         10003	2025-01-31 08:06:54	1	0	1	0
         10001	2025-01-31 09:56:55	1	0	15	0
         10005	2025-01-31 10:03:32	1	0	1	0
         10003	2025-01-31 19:37:57	1	0	1	0
         10005	2025-01-31 19:39:03	1	0	1	0
         10001	2025-01-31 19:49:21	1	0	1	0
         10003	2025-02-01 08:54:40	1	0	1	0
         10001	2025-02-01 10:15:33	1	0	1	0
         10006	2025-02-01 12:24:46	1	0	1	0
         10003	2025-02-01 19:48:03	1	0	1	0
         10003	2025-02-01 19:48:08	1	0	1	0
         10001	2025-02-01 20:17:34	1	0	15	0
         10003	2025-02-03 09:32:59	1	0	1	0
         10001	2025-02-03 09:33:09	1	0	1	0
         10005	2025-02-03 09:33:21	1	0	1	0
         10002	2025-02-03 09:39:56	1	0	1	0
         10002	2025-02-03 18:33:34	1	0	1	0
         10005	2025-02-03 19:08:39	1	0	1	0
         10001	2025-02-03 19:15:58	1	0	1	0
         10003	2025-02-03 19:25:29	1	0	1	0
         10003	2025-02-04 08:26:02	1	0	1	0
         10002	2025-02-04 09:18:56	1	0	1	0
         10005	2025-02-04 10:04:58	1	0	1	0
         10001	2025-02-04 10:24:20	1	0	1	0
         10005	2025-02-04 18:44:26	1	0	1	0
         10002	2025-02-04 18:45:15	1	0	1	0
         10003	2025-02-04 18:59:20	1	0	1	0
         10001	2025-02-04 19:29:36	1	0	1	0
         10003	2025-02-05 08:38:04	1	0	1	0
         10002	2025-02-05 09:26:54	1	0	1	0
         10001	2025-02-05 09:40:35	1	0	1	0
         10005	2025-02-05 10:00:23	1	0	1	0
         10005	2025-02-05 18:57:57	1	0	1	0
         10002	2025-02-05 19:03:18	1	0	1	0
         10003	2025-02-05 19:12:55	1	0	1	0
         10001	2025-02-05 19:23:02	1	0	1	0
         10003	2025-02-06 08:44:36	1	0	1	0
         10002	2025-02-06 09:24:25	1	0	1	0
         10005	2025-02-06 10:06:12	1	0	1	0
         10006	2025-02-06 10:08:10	1	0	1	0
         10005	2025-02-06 18:56:34	1	0	1	0
         10006	2025-02-06 18:58:35	1	0	1	0
         10002	2025-02-06 19:31:01	1	0	1	0
         10003	2025-02-06 19:31:23	1	0	1	0
         10003	2025-02-07 08:28:15	1	0	1	0
         10002	2025-02-07 09:20:41	1	0	1	0
         10001	2025-02-07 09:57:59	1	0	1	0
         10005	2025-02-07 09:58:44	1	0	1	0
         10002	2025-02-07 18:52:27	1	0	1	0
         10005	2025-02-07 18:52:53	1	0	1	0
         10003	2025-02-07 19:08:51	1	0	1	0
         10001	2025-02-07 19:17:46	1	0	1	0
         10003	2025-02-08 09:02:39	1	0	1	0
         10002	2025-02-08 09:17:59	1	0	1	0
         10001	2025-02-08 09:43:59	1	0	1	0
         10006	2025-02-08 10:13:43	1	0	1	0
         10003	2025-02-08 18:36:18	1	0	1	0
         10003	2025-02-08 18:36:20	1	0	1	0
         10002	2025-02-08 18:42:59	1	0	1	0
         10003	2025-02-10 09:52:25	1	0	1	0
         10005	2025-02-10 09:52:45	1	0	1	0
         10001	2025-02-10 09:53:44	1	0	1	0
         10002	2025-02-10 09:54:18	1	0	1	0
         10005	2025-02-10 18:57:17	1	0	1	0
         10003	2025-02-10 19:16:28	1	0	1	0
         10003	2025-02-11 08:02:28	1	0	1	0
         10002	2025-02-11 09:18:28	1	0	1	0
         10001	2025-02-11 09:55:23	1	0	1	0
         10005	2025-02-11 10:07:52	1	0	1	0
         10002	2025-02-11 18:46:18	1	0	1	0
         10003	2025-02-11 18:51:28	1	0	1	0
         10005	2025-02-11 19:00:30	1	0	1	0
         10002	2025-02-12 09:13:03	1	0	1	0
         10001	2025-02-12 10:02:02	1	0	1	0
         10005	2025-02-12 10:02:33	1	0	1	0
         10005	2025-02-12 18:37:54	1	0	1	0
         10002	2025-02-12 18:40:13	1	0	1	0
         10001	2025-02-12 19:25:32	1	0	1	0
         10003	2025-02-13 08:03:38	1	0	1	0
         10002	2025-02-13 09:19:03	1	0	1	0
         10005	2025-02-13 10:07:45	1	0	1	0
         10006	2025-02-13 10:08:39	1	0	1	0
         10002	2025-02-13 11:22:35	1	0	15	0
         10005	2025-02-13 18:43:23	1	0	1	0
         10003	2025-02-13 18:43:37	1	0	1	0
         10006	2025-02-13 18:46:15	1	0	1	0
         10002	2025-02-13 18:46:20	1	0	1	0
         10003	2025-02-13 19:21:10	1	0	1	0
         10003	2025-02-14 07:54:04	1	0	1	0
         10005	2025-02-14 10:04:22	1	0	1	0
         10001	2025-02-14 10:07:56	1	0	1	0
         10005	2025-02-14 19:00:56	1	0	1	0
         10001	2025-02-14 19:05:13	1	0	1	0
         10003	2025-02-14 19:05:22	1	0	1	0
         10003	2025-02-15 08:47:05	1	0	1	0
         10001	2025-02-15 10:12:51	1	0	1	0
         10006	2025-02-15 10:13:32	1	0	1	0
         10003	2025-02-15 19:39:11	1	0	1	0
         10003	2025-02-17 09:43:34	1	0	1	0
         10005	2025-02-17 09:44:02	1	0	1	0
         10001	2025-02-17 09:46:06	1	0	1	0
         10002	2025-02-17 09:52:43	1	0	1	0
         10002	2025-02-17 18:50:03	1	0	1	0
         10005	2025-02-17 18:53:54	1	0	1	0
         10001	2025-02-17 19:00:10	1	0	1	0
         10003	2025-02-17 19:16:43	1	0	1	0
         10003	2025-02-18 07:54:40	1	0	1	0
         10001	2025-02-18 09:17:11	1	0	1	0
         10002	2025-02-18 09:39:15	1	0	1	0
         10005	2025-02-18 10:02:30	1	0	1	0
         10001	2025-02-18 15:59:55	1	0	15	0
         10002	2025-02-18 18:49:13	1	0	1	0
         10005	2025-02-18 18:51:09	1	0	1	0
         10003	2025-02-18 18:54:42	1	0	1	0
         10001	2025-02-18 19:08:50	1	0	15	0
         10003	2025-02-19 08:08:03	1	0	1	0
         10002	2025-02-19 09:30:40	1	0	1	0
         10005	2025-02-19 09:59:57	1	0	1	0
         10001	2025-02-19 10:07:57	1	0	1	0
         10005	2025-02-19 18:50:56	1	0	1	0
         10002	2025-02-19 18:57:45	1	0	1	0
         10003	2025-02-19 19:18:11	1	0	1	0
         10003	2025-02-20 08:16:10	1	0	1	0
         10003	2025-02-20 08:18:44	1	0	1	0
         10002	2025-02-20 09:24:38	1	0	1	0
         10005	2025-02-20 10:04:06	1	0	1	0
         10006	2025-02-20 10:36:33	1	0	1	0
         10002	2025-02-20 18:44:13	1	0	1	0
         10002	2025-02-20 18:44:14	1	0	1	0
         10006	2025-02-20 18:45:05	1	0	1	0
         10005	2025-02-20 18:46:20	1	0	1	0
         10003	2025-02-21 08:33:02	1	0	1	0
         10002	2025-02-21 09:25:24	1	0	1	0
         10005	2025-02-21 09:57:28	1	0	1	0
         10001	2025-02-21 10:09:13	1	0	1	0
         10002	2025-02-21 18:46:11	1	0	1	0
         10005	2025-02-21 18:51:36	1	0	1	0
         10003	2025-02-21 19:01:05	1	0	1	0
         10001	2025-02-21 19:01:33	1	0	1	0
         10003	2025-02-22 08:22:35	1	0	1	0
         10002	2025-02-22 09:27:32	1	0	1	0
         10006	2025-02-22 10:08:12	1	0	1	0
         10001	2025-02-22 10:33:00	1	0	1	0
         10003	2025-02-22 19:04:22	1	0	1	0
         10002	2025-02-22 19:07:56	1	0	1	0
         10006	2025-02-22 19:08:09	1	0	1	0
         10001	2025-02-24 09:50:05	1	0	1	0
         10003	2025-02-24 09:50:11	1	0	1	0
         10005	2025-02-24 09:50:31	1	0	1	0
         10002	2025-02-24 09:52:15	1	0	1	0
         10005	2025-02-24 18:57:13	1	0	1	0
         10001	2025-02-24 19:13:35	1	0	1	0
         10003	2025-02-24 19:27:40	1	0	1	0
         10003	2025-02-25 08:07:55	1	0	1	0
         10003	2025-02-25 08:07:56	1	0	1	0
         10002	2025-02-25 09:17:46	1	0	1	0
         10005	2025-02-25 10:01:19	1	0	1	0
         10001	2025-02-25 10:11:08	1	0	1	0
         10005	2025-02-25 18:51:57	1	0	1	0
         10002	2025-02-25 18:52:54	1	0	1	0
         10001	2025-02-25 18:54:14	1	0	1	0
         10002	2025-02-25 18:54:27	1	0	1	0
         10003	2025-02-26 08:10:38	1	0	1	0
         10002	2025-02-26 09:55:34	1	0	1	0
         10002	2025-02-26 09:55:36	1	0	1	0
         10001	2025-02-26 10:01:08	1	0	1	0
         10005	2025-02-26 10:03:44	1	0	1	0
         10005	2025-02-26 18:56:00	1	0	1	0
         10002	2025-02-26 18:56:09	1	0	1	0
         10003	2025-02-26 19:01:14	1	0	1	0
         10003	2025-02-26 19:01:54	1	0	1	0
         10001	2025-02-26 19:12:51	1	0	1	0
         10003	2025-02-27 08:13:38	1	0	1	0
         10002	2025-02-27 09:04:49	1	0	1	0
         10005	2025-02-27 10:06:32	1	0	1	0
         10006	2025-02-27 10:15:34	1	0	1	0
         10006	2025-02-27 18:44:40	1	0	1	0
         10002	2025-02-27 18:46:20	1	0	1	0
         10005	2025-02-27 18:46:48	1	0	1	0
         10003	2025-02-27 19:27:14	1	0	1	0
         10003	2025-02-28 08:04:03	1	0	1	0
         10002	2025-02-28 09:28:27	1	0	1	0
         10001	2025-02-28 10:03:46	1	0	1	0
         10005	2025-02-28 10:07:37	1	0	1	0
         10003	2025-02-28 19:17:47	1	0	1	0
         10002	2025-02-28 19:17:55	1	0	1	0
         10005	2025-02-28 19:18:20	1	0	1	0
         10001	2025-02-28 19:22:34	1	0	15	0
         10003	2025-03-01 07:53:23	1	0	1	0
         10002	2025-03-01 09:16:00	1	0	1	0
         10001	2025-03-01 10:02:25	1	0	1	0
         10006	2025-03-01 10:21:42	1	0	1	0
         10001	2025-03-01 17:44:26	1	0	1	0
         10006	2025-03-01 19:03:50	1	0	1	0
         10002	2025-03-01 19:06:14	1	0	1	0
         10003	2025-03-01 19:09:43	1	0	1	0
         10003	2025-03-03 09:46:20	1	0	1	0
         10005	2025-03-03 09:46:38	1	0	1	0
         10001	2025-03-03 09:48:07	1	0	1	0
         10002	2025-03-03 09:49:52	1	0	1	0
         10002	2025-03-03 19:06:17	1	0	1	0
         10005	2025-03-03 19:06:28	1	0	1	0
         10003	2025-03-03 19:23:57	1	0	1	0
         10001	2025-03-03 19:28:48	1	0	1	0
         10003	2025-03-04 09:02:52	1	0	1	0
         10002	2025-03-04 09:17:11	1	0	1	0
         10001	2025-03-04 09:41:32	1	0	1	0
         10005	2025-03-04 10:01:25	1	0	1	0
         10005	2025-03-04 18:49:42	1	0	1	0
         10002	2025-03-04 18:59:19	1	0	1	0
         10003	2025-03-04 19:23:00	1	0	1	0
         10001	2025-03-04 19:30:52	1	0	1	0
         10003	2025-03-05 08:58:48	1	0	1	0
         10002	2025-03-05 09:09:08	1	0	1	0
         10001	2025-03-05 09:57:32	1	0	1	0
         10005	2025-03-05 10:07:29	1	0	1	0
         10005	2025-03-05 19:02:23	1	0	1	0
         10002	2025-03-05 19:04:22	1	0	1	0
         10001	2025-03-05 19:14:19	1	0	1	0
         10003	2025-03-05 19:33:29	1	0	1	0
         10003	2025-03-06 07:46:36	1	0	1	0
         10002	2025-03-06 09:13:57	1	0	1	0
         10005	2025-03-06 10:09:50	1	0	1	0
         10006	2025-03-06 10:12:01	1	0	1	0
         10006	2025-03-06 18:53:19	1	0	1	0
         10006	2025-03-06 18:53:20	1	0	1	0
         10005	2025-03-06 18:58:42	1	0	1	0
         10005	2025-03-06 18:58:43	1	0	1	0
         10002	2025-03-06 18:59:10	1	0	1	0
         10003	2025-03-06 19:12:30	1	0	1	0
         10003	2025-03-06 19:20:51	1	0	1	0
         10003	2025-03-07 08:00:13	1	0	1	0
         10002	2025-03-07 09:18:31	1	0	1	0
         10005	2025-03-07 10:06:06	1	0	1	0
         10001	2025-03-07 10:07:12	1	0	1	0
         10002	2025-03-07 19:02:40	1	0	1	0
         10005	2025-03-07 19:03:34	1	0	1	0
         10003	2025-03-07 19:06:34	1	0	1	0
         10001	2025-03-07 19:07:56	1	0	1	0
         10003	2025-03-08 08:25:57	1	0	1	0
         10002	2025-03-08 09:29:41	1	0	1	0
         10001	2025-03-08 10:01:51	1	0	1	0
         10001	2025-03-08 10:01:53	1	0	15	0
         10006	2025-03-08 10:12:00	1	0	1	0
         10006	2025-03-08 19:06:01	1	0	1	0
         10002	2025-03-08 19:17:58	1	0	1	0
         10001	2025-03-08 19:18:02	1	0	1	0
         10003	2025-03-08 19:26:21	1	0	1	0
         10003	2025-03-10 09:34:44	1	0	1	0
         10005	2025-03-10 09:34:58	1	0	1	0
         10001	2025-03-10 09:37:08	1	0	1	0
         10002	2025-03-10 09:47:03	1	0	1	0
         10003	2025-03-10 18:56:45	1	0	1	0
         10003	2025-03-10 18:56:47	1	0	1	0
         10005	2025-03-10 19:04:25	1	0	1	0
         10002	2025-03-10 19:06:08	1	0	1	0
         10001	2025-03-10 19:15:11	1	0	1	0
         10003	2025-03-11 08:27:11	1	0	1	0
         10002	2025-03-11 09:25:11	1	0	1	0
         10001	2025-03-11 09:53:06	1	0	15	0
         10005	2025-03-11 10:02:32	1	0	1	0
         10005	2025-03-11 18:53:03	1	0	1	0
         10002	2025-03-11 18:58:32	1	0	1	0
         10003	2025-03-11 19:06:05	1	0	1	0
         10001	2025-03-11 19:09:54	1	0	1	0
         10003	2025-03-12 08:21:53	1	0	1	0
         10002	2025-03-12 09:19:13	1	0	1	0
         10001	2025-03-12 10:04:27	1	0	1	0
         10005	2025-03-12 10:08:19	1	0	1	0
         10005	2025-03-12 18:50:48	1	0	1	0
         10002	2025-03-12 18:55:49	1	0	1	0
         10003	2025-03-12 19:15:13	1	0	1	0
         10001	2025-03-12 19:19:51	1	0	15	0
         10003	2025-03-13 08:52:27	1	0	1	0
         10002	2025-03-13 09:27:22	1	0	1	0
         10005	2025-03-13 09:59:55	1	0	1	0
         10006	2025-03-13 10:11:42	1	0	1	0
         10003	2025-03-13 18:47:21	1	0	1	0
         10006	2025-03-13 18:48:41	1	0	1	0
         10006	2025-03-13 18:48:43	1	0	1	0
         10002	2025-03-13 18:48:58	1	0	1	0
         10005	2025-03-13 18:49:38	1	0	1	0
         10003	2025-03-13 19:02:40	1	0	1	0
         10003	2025-03-14 08:23:45	1	0	1	0
         10002	2025-03-14 09:34:05	1	0	1	0
         10001	2025-03-14 09:57:52	1	0	1	0
         10005	2025-03-14 10:01:24	1	0	1	0
         10003	2025-03-14 18:50:42	1	0	1	0
         10002	2025-03-14 18:56:35	1	0	1	0
         10001	2025-03-14 18:59:37	1	0	1	0
         10005	2025-03-14 19:03:58	1	0	1	0
         10003	2025-03-15 08:45:17	1	0	1	0
         10002	2025-03-15 09:12:52	1	0	1	0
         10002	2025-03-15 09:12:53	1	0	1	0
         10001	2025-03-15 09:59:58	1	0	1	0
         10006	2025-03-15 10:17:03	1	0	1	0
         10003	2025-03-15 18:31:18	1	0	1	0
         10006	2025-03-15 19:15:02	1	0	1	0
         10002	2025-03-15 19:18:20	1	0	1	0
         10001	2025-03-15 19:32:20	1	0	1	0
         10001	2025-03-17 09:36:11	1	0	1	0
         10005	2025-03-17 09:36:32	1	0	1	0
         10003	2025-03-17 09:41:37	1	0	1	0
         10003	2025-03-17 18:57:08	1	0	1	0
         10005	2025-03-17 18:59:51	1	0	1	0
         10001	2025-03-17 19:09:19	1	0	15	0
         10003	2025-03-18 08:22:25	1	0	1	0
         10002	2025-03-18 09:02:23	1	0	1	0
         10001	2025-03-18 09:20:22	1	0	15	0
         10005	2025-03-18 10:08:38	1	0	1	0
         10002	2025-03-18 18:55:45	1	0	1	0
         10005	2025-03-18 18:57:02	1	0	1	0
         10003	2025-03-18 18:57:43	1	0	1	0
         10001	2025-03-18 21:11:45	1	0	15	0
         10003	2025-03-19 08:46:29	1	0	1	0
         10002	2025-03-19 09:17:40	1	0	1	0
         10005	2025-03-19 10:10:11	1	0	1	0
         10001	2025-03-19 11:34:59	1	0	1	0
         10002	2025-03-19 18:53:13	1	0	1	0
         10005	2025-03-19 18:54:09	1	0	1	0
         10001	2025-03-19 19:21:44	1	0	1	0
         10003	2025-03-19 19:32:49	1	0	1	0
         10003	2025-03-20 08:33:36	1	0	1	0
         10002	2025-03-20 09:13:07	1	0	1	0
         10006	2025-03-20 10:06:38	1	0	1	0
         10005	2025-03-20 10:13:36	1	0	1	0
         10002	2025-03-20 19:08:41	1	0	1	0
         10006	2025-03-20 19:16:15	1	0	1	0
         10003	2025-03-20 19:19:27	1	0	1	0
         10003	2025-03-21 08:42:25	1	0	1	0
         10002	2025-03-21 09:21:45	1	0	1	0
         10001	2025-03-21 09:40:38	1	0	1	0
         10005	2025-03-21 10:15:14	1	0	1	0
         10005	2025-03-21 18:41:39	1	0	1	0
         10003	2025-03-21 18:43:38	1	0	1	0
         10001	2025-03-21 19:05:10	1	0	1	0
         10003	2025-03-22 08:23:40	1	0	1	0
         10002	2025-03-22 09:18:43	1	0	1	0
         10001	2025-03-22 09:50:02	1	0	1	0
         10006	2025-03-22 10:12:50	1	0	1	0
         10003	2025-03-22 19:20:36	1	0	1	0
         10006	2025-03-22 19:21:41	1	0	1	0
         10006	2025-03-22 19:21:42	1	0	1	0
         10002	2025-03-22 19:24:29	1	0	1	0
         10001	2025-03-22 19:57:18	1	0	1	0
         10003	2025-03-24 08:26:45	1	0	1	0
         10002	2025-03-24 08:40:07	1	0	1	0
         10001	2025-03-24 09:43:06	1	0	15	0
         10005	2025-03-24 10:10:08	1	0	1	0
         10005	2025-03-24 18:57:37	1	0	1	0
         10002	2025-03-24 19:00:48	1	0	1	0
         10001	2025-03-24 19:23:34	1	0	1	0
         10003	2025-03-24 19:24:53	1	0	1	0
         10003	2025-03-24 19:27:27	1	0	1	0
         10003	2025-03-24 19:27:29	1	0	1	0
         10003	2025-03-25 08:13:04	1	0	1	0
         10002	2025-03-25 09:21:24	1	0	1	0
         10002	2025-03-25 09:21:27	1	0	1	0
         10001	2025-03-25 09:56:48	1	0	1	0
         10005	2025-03-25 10:07:36	1	0	1	0
         10002	2025-03-25 18:42:02	1	0	1	0
         10005	2025-03-25 18:46:07	1	0	1	0
         10001	2025-03-25 18:46:31	1	0	1	0
         10003	2025-03-25 19:12:38	1	0	1	0
         10003	2025-03-26 08:50:54	1	0	1	0
         10002	2025-03-26 09:20:14	1	0	1	0
         10002	2025-03-26 09:20:16	1	0	1	0
         10001	2025-03-26 09:59:01	1	0	1	0
         10005	2025-03-26 10:10:46	1	0	1	0
         10003	2025-03-26 18:30:31	1	0	1	0
         10005	2025-03-26 18:34:28	1	0	1	0
         10001	2025-03-26 19:15:12	1	0	1	0
         10003	2025-03-27 08:36:47	1	0	1	0
         10002	2025-03-27 09:31:43	1	0	1	0
         10006	2025-03-27 10:07:34	1	0	1	0
         10005	2025-03-27 10:08:47	1	0	1	0
         10002	2025-03-27 18:46:42	1	0	1	0
         10006	2025-03-27 18:49:23	1	0	1	0
         10005	2025-03-27 19:00:06	1	0	1	0
         10003	2025-03-27 19:33:40	1	0	1	0
         10003	2025-03-28 08:20:30	1	0	1	0
         10002	2025-03-28 09:34:34	1	0	1	0
         10001	2025-03-28 09:53:40	1	0	1	0
         10005	2025-03-28 10:12:29	1	0	1	0
         10003	2025-03-29 08:42:38	1	0	1	0
         10002	2025-03-29 09:27:44	1	0	1	0
         10006	2025-03-29 10:11:59	1	0	1	0
         10001	2025-03-29 10:17:20	1	0	1	0
         10003	2025-03-29 19:40:04	1	0	1	0
         10002	2025-03-29 20:23:56	1	0	1	0
         10001	2025-03-29 20:39:49	1	0	15	0
         10003	2025-03-31 09:36:08	1	0	1	0
         10001	2025-03-31 09:37:28	1	0	1	0
         10002	2025-03-31 09:41:21	1	0	1	0
         10005	2025-03-31 10:07:41	1	0	1	0
         10002	2025-03-31 18:49:37	1	0	1	0
         10005	2025-03-31 18:57:49	1	0	1	0
         10001	2025-03-31 19:03:37	1	0	1	0
         10003	2025-03-31 19:11:52	1	0	1	0
         10003	2025-03-31 19:11:54	1	0	1	0
         10003	2025-04-01 08:17:33	1	0	1	0
         10002	2025-04-01 09:06:58	1	0	1	0
         10001	2025-04-01 09:48:43	1	0	1	0
         10005	2025-04-01 10:11:30	1	0	1	0
         10002	2025-04-01 18:52:15	1	0	15	0
         10002	2025-04-01 18:52:18	1	0	1	0
         10005	2025-04-01 19:01:59	1	0	1	0
         10003	2025-04-01 19:02:15	1	0	1	0
         10003	2025-04-02 08:07:36	1	0	1	0
         10002	2025-04-02 09:26:36	1	0	1	0
         10001	2025-04-02 09:45:42	1	0	1	0
         10005	2025-04-02 10:07:20	1	0	1	0
         10002	2025-04-02 18:50:02	1	0	1	0
         10005	2025-04-02 18:58:24	1	0	1	0
         10001	2025-04-02 19:04:24	1	0	1	0
         10003	2025-04-02 19:10:34	1	0	1	0
         10003	2025-04-03 09:12:21	1	0	1	0
         10002	2025-04-03 09:19:23	1	0	1	0
         10002	2025-04-03 09:19:30	1	0	1	0
         10006	2025-04-03 10:05:57	1	0	1	0
         10005	2025-04-03 10:11:07	1	0	1	0
         10003	2025-04-03 18:55:32	1	0	1	0
         10006	2025-04-03 18:56:30	1	0	1	0
         10002	2025-04-03 18:56:58	1	0	1	0
         10005	2025-04-03 19:00:30	1	0	1	0
         10003	2025-04-04 08:38:46	1	0	1	0
         10002	2025-04-04 09:25:50	1	0	1	0
         10001	2025-04-04 09:55:53	1	0	1	0
         10005	2025-04-04 10:01:13	1	0	1	0
         10001	2025-04-04 18:55:29	1	0	15	0
         10002	2025-04-04 19:00:35	1	0	1	0
         10003	2025-04-04 19:28:43	1	0	1	0
         10003	2025-04-05 08:10:45	1	0	1	0
         10001	2025-04-05 09:47:24	1	0	15	0
         10006	2025-04-05 10:13:06	1	0	1	0
         10006	2025-04-05 19:23:55	1	0	1	0
         10001	2025-04-05 19:33:37	1	0	1	0
         10001	2025-04-05 19:33:38	1	0	15	0
         10003	2025-04-05 19:35:55	1	0	1	0
         10003	2025-04-07 09:51:00	1	0	1	0
         10005	2025-04-07 09:51:29	1	0	1	0
         10001	2025-04-07 09:55:18	1	0	15	0
         10005	2025-04-07 18:54:59	1	0	1	0
         10001	2025-04-07 19:06:10	1	0	1	0
         10003	2025-04-07 19:19:05	1	0	1	0
         10003	2025-04-08 08:20:44	1	0	1	0
         10002	2025-04-08 09:20:09	1	0	1	0
         10005	2025-04-08 10:07:18	1	0	1	0
         10001	2025-04-08 10:16:13	1	0	1	0
         10002	2025-04-08 19:06:30	1	0	1	0
         10001	2025-04-08 19:08:12	1	0	1	0
         10005	2025-04-08 19:08:31	1	0	1	0
         10003	2025-04-09 08:28:15	1	0	1	0
         10002	2025-04-09 09:15:33	1	0	1	0
         10001	2025-04-09 10:00:14	1	0	15	0
         10005	2025-04-09 10:05:07	1	0	1	0
         10002	2025-04-09 18:51:38	1	0	1	0
         10005	2025-04-09 18:52:33	1	0	1	0
         10001	2025-04-09 18:52:36	1	0	1	0
         10003	2025-04-09 18:56:12	1	0	1	0
         10003	2025-04-10 08:21:34	1	0	1	0
         10002	2025-04-10 09:25:18	1	0	1	0
         10005	2025-04-10 10:02:10	1	0	1	0
         10006	2025-04-10 18:53:41	1	0	1	0
         10005	2025-04-10 18:54:04	1	0	1	0
         10002	2025-04-10 18:54:09	1	0	1	0
         10003	2025-04-10 19:08:37	1	0	1	0
         10003	2025-04-11 08:26:50	1	0	1	0
         10002	2025-04-11 09:32:13	1	0	1	0
         10005	2025-04-11 10:04:36	1	0	1	0
         10003	2025-04-11 18:25:47	1	0	1	0
         10002	2025-04-11 18:28:49	1	0	1	0
         10003	2025-04-12 07:44:38	1	0	1	0
         10003	2025-04-12 07:44:39	1	0	1	0
         10002	2025-04-12 09:19:38	1	0	1	0
         10006	2025-04-12 10:05:58	1	0	1	0
         10006	2025-04-12 19:24:32	1	0	1	0
         10002	2025-04-12 19:27:02	1	0	15	0
         10002	2025-04-12 19:27:04	1	0	1	0
         10003	2025-04-12 19:44:06	1	0	1	0
         10002	2025-04-17 09:07:56	1	0	1	0
         10002	2025-04-17 09:22:19	1	0	1	0
         10005	2025-04-17 10:09:17	1	0	1	0
         10006	2025-04-17 10:11:14	1	0	1	0
         10006	2025-04-17 10:11:15	1	0	1	0
         10006	2025-04-17 10:11:16	1	0	1	0
         10006	2025-04-17 18:56:32	1	0	1	0
         10005	2025-04-17 19:04:19	1	0	1	0
         10002	2025-04-17 19:07:15	1	0	1	0
         10001	2025-04-18 10:08:08	1	0	1	0
         10005	2025-04-18 10:08:15	1	0	1	0
         10005	2025-04-18 18:42:07	1	0	1	0
         10001	2025-04-18 19:06:51	1	0	1	0
         10002	2025-04-19 09:23:12	1	0	1	0
         10001	2025-04-19 09:51:05	1	0	1	0
         10006	2025-04-19 10:15:15	1	0	1	0
         10006	2025-04-19 19:16:59	1	0	1	0
         10002	2025-04-19 19:18:30	1	0	1	0
         10001	2025-04-19 19:20:57	1	0	1	0
         10003	2025-04-21 09:45:26	1	0	1	0
         10005	2025-04-21 09:45:46	1	0	1	0
         10001	2025-04-21 09:49:40	1	0	15	0
         10001	2025-04-21 09:53:12	1	0	15	0
         10002	2025-04-21 09:54:25	1	0	1	0
         10005	2025-04-21 18:48:39	1	0	1	0
         10002	2025-04-21 18:50:16	1	0	1	0
         10001	2025-04-21 18:59:17	1	0	1	0
         10003	2025-04-21 19:16:50	1	0	1	0
         10003	2025-04-21 19:16:52	1	0	1	0
         10003	2025-04-22 08:05:43	1	0	1	0
         10002	2025-04-22 09:28:11	1	0	1	0
         10001	2025-04-22 09:44:36	1	0	1	0
         10005	2025-04-22 10:10:53	1	0	1	0
         10005	2025-04-22 18:57:03	1	0	1	0
         10002	2025-04-22 18:57:10	1	0	1	0
         10001	2025-04-22 19:00:53	1	0	1	0
         10003	2025-04-22 19:01:59	1	0	1	0
         10003	2025-04-22 19:04:03	1	0	1	0
         10003	2025-04-23 08:16:39	1	0	1	0
         10002	2025-04-23 09:24:16	1	0	1	0
         10001	2025-04-23 09:59:20	1	0	15	0
         10005	2025-04-23 10:00:09	1	0	1	0
         10002	2025-04-23 18:35:10	1	0	1	0
         10005	2025-04-23 18:35:46	1	0	1	0
         10003	2025-04-23 18:37:54	1	0	1	0
         10003	2025-04-23 18:37:55	1	0	1	0
         10001	2025-04-23 19:00:47	1	0	1	0
         10003	2025-04-24 08:13:35	1	0	1	0
         10002	2025-04-24 09:22:51	1	0	1	0
         10005	2025-04-24 10:11:49	1	0	1	0
         10006	2025-04-24 10:15:10	1	0	1	0
         10002	2025-04-24 18:49:20	1	0	1	0
         10006	2025-04-24 18:49:42	1	0	1	0
         10005	2025-04-24 18:49:56	1	0	1	0
         10003	2025-04-24 19:03:46	1	0	1	0
         10003	2025-04-25 08:07:45	1	0	1	0
         10002	2025-04-25 09:20:28	1	0	1	0
         10001	2025-04-25 09:52:10	1	0	1	0
         10005	2025-04-25 10:00:54	1	0	1	0
         10005	2025-04-25 18:48:42	1	0	1	0
         10002	2025-04-25 18:49:57	1	0	1	0
         10003	2025-04-25 19:08:04	1	0	1	0
         10001	2025-04-25 19:08:37	1	0	1	0
         10003	2025-04-26 08:17:58	1	0	1	0
         10002	2025-04-26 09:25:37	1	0	1	0
         10001	2025-04-26 09:56:34	1	0	1	0
         10006	2025-04-26 10:14:14	1	0	1	0
         10001	2025-04-26 18:35:12	1	0	1	0
         10006	2025-04-26 19:04:18	1	0	1	0
         10002	2025-04-26 19:04:29	1	0	1	0
         10003	2025-04-26 19:16:53	1	0	1	0
         10003	2025-04-28 09:50:11	1	0	1	0
         10005	2025-04-28 09:50:29	1	0	1	0
         10002	2025-04-28 10:14:46	1	0	1	0
         10001	2025-04-28 10:15:14	1	0	1	0
         10005	2025-04-28 18:44:41	1	0	1	0
         10002	2025-04-28 18:47:43	1	0	1	0
         10001	2025-04-28 18:52:07	1	0	1	0
         10003	2025-04-28 19:02:22	1	0	1	0
         10003	2025-04-29 08:14:22	1	0	1	0
         10002	2025-04-29 09:27:23	1	0	1	0
         10001	2025-04-29 09:39:30	1	0	1	0
         10005	2025-04-29 10:09:51	1	0	1	0
         10005	2025-04-29 18:33:42	1	0	1	0
         10003	2025-04-29 18:35:33	1	0	1	0
         10002	2025-04-29 18:38:18	1	0	1	0
         10001	2025-04-29 18:44:24	1	0	1	0
         10003	2025-04-30 07:44:20	1	0	1	0
         10002	2025-04-30 09:21:19	1	0	1	0
         10001	2025-04-30 09:45:04	1	0	1	0
         10005	2025-04-30 10:09:14	1	0	1	0
         10002	2025-04-30 18:54:54	1	0	1	0
         10005	2025-04-30 18:58:13	1	0	1	0
         10003	2025-04-30 18:59:15	1	0	1	0
         10001	2025-04-30 19:14:14	1	0	1	0
         10002	2025-05-01 09:18:31	1	0	1	0
         10005	2025-05-01 10:01:17	1	0	1	0
         10006	2025-05-01 10:44:16	1	0	1	0
         10006	2025-05-01 10:44:17	1	0	1	0
         10005	2025-05-01 18:44:34	1	0	1	0
         10002	2025-05-01 18:44:50	1	0	1	0
         10006	2025-05-01 18:47:25	1	0	1	0
         10002	2025-05-02 09:27:33	1	0	1	0
         10005	2025-05-02 10:04:37	1	0	1	0
         10001	2025-05-02 10:06:48	1	0	1	0
         10005	2025-05-02 18:35:11	1	0	1	0
         10001	2025-05-02 19:40:35	1	0	1	0
         10002	2025-05-03 09:28:06	1	0	1	0
         10001	2025-05-03 09:56:14	1	0	1	0
         10006	2025-05-03 10:13:54	1	0	1	0
         10006	2025-05-03 19:43:12	1	0	1	0
         10002	2025-05-03 19:47:50	1	0	1	0
         10001	2025-05-03 20:02:29	1	0	15	0
         10003	2025-05-05 08:03:16	1	0	1	0
         10002	2025-05-05 08:37:46	1	0	1	0
         10001	2025-05-05 08:38:21	1	0	1	0
         10001	2025-05-05 08:42:20	1	0	1	0
         10005	2025-05-05 09:03:49	1	0	1	0
         10002	2025-05-05 18:55:45	1	0	1	0
         10005	2025-05-05 18:58:03	1	0	1	0
         10001	2025-05-05 19:01:17	1	0	1	0
         10003	2025-05-05 19:09:32	1	0	1	0
         10003	2025-05-06 07:58:36	1	0	1	0
         10005	2025-05-06 10:06:01	1	0	1	0
         10001	2025-05-06 10:09:44	1	0	1	0
         10005	2025-05-06 19:10:04	1	0	1	0
         10003	2025-05-06 19:13:18	1	0	1	0
         10001	2025-05-06 19:15:39	1	0	1	0
         10003	2025-05-07 08:02:21	1	0	1	0
         10001	2025-05-07 09:59:45	1	0	1	0
         10005	2025-05-07 10:08:54	1	0	1	0
         10005	2025-05-07 18:58:08	1	0	1	0
         10003	2025-05-07 19:10:00	1	0	1	0
         10001	2025-05-07 19:32:45	1	0	1	0
         10003	2025-05-08 08:13:17	1	0	1	0
         10005	2025-05-08 10:10:03	1	0	1	0
         10006	2025-05-08 10:13:42	1	0	1	0
         10006	2025-05-08 10:13:43	1	0	1	0
         10005	2025-05-08 19:02:56	1	0	1	0
         10003	2025-05-08 19:14:39	1	0	1	0
         10003	2025-05-09 07:46:58	1	0	1	0
         10002	2025-05-09 09:14:02	1	0	1	0
         10001	2025-05-09 09:59:35	1	0	1	0
         10005	2025-05-09 10:08:25	1	0	1	0
         10005	2025-05-09 18:21:27	1	0	1	0
         10003	2025-05-09 18:31:32	1	0	1	0
         10001	2025-05-09 18:32:26	1	0	1	0
         10003	2025-05-10 08:19:06	1	0	1	0
         10002	2025-05-10 09:23:13	1	0	1	0
         10001	2025-05-10 09:40:30	1	0	1	0
         10006	2025-05-10 10:12:47	1	0	1	0
         10003	2025-05-10 19:38:51	1	0	1	0
         10006	2025-05-10 19:48:33	1	0	1	0
         10002	2025-05-10 19:51:14	1	0	1	0
         10001	2025-05-10 20:04:46	1	0	1	0
         10003	2025-05-12 08:24:49	1	0	1	0
         10002	2025-05-12 08:41:14	1	0	1	0
         10001	2025-05-12 09:15:10	1	0	1	0
         10002	2025-05-12 18:31:31	1	0	1	0
         10003	2025-05-12 18:45:48	1	0	1	0
         10001	2025-05-12 19:00:17	1	0	1	0
         10003	2025-05-13 07:58:12	1	0	1	0
         10002	2025-05-13 09:33:56	1	0	1	0
         10001	2025-05-13 09:54:26	1	0	1	0
         10005	2025-05-13 10:21:24	1	0	1	0
         10002	2025-05-13 18:46:59	1	0	1	0
         10005	2025-05-13 18:51:16	1	0	1	0
         10003	2025-05-13 19:04:19	1	0	1	0
         10001	2025-05-13 19:28:27	1	0	1	0
         10001	2025-05-13 19:29:24	1	0	1	0
         10003	2025-05-14 08:52:01	1	0	1	0
         10002	2025-05-14 09:37:06	1	0	1	0
         10005	2025-05-14 10:02:46	1	0	1	0
         10001	2025-05-14 10:12:22	1	0	1	0
         10005	2025-05-14 18:52:24	1	0	1	0
         10003	2025-05-14 18:57:46	1	0	1	0
         10001	2025-05-14 19:00:36	1	0	1	0
         10003	2025-05-15 08:29:18	1	0	1	0
         10002	2025-05-15 09:20:56	1	0	1	0
         10006	2025-05-15 10:10:22	1	0	1	0
         10006	2025-05-15 10:10:24	1	0	1	0
         10005	2025-05-15 10:11:31	1	0	1	0
         10002	2025-05-15 18:46:00	1	0	1	0
         10006	2025-05-15 18:46:45	1	0	1	0
         10005	2025-05-15 18:47:33	1	0	1	0
         10003	2025-05-15 19:14:48	1	0	1	0
         10003	2025-05-16 07:52:15	1	0	1	0
         10003	2025-05-16 07:56:33	1	0	1	0
         10002	2025-05-16 09:24:44	1	0	1	0
         10001	2025-05-16 09:55:21	1	0	1	0
         10005	2025-05-16 09:59:05	1	0	1	0
         10005	2025-05-16 18:48:16	1	0	1	0
         10002	2025-05-16 18:49:10	1	0	1	0
         10001	2025-05-16 18:55:51	1	0	1	0
         10003	2025-05-16 19:00:20	1	0	1	0
         10003	2025-05-17 07:46:37	1	0	1	0
         10002	2025-05-17 09:24:49	1	0	1	0
         10001	2025-05-17 09:51:48	1	0	15	0
         10006	2025-05-17 10:16:40	1	0	1	0
         10003	2025-05-17 18:58:55	1	0	1	0
         10002	2025-05-17 19:25:18	1	0	1	0
         10001	2025-05-17 19:28:23	1	0	15	0
         10003	2025-05-19 08:31:30	1	0	1	0
         10003	2025-05-19 08:31:31	1	0	1	0
         10002	2025-05-19 09:10:57	1	0	1	0
         10001	2025-05-19 09:28:14	1	0	15	0
         10001	2025-05-19 09:28:25	1	0	15	0
         10005	2025-05-19 09:36:10	1	0	1	0
         10005	2025-05-19 18:43:52	1	0	1	0
         10002	2025-05-19 18:48:14	1	0	1	0
         10001	2025-05-19 19:02:21	1	0	1	0
         10003	2025-05-19 19:11:30	1	0	1	0
         10003	2025-05-20 09:23:59	1	0	1	0
         10002	2025-05-20 09:26:41	1	0	1	0
         10001	2025-05-20 09:58:50	1	0	1	0
         10005	2025-05-20 10:08:30	1	0	1	0
         10002	2025-05-20 18:45:26	1	0	1	0
         10005	2025-05-20 18:46:51	1	0	1	0
         10001	2025-05-20 18:48:19	1	0	1	0
         10003	2025-05-20 19:01:42	1	0	1	0
         10003	2025-05-21 07:51:47	1	0	1	0
         10002	2025-05-21 09:32:47	1	0	1	0
         10005	2025-05-21 09:57:44	1	0	1	0
         10001	2025-05-21 09:59:32	1	0	1	0
         10002	2025-05-21 18:53:22	1	0	1	0
         10005	2025-05-21 19:00:35	1	0	1	0
         10001	2025-05-21 19:21:08	1	0	1	0
         10003	2025-05-21 19:35:28	1	0	1	0
         10003	2025-05-22 08:18:54	1	0	1	0
         10002	2025-05-22 09:12:24	1	0	1	0
         10006	2025-05-22 10:06:34	1	0	1	0
         10005	2025-05-22 10:13:41	1	0	1	0
         10002	2025-05-22 18:50:00	1	0	1	0
         10005	2025-05-22 18:58:03	1	0	1	0
         10003	2025-05-22 19:09:54	1	0	1	0
         10003	2025-05-23 08:40:33	1	0	1	0
         10002	2025-05-23 09:26:14	1	0	1	0
         10001	2025-05-23 09:49:31	1	0	1	0
         10005	2025-05-23 10:04:55	1	0	1	0
         10002	2025-05-23 18:47:59	1	0	1	0
         10001	2025-05-23 18:56:47	1	0	1	0
         10003	2025-05-23 19:01:06	1	0	1	0
         10003	2025-05-24 09:05:38	1	0	1	0
         10002	2025-05-24 09:22:32	1	0	1	0
         10001	2025-05-24 09:42:39	1	0	1	0
         10006	2025-05-24 10:07:49	1	0	1	0
         10002	2025-05-24 19:24:52	1	0	1	0
         10003	2025-05-24 19:30:22	1	0	1	0
         10006	2025-05-24 19:32:20	1	0	1	0
         10001	2025-05-24 19:35:59	1	0	1	0
         10003	2025-05-26 08:23:34	1	0	1	0
         10002	2025-05-26 08:57:22	1	0	1	0
         10001	2025-05-26 09:09:48	1	0	1	0
         10005	2025-05-26 09:40:43	1	0	1	0
         10002	2025-05-26 18:50:08	1	0	1	0
         10005	2025-05-26 18:52:53	1	0	1	0
         10003	2025-05-26 19:18:06	1	0	1	0
         10001	2025-05-26 21:00:43	1	0	1	0
         10003	2025-05-27 08:05:28	1	0	1	0
         10002	2025-05-27 09:26:09	1	0	1	0
         10005	2025-05-27 10:01:42	1	0	1	0
         10001	2025-05-27 10:07:47	1	0	1	0
         10005	2025-05-27 18:44:54	1	0	1	0
         10002	2025-05-27 18:45:11	1	0	1	0
         10001	2025-05-27 19:05:23	1	0	1	0
         10003	2025-05-27 19:11:06	1	0	1	0
         10003	2025-05-28 08:14:15	1	0	1	0
         10002	2025-05-28 09:27:22	1	0	15	0
         10002	2025-05-28 09:28:05	1	0	1	0
         10001	2025-05-28 09:56:01	1	0	1	0
         10005	2025-05-28 09:59:54	1	0	1	0
         10005	2025-05-28 19:02:06	1	0	1	0
         10001	2025-05-28 19:03:27	1	0	1	0
         10003	2025-05-28 19:21:07	1	0	1	0
         10003	2025-05-29 08:18:50	1	0	1	0
         10002	2025-05-29 09:29:11	1	0	1	0
         10005	2025-05-29 09:59:12	1	0	1	0
         10006	2025-05-29 10:23:40	1	0	1	0
         10005	2025-05-29 18:45:37	1	0	1	0
         10002	2025-05-29 18:50:47	1	0	1	0
         10003	2025-05-29 19:32:21	1	0	1	0
         10003	2025-05-30 07:50:03	1	0	1	0
         10002	2025-05-30 09:29:35	1	0	1	0
         10001	2025-05-30 09:57:44	1	0	1	0
         10005	2025-05-30 10:11:38	1	0	1	0
         10002	2025-05-30 18:49:37	1	0	1	0
         10003	2025-05-30 19:31:45	1	0	1	0
         10003	2025-05-30 19:31:46	1	0	1	0
         10003	2025-05-30 19:37:55	1	0	1	0
         10003	2025-05-31 08:26:58	1	0	1	0
         10002	2025-05-31 09:21:53	1	0	1	0
         10001	2025-05-31 09:32:01	1	0	15	0
         10006	2025-05-31 10:09:29	1	0	1	0
         10003	2025-05-31 18:19:54	1	0	1	0
         10002	2025-05-31 18:55:11	1	0	1	0
         10001	2025-05-31 19:24:49	1	0	1	0
         10003	2025-06-02 07:55:48	1	0	1	0
         10002	2025-06-02 09:14:31	1	0	1	0
         10005	2025-06-02 09:31:57	1	0	1	0
         10001	2025-06-02 09:33:56	1	0	15	0
         10002	2025-06-02 18:57:18	1	0	1	0
         10005	2025-06-02 18:59:30	1	0	1	0
         10003	2025-06-02 19:22:53	1	0	1	0
         10001	2025-06-02 19:23:00	1	0	15	0
         10003	2025-06-03 09:25:39	1	0	1	0
         10002	2025-06-03 09:31:28	1	0	1	0
         10005	2025-06-03 09:56:18	1	0	1	0
         10001	2025-06-03 09:59:48	1	0	1	0
         10003	2025-06-03 18:47:18	1	0	1	0
         10005	2025-06-03 18:50:42	1	0	1	0
         10002	2025-06-03 18:52:43	1	0	1	0
         10001	2025-06-03 19:27:05	1	0	1	0
         10003	2025-06-04 08:17:47	1	0	1	0
         10002	2025-06-04 09:32:57	1	0	1	0
         10001	2025-06-04 09:53:25	1	0	1	0
         10005	2025-06-04 10:02:10	1	0	1	0
         10005	2025-06-04 18:32:40	1	0	1	0
         10001	2025-06-04 18:52:12	1	0	15	0
         10003	2025-06-04 19:02:53	1	0	1	0
         10003	2025-06-04 19:02:55	1	0	1	0
         10003	2025-06-05 07:54:44	1	0	1	0
         10002	2025-06-05 09:34:47	1	0	1	0
         10005	2025-06-05 10:01:28	1	0	1	0
         10006	2025-06-05 10:15:03	1	0	1	0
         10005	2025-06-05 18:52:45	1	0	1	0
         10006	2025-06-05 18:56:13	1	0	1	0
         10002	2025-06-05 18:57:23	1	0	1	0
         10003	2025-06-05 19:23:13	1	0	1	0
         10003	2025-06-05 19:34:14	1	0	1	0
         10003	2025-06-06 08:50:02	1	0	1	0
         10002	2025-06-06 09:29:43	1	0	1	0
         10005	2025-06-06 09:58:33	1	0	1	0
         10001	2025-06-06 10:02:53	1	0	15	0
         10005	2025-06-06 18:44:18	1	0	1	0
         10002	2025-06-06 18:46:41	1	0	1	0
         10001	2025-06-06 18:48:45	1	0	15	0
         10003	2025-06-06 18:49:02	1	0	1	0
         10003	2025-06-07 08:19:09	1	0	1	0
         10002	2025-06-07 09:30:32	1	0	1	0
         10001	2025-06-07 09:51:08	1	0	15	0
         10006	2025-06-07 10:16:08	1	0	1	0
         10006	2025-06-07 10:16:09	1	0	1	0
         10003	2025-06-07 19:47:06	1	0	1	0
         10002	2025-06-07 19:48:20	1	0	1	0
         10001	2025-06-07 19:51:41	1	0	15	0
         10003	2025-06-09 08:01:56	1	0	1	0
         10002	2025-06-09 09:08:51	1	0	1	0
         10005	2025-06-09 09:39:33	1	0	1	0
         10001	2025-06-09 09:47:29	1	0	1	0
         10002	2025-06-09 18:50:15	1	0	1	0
         10001	2025-06-09 18:59:40	1	0	15	0
         10005	2025-06-09 19:00:38	1	0	1	0
         10003	2025-06-09 19:23:11	1	0	1	0
         10003	2025-06-09 19:33:04	1	0	1	0
         10003	2025-06-09 19:33:06	1	0	1	0
         10003	2025-06-10 07:44:16	1	0	1	0
         10002	2025-06-10 09:29:57	1	0	1	0
         10001	2025-06-10 09:52:41	1	0	15	0
         10005	2025-06-10 09:56:35	1	0	1	0
         10002	2025-06-10 18:44:56	1	0	1	0
         10005	2025-06-10 18:45:32	1	0	1	0
         10001	2025-06-10 19:07:34	1	0	15	0
         10003	2025-06-10 19:12:27	1	0	1	0
         10003	2025-06-11 08:09:12	1	0	1	0
         10002	2025-06-11 09:26:34	1	0	1	0
         10001	2025-06-11 09:57:12	1	0	15	0
         10005	2025-06-11 09:58:12	1	0	1	0
         10005	2025-06-11 18:46:37	1	0	1	0
         10002	2025-06-11 18:48:29	1	0	1	0
         10001	2025-06-11 19:09:50	1	0	15	0
         10003	2025-06-11 19:35:09	1	0	1	0
         10003	2025-06-12 07:55:31	1	0	1	0
         10002	2025-06-12 09:27:01	1	0	1	0
         10005	2025-06-12 09:54:28	1	0	1	0
         10006	2025-06-12 10:11:49	1	0	1	0
         10005	2025-06-12 18:50:31	1	0	1	0
         10002	2025-06-12 18:52:40	1	0	1	0
         10006	2025-06-12 18:58:29	1	0	1	0
         10003	2025-06-12 19:27:02	1	0	1	0
         10003	2025-06-13 08:07:00	1	0	1	0
         10003	2025-06-13 08:07:02	1	0	1	0
         10002	2025-06-13 09:27:51	1	0	1	0
         10005	2025-06-13 10:07:08	1	0	1	0
         10002	2025-06-13 18:58:06	1	0	1	0
         10001	2025-06-13 18:59:47	1	0	15	0
         10005	2025-06-13 19:00:57	1	0	1	0
         10003	2025-06-13 19:12:03	1	0	1	0
         10003	2025-06-14 08:46:58	1	0	1	0
         10002	2025-06-14 09:27:51	1	0	1	0
         10001	2025-06-14 09:38:16	1	0	15	0
         10006	2025-06-14 10:22:21	1	0	1	0
         10003	2025-06-14 19:05:42	1	0	1	0
         10006	2025-06-14 19:07:29	1	0	1	0
         10001	2025-06-14 19:18:45	1	0	1	0
         10003	2025-06-14 19:38:07	1	0	1	0
         10003	2025-06-16 08:28:07	1	0	1	0
         10002	2025-06-16 09:07:38	1	0	1	0
         10001	2025-06-16 09:33:21	1	0	1	0
         10005	2025-06-16 10:03:12	1	0	1	0
         10001	2025-06-16 19:01:27	1	0	1	0
         10005	2025-06-16 19:01:38	1	0	1	0
         10003	2025-06-17 08:49:03	1	0	1	0
         10002	2025-06-17 09:27:07	1	0	1	0
         10001	2025-06-17 09:55:18	1	0	15	0
         10005	2025-06-17 09:59:31	1	0	1	0
         10002	2025-06-17 18:36:47	1	0	1	0
         10005	2025-06-17 18:37:42	1	0	1	0
         10001	2025-06-17 19:01:42	1	0	15	0
         10003	2025-06-17 19:04:15	1	0	1	0
         10003	2025-06-18 08:11:28	1	0	1	0
         10002	2025-06-18 09:27:33	1	0	1	0
         10005	2025-06-18 10:04:30	1	0	1	0
         10001	2025-06-18 10:07:35	1	0	1	0
         10002	2025-06-18 18:49:05	1	0	1	0
         10005	2025-06-18 18:51:10	1	0	1	0
         10001	2025-06-18 19:08:20	1	0	1	0
         10003	2025-06-18 19:27:37	1	0	1	0
         10003	2025-06-19 08:01:20	1	0	1	0
         10002	2025-06-19 09:29:06	1	0	1	0
         10005	2025-06-19 09:59:04	1	0	1	0
         10006	2025-06-19 10:16:25	1	0	1	0
         10005	2025-06-19 18:42:01	1	0	1	0
         10002	2025-06-19 18:44:42	1	0	15	0
         10006	2025-06-19 18:44:57	1	0	1	0
         10006	2025-06-19 18:50:03	1	0	1	0
         10003	2025-06-19 18:59:37	1	0	1	0
         10003	2025-06-20 07:50:50	1	0	1	0
         10002	2025-06-20 09:27:55	1	0	1	0
         10001	2025-06-20 09:39:43	1	0	1	0
         10005	2025-06-20 10:00:44	1	0	1	0
         10005	2025-06-20 19:04:52	1	0	1	0
         10002	2025-06-20 19:06:55	1	0	1	0
         10001	2025-06-20 19:17:24	1	0	15	0
         10003	2025-06-20 19:35:26	1	0	1	0
         10003	2025-06-21 08:44:04	1	0	1	0
         10002	2025-06-21 09:28:02	1	0	1	0
         10001	2025-06-21 09:35:50	1	0	1	0
         10006	2025-06-21 10:09:48	1	0	1	0
         10002	2025-06-21 20:11:51	1	0	1	0
         10003	2025-06-21 20:13:38	1	0	1	0
         10001	2025-06-21 20:22:12	1	0	15	0
         10003	2025-06-23 08:03:19	1	0	1	0
         10001	2025-06-23 09:07:15	1	0	15	0
         10002	2025-06-23 09:08:08	1	0	1	0
         10005	2025-06-23 09:48:04	1	0	1	0
         10002	2025-06-23 18:50:06	1	0	1	0
         10005	2025-06-23 18:50:19	1	0	1	0
         10001	2025-06-23 18:58:57	1	0	15	0
         10003	2025-06-24 08:08:56	1	0	1	0
         10002	2025-06-24 09:30:32	1	0	1	0
         10005	2025-06-24 09:59:56	1	0	1	0
         10005	2025-06-24 18:46:32	1	0	1	0
         10002	2025-06-24 18:50:33	1	0	1	0
         10003	2025-06-24 19:19:52	1	0	1	0
         10003	2025-06-25 07:56:18	1	0	1	0
         10002	2025-06-25 09:31:04	1	0	1	0
         10001	2025-06-25 09:59:18	1	0	1	0
         10005	2025-06-25 10:06:06	1	0	1	0
         10002	2025-06-25 18:47:49	1	0	1	0
         10005	2025-06-25 18:58:51	1	0	1	0
         10001	2025-06-25 19:20:32	1	0	15	0
         10001	2025-06-25 19:20:33	1	0	1	0
         10003	2025-06-25 19:27:56	1	0	1	0
         10003	2025-06-26 08:10:57	1	0	1	0
         10002	2025-06-26 09:31:18	1	0	1	0
         10005	2025-06-26 10:09:20	1	0	1	0
         10005	2025-06-26 10:09:21	1	0	1	0
         10006	2025-06-26 10:14:01	1	0	1	0
         10002	2025-06-26 18:43:41	1	0	1	0
         10006	2025-06-26 18:48:19	1	0	1	0
         10005	2025-06-26 18:48:40	1	0	1	0
         10003	2025-06-26 19:21:20	1	0	1	0
         10003	2025-06-27 08:30:52	1	0	1	0
         10002	2025-06-27 09:19:56	1	0	1	0
         10005	2025-06-27 10:00:16	1	0	1	0
         10001	2025-06-27 10:02:01	1	0	1	0
         10001	2025-06-27 10:52:01	1	0	15	0
         10005	2025-06-27 18:50:35	1	0	1	0
         10002	2025-06-27 18:51:21	1	0	1	0
         10003	2025-06-27 19:14:31	1	0	1	0
         10001	2025-06-27 19:14:45	1	0	1	0
         10003	2025-06-28 08:56:18	1	0	1	0
         10002	2025-06-28 09:32:27	1	0	1	0
         10001	2025-06-28 09:37:22	1	0	1	0
         10006	2025-06-28 10:09:16	1	0	1	0
         10003	2025-06-28 19:19:09	1	0	1	0
         10006	2025-06-28 19:28:49	1	0	1	0
         10001	2025-06-28 20:27:17	1	0	15	0
         10003	2025-06-30 08:10:37	1	0	1	0
         10002	2025-06-30 09:08:59	1	0	1	0
         10001	2025-06-30 09:33:51	1	0	1	0
         10005	2025-06-30 09:50:21	1	0	1	0
         10005	2025-06-30 18:30:47	1	0	1	0
         10002	2025-06-30 18:36:38	1	0	1	0
         10003	2025-06-30 18:48:00	1	0	1	0
         10001	2025-06-30 19:18:19	1	0	15	0
         10003	2025-07-01 07:51:48	1	0	1	0
         10002	2025-07-01 09:28:16	1	0	1	0
         10001	2025-07-01 09:45:11	1	0	15	0
         10001	2025-07-01 09:45:19	1	0	15	0
         10005	2025-07-01 10:01:19	1	0	1	0
         10005	2025-07-01 18:37:17	1	0	1	0
         10002	2025-07-01 18:38:01	1	0	1	0
         10002	2025-07-01 18:41:11	1	0	1	0
         10001	2025-07-01 19:02:52	1	0	1	0
         10003	2025-07-01 19:20:45	1	0	1	0
         10003	2025-07-02 07:45:20	1	0	1	0
         10002	2025-07-02 09:29:32	1	0	1	0
         10001	2025-07-02 09:51:22	1	0	1	0
         10005	2025-07-02 10:10:12	1	0	1	0
         10005	2025-07-02 18:37:29	1	0	1	0
         10002	2025-07-02 18:42:37	1	0	1	0
         10003	2025-07-02 18:49:10	1	0	1	0
         10003	2025-07-02 18:49:12	1	0	1	0
         10001	2025-07-02 19:36:53	1	0	15	0
         10003	2025-07-03 07:48:47	1	0	1	0
         10002	2025-07-03 09:32:54	1	0	1	0
         10006	2025-07-03 10:04:24	1	0	1	0
         10006	2025-07-03 10:04:25	1	0	1	0
         10005	2025-07-03 10:11:38	1	0	1	0
         10002	2025-07-03 18:44:39	1	0	1	0
         10005	2025-07-03 18:49:52	1	0	1	0
         10006	2025-07-03 19:03:44	1	0	1	0
         10003	2025-07-03 19:08:29	1	0	1	0
         10003	2025-07-04 07:51:09	1	0	1	0
         10002	2025-07-04 09:34:51	1	0	1	0
         10001	2025-07-04 10:01:39	1	0	1	0
         10005	2025-07-04 10:04:20	1	0	1	0
         10003	2025-07-04 19:04:44	1	0	1	0
         10002	2025-07-04 19:09:01	1	0	1	0
         10001	2025-07-04 19:16:47	1	0	15	0
         10003	2025-07-05 08:11:16	1	0	1	0
         10002	2025-07-05 09:30:08	1	0	1	0
         10001	2025-07-05 09:51:06	1	0	1	0
         10006	2025-07-05 10:15:06	1	0	1	0
         10003	2025-07-05 18:55:54	1	0	1	0
         10002	2025-07-05 18:58:59	1	0	1	0
         10006	2025-07-05 19:12:08	1	0	1	0
         10001	2025-07-05 19:16:26	1	0	1	0
         10003	2025-07-07 08:22:46	1	0	1	0
         10002	2025-07-07 08:53:13	1	0	1	0
         10001	2025-07-07 09:38:05	1	0	15	0
         10005	2025-07-07 09:57:34	1	0	1	0
         10002	2025-07-07 18:13:56	1	0	15	0
         10005	2025-07-07 18:56:47	1	0	1	0
         10002	2025-07-07 18:58:30	1	0	1	0
         10003	2025-07-07 19:12:51	1	0	1	0
         10001	2025-07-07 20:02:11	1	0	15	0
         10003	2025-07-08 07:44:44	1	0	1	0
         10002	2025-07-08 09:26:45	1	0	1	0
         10001	2025-07-08 09:46:20	1	0	15	0
         10005	2025-07-08 10:02:34	1	0	1	0
         10002	2025-07-08 18:59:56	1	0	1	0
         10005	2025-07-08 19:01:09	1	0	1	0
         10001	2025-07-08 19:15:25	1	0	15	0
         10003	2025-07-08 19:31:59	1	0	1	0
         10003	2025-07-09 08:09:05	1	0	1	0
         10002	2025-07-09 09:27:43	1	0	1	0
         10001	2025-07-09 09:48:25	1	0	1	0
         10001	2025-07-09 09:48:31	1	0	1	0
         10005	2025-07-09 10:05:29	1	0	1	0
         10002	2025-07-09 19:00:31	1	0	1	0
         10003	2025-07-09 19:21:18	1	0	1	0
         10001	2025-07-09 19:28:56	1	0	1	0
         10002	2025-07-10 09:30:00	1	0	1	0
         10003	2025-07-10 09:37:12	1	0	1	0
         10005	2025-07-10 09:56:25	1	0	1	0
         10006	2025-07-10 10:13:57	1	0	1	0
         10003	2025-07-10 18:45:10	1	0	1	0
         10002	2025-07-10 18:48:42	1	0	1	0
         10005	2025-07-10 18:53:05	1	0	1	0
         10003	2025-07-11 07:44:08	1	0	1	0
         10002	2025-07-11 09:19:52	1	0	1	0
         10001	2025-07-11 09:38:15	1	0	15	0
         10005	2025-07-11 09:54:24	1	0	1	0
         10002	2025-07-11 18:41:11	1	0	1	0
         10005	2025-07-11 18:41:26	1	0	1	0
         10001	2025-07-11 18:49:27	1	0	15	0
         10003	2025-07-11 18:59:39	1	0	1	0
         10003	2025-07-12 08:26:15	1	0	1	0
         10002	2025-07-12 09:28:02	1	0	1	0
         10001	2025-07-12 09:53:40	1	0	15	0
         10006	2025-07-12 10:19:40	1	0	1	0
         10001	2025-07-12 19:04:55	1	0	15	0
         10006	2025-07-12 19:05:00	1	0	1	0
         10003	2025-07-12 19:13:11	1	0	1	0
         10003	2025-07-14 07:48:48	1	0	1	0
         10002	2025-07-14 08:26:14	1	0	1	0
         10005	2025-07-14 09:36:12	1	0	1	0
         10001	2025-07-14 09:42:18	1	0	15	0
         10005	2025-07-14 18:45:27	1	0	1	0
         10002	2025-07-14 18:45:40	1	0	1	0
         10001	2025-07-14 19:19:40	1	0	15	0
         10003	2025-07-14 19:20:48	1	0	1	0
         10003	2025-07-15 07:58:32	1	0	1	0
         10002	2025-07-15 09:28:39	1	0	1	0
         10001	2025-07-15 09:50:36	1	0	15	0
         10005	2025-07-15 10:17:33	1	0	1	0
         10005	2025-07-15 10:17:35	1	0	1	0
         10005	2025-07-15 18:49:33	1	0	1	0
         10001	2025-07-15 18:49:49	1	0	15	0
         10002	2025-07-15 18:50:47	1	0	1	0
         10003	2025-07-15 19:04:44	1	0	1	0
         10003	2025-07-16 07:50:53	1	0	1	0
         10002	2025-07-16 09:31:03	1	0	1	0
         10001	2025-07-16 09:48:11	1	0	15	0
         10005	2025-07-16 10:05:59	1	0	1	0
         10005	2025-07-16 18:51:43	1	0	1	0
         10002	2025-07-16 18:52:21	1	0	1	0
         10001	2025-07-16 19:24:53	1	0	15	0
         10003	2025-07-17 07:51:56	1	0	1	0
         10002	2025-07-17 09:28:48	1	0	1	0
         10005	2025-07-17 09:55:34	1	0	1	0
         10006	2025-07-17 10:03:38	1	0	1	0
         10002	2025-07-17 18:36:23	1	0	1	0
         10005	2025-07-17 18:36:36	1	0	1	0
         10006	2025-07-17 18:40:06	1	0	1	0
         10003	2025-07-17 19:10:19	1	0	1	0
         10003	2025-07-18 08:27:13	1	0	1	0
         10002	2025-07-18 09:20:10	1	0	1	0
         10001	2025-07-18 09:47:50	1	0	15	0
         10005	2025-07-18 10:03:22	1	0	1	0
         10001	2025-07-18 18:58:19	1	0	15	0
         10005	2025-07-18 18:58:33	1	0	1	0
         10003	2025-07-18 19:05:44	1	0	1	0
         10002	2025-07-18 19:11:55	1	0	1	0
         10003	2025-07-19 08:50:14	1	0	1	0
         10002	2025-07-19 09:30:55	1	0	1	0
         10001	2025-07-19 10:05:04	1	0	1	0
         10006	2025-07-19 10:13:17	1	0	1	0
         10003	2025-07-19 18:56:18	1	0	1	0
         10002	2025-07-19 18:57:37	1	0	1	0
         10002	2025-07-19 18:58:50	1	0	1	0
         10002	2025-07-19 18:59:45	1	0	1	0
         10006	2025-07-19 19:14:24	1	0	1	0
         10001	2025-07-19 19:15:57	1	0	15	0
         10003	2025-07-21 08:07:24	1	0	1	0
         10002	2025-07-21 08:44:43	1	0	1	0
         10001	2025-07-21 09:02:26	1	0	15	0
         10005	2025-07-21 09:15:56	1	0	1	0
         10002	2025-07-21 18:46:00	1	0	1	0
         10005	2025-07-21 18:48:28	1	0	1	0
         10003	2025-07-21 18:59:24	1	0	1	0
         10003	2025-07-22 09:10:02	1	0	1	0
         10002	2025-07-22 09:32:53	1	0	1	0
         10001	2025-07-22 09:37:45	1	0	15	0
         10005	2025-07-22 10:06:40	1	0	1	0
         10005	2025-07-22 18:39:18	1	0	1	0
         10002	2025-07-22 18:39:30	1	0	1	0
         10001	2025-07-22 19:04:28	1	0	15	0
         10003	2025-07-22 19:14:58	1	0	1	0
         10003	2025-07-23 08:37:28	1	0	1	0
         10001	2025-07-23 09:23:18	1	0	15	0
         10002	2025-07-23 09:30:15	1	0	1	0
         10005	2025-07-23 09:55:28	1	0	1	0
         10002	2025-07-23 18:55:07	1	0	1	0
         10005	2025-07-23 18:55:15	1	0	1	0
         10003	2025-07-23 19:15:21	1	0	1	0
         10001	2025-07-23 19:20:19	1	0	15	0
         10003	2025-07-24 08:59:12	1	0	1	0
         10002	2025-07-24 09:25:59	1	0	1	0
         10005	2025-07-24 09:59:36	1	0	1	0
         10006	2025-07-24 10:13:21	1	0	1	0
         10002	2025-07-24 18:45:58	1	0	1	0
         10002	2025-07-24 18:45:59	1	0	1	0
         10006	2025-07-24 18:48:58	1	0	1	0
         10003	2025-07-24 18:54:06	1	0	1	0
         10003	2025-07-25 08:07:27	1	0	1	0
         10002	2025-07-25 09:27:06	1	0	1	0
         10002	2025-07-25 09:27:08	1	0	1	0
         10005	2025-07-25 09:56:07	1	0	1	0
         10001	2025-07-25 10:29:30	1	0	1	0
         10002	2025-07-25 18:52:31	1	0	1	0
         10005	2025-07-25 18:55:25	1	0	1	0
         10001	2025-07-25 19:24:29	1	0	15	0
         10003	2025-07-25 19:27:04	1	0	1	0
         10003	2025-07-26 08:18:28	1	0	1	0
         10001	2025-07-26 09:20:58	1	0	15	0
         10002	2025-07-26 09:32:15	1	0	1	0
         10006	2025-07-26 10:15:10	1	0	1	0
         10002	2025-07-26 19:02:13	1	0	1	0
         10002	2025-07-26 19:02:25	1	0	1	0
         10003	2025-07-26 19:18:44	1	0	1	0
         10001	2025-07-26 19:35:13	1	0	15	0
         10002	2025-07-28 08:31:45	1	0	1	0
         10005	2025-07-28 09:28:08	1	0	1	0
         10001	2025-07-28 09:39:58	1	0	15	0
         10005	2025-07-28 18:56:26	1	0	1	0
         10002	2025-07-28 18:59:53	1	0	1	0
         10003	2025-07-29 08:07:28	1	0	1	0
         10001	2025-07-29 09:14:38	1	0	15	0
         10002	2025-07-29 09:35:10	1	0	1	0
         10005	2025-07-29 09:55:54	1	0	1	0
         10005	2025-07-29 18:33:23	1	0	1	0
         10002	2025-07-29 18:36:54	1	0	1	0
         10001	2025-07-29 18:41:58	1	0	15	0
         10003	2025-07-29 19:11:50	1	0	1	0
         10003	2025-07-30 08:14:20	1	0	1	0
         10002	2025-07-30 09:28:45	1	0	1	0
         10001	2025-07-30 09:48:06	1	0	15	0
         10005	2025-07-30 09:59:10	1	0	1	0
         10005	2025-07-30 18:54:06	1	0	1	0
         10005	2025-07-30 18:56:25	1	0	1	0
         10002	2025-07-30 18:56:41	1	0	1	0
         10002	2025-07-30 18:58:36	1	0	1	0
         10001	2025-07-30 18:59:58	1	0	1	0
         10003	2025-07-30 19:18:18	1	0	1	0
         10003	2025-07-31 08:24:48	1	0	1	0
         10002	2025-07-31 09:30:25	1	0	1	0
         10005	2025-07-31 09:58:59	1	0	1	0
         10006	2025-07-31 10:24:42	1	0	1	0
         10006	2025-07-31 18:52:23	1	0	1	0
         10002	2025-07-31 18:54:58	1	0	1	0
         10005	2025-07-31 18:55:37	1	0	1	0
         10003	2025-07-31 19:29:51	1	0	1	0
         10003	2025-08-01 08:04:25	1	0	1	0
         10002	2025-08-01 09:31:05	1	0	1	0
         10001	2025-08-01 09:35:52	1	0	15	0
         10005	2025-08-01 10:00:42	1	0	1	0
         10002	2025-08-01 14:55:33	1	0	1	0
         10005	2025-08-01 18:53:41	1	0	1	0
         10001	2025-08-01 19:13:15	1	0	1	0
         10003	2025-08-02 08:46:51	1	0	1	0
         10002	2025-08-02 09:22:11	1	0	1	0
         10001	2025-08-02 09:28:16	1	0	15	0
         10006	2025-08-02 10:17:04	1	0	1	0
         10001	2025-08-02 17:13:30	1	0	15	0
         10006	2025-08-02 19:42:08	1	0	1	0
         10003	2025-08-02 19:45:56	1	0	1	0
         10002	2025-08-02 19:48:18	1	0	1	0
         10003	2025-08-04 08:39:55	1	0	1	0
         10001	2025-08-04 09:33:24	1	0	15	0
         10005	2025-08-04 09:41:18	1	0	1	0
         10005	2025-08-04 18:44:58	1	0	1	0
         10002	2025-08-04 18:47:03	1	0	1	0
         10003	2025-08-04 19:15:59	1	0	1	0
         10001	2025-08-04 19:17:30	1	0	15	0
         10003	2025-08-05 08:01:29	1	0	1	0
         10002	2025-08-05 09:25:49	1	0	1	0
         10001	2025-08-05 09:40:02	1	0	15	0
         10005	2025-08-05 10:06:27	1	0	1	0
         10005	2025-08-05 18:33:18	1	0	1	0
         10005	2025-08-05 18:34:26	1	0	1	0
         10002	2025-08-05 18:38:39	1	0	1	0
         10003	2025-08-05 19:09:26	1	0	1	0
         10001	2025-08-05 20:17:46	1	0	15	0
         10003	2025-08-06 07:52:32	1	0	1	0
         10002	2025-08-06 09:28:38	1	0	1	0
         10001	2025-08-06 09:44:21	1	0	15	0
         10005	2025-08-06 10:07:40	1	0	1	0
         10005	2025-08-06 19:01:38	1	0	1	0
         10002	2025-08-06 19:05:34	1	0	1	0
         10001	2025-08-06 19:17:59	1	0	15	0
         10003	2025-08-06 19:20:21	1	0	1	0
         10003	2025-08-07 08:01:22	1	0	1	0
         10002	2025-08-07 09:19:56	1	0	1	0
         10005	2025-08-07 10:01:55	1	0	1	0
         10006	2025-08-07 10:21:09	1	0	1	0
         10005	2025-08-07 18:31:05	1	0	1	0
         10002	2025-08-07 18:32:10	1	0	1	0
         10006	2025-08-07 18:44:34	1	0	1	0
         10006	2025-08-07 18:53:55	1	0	1	0
         10003	2025-08-07 19:25:57	1	0	1	0
         10003	2025-08-08 08:17:29	1	0	1	0
         10001	2025-08-08 09:05:42	1	0	15	0
         10002	2025-08-08 09:26:41	1	0	1	0
         10005	2025-08-08 10:00:35	1	0	1	0
         10002	2025-08-08 18:24:38	1	0	1	0
         10001	2025-08-08 18:51:38	1	0	15	0
         10003	2025-08-08 19:03:46	1	0	1	0
         10003	2025-08-09 07:42:14	1	0	1	0
         10002	2025-08-09 09:28:46	1	0	1	0
         10006	2025-08-09 10:14:46	1	0	1	0
         10006	2025-08-09 10:14:47	1	0	1	0
         10002	2025-08-09 19:22:53	1	0	1	0
         10003	2025-08-09 19:35:05	1	0	1	0
         10006	2025-08-09 19:35:21	1	0	1	0
         10001	2025-08-09 19:35:53	1	0	15	0
         10002	2025-08-11 08:43:39	1	0	1	0
         10003	2025-08-11 09:27:33	1	0	1	0
         10003	2025-08-11 18:59:06	1	0	1	0
         10002	2025-08-11 19:01:03	1	0	1	0
         10001	2025-08-11 19:22:44	1	0	15	0
         10002	2025-08-12 09:14:47	1	0	1	0
         10003	2025-08-12 09:18:31	1	0	1	0
         10001	2025-08-12 09:51:39	1	0	15	0
         10002	2025-08-12 18:30:06	1	0	1	0
         10001	2025-08-12 18:48:59	1	0	1	0
         10003	2025-08-13 08:20:46	1	0	1	0
         10002	2025-08-13 09:17:38	1	0	1	0
         10001	2025-08-13 09:46:57	1	0	15	0
         10005	2025-08-13 10:13:46	1	0	1	0
         10005	2025-08-13 10:15:21	1	0	1	0
         10002	2025-08-13 18:50:47	1	0	1	0
         10005	2025-08-13 18:53:52	1	0	1	0
         10001	2025-08-13 19:10:41	1	0	15	0
         10003	2025-08-13 19:32:54	1	0	1	0
         10002	2025-08-14 09:21:38	1	0	1	0
         10005	2025-08-14 10:06:40	1	0	1	0
         10006	2025-08-14 10:15:37	1	0	1	0
         10005	2025-08-14 18:47:02	1	0	1	0
         10006	2025-08-14 18:51:56	1	0	1	0
         10002	2025-08-14 18:53:28	1	0	1	0
         10003	2025-08-15 09:25:38	1	0	1	0
         10002	2025-08-15 09:28:02	1	0	1	0
         10001	2025-08-15 09:50:55	1	0	15	0
         10005	2025-08-15 10:01:43	1	0	1	0
         10005	2025-08-15 18:47:36	1	0	1	0
         10002	2025-08-15 18:55:38	1	0	1	0
         10001	2025-08-15 19:00:28	1	0	15	0
         10003	2025-08-15 19:06:04	1	0	1	0
         10003	2025-08-16 08:48:33	1	0	1	0
         10002	2025-08-16 09:32:24	1	0	1	0
         10001	2025-08-16 09:56:38	1	0	15	0
         10006	2025-08-16 10:06:36	1	0	1	0
         10002	2025-08-16 19:09:09	1	0	1	0
         10006	2025-08-16 19:20:11	1	0	1	0
         10001	2025-08-16 19:22:35	1	0	15	0
         10003	2025-08-16 19:42:42	1	0	1	0
         10003	2025-08-18 09:55:26	1	0	1	0
         10005	2025-08-18 09:55:35	1	0	1	0
         10001	2025-08-18 09:58:36	1	0	15	0
         10002	2025-08-18 10:08:50	1	0	1	0
         10001	2025-08-18 11:13:02	1	0	15	0
         10002	2025-08-18 18:54:12	1	0	1	0
         10005	2025-08-18 18:56:17	1	0	1	0
         10003	2025-08-18 19:09:17	1	0	1	0
         10001	2025-08-18 19:23:19	1	0	15	0
         10003	2025-08-19 08:08:13	1	0	1	0
         10002	2025-08-19 09:13:28	1	0	1	0
         10001	2025-08-19 09:52:43	1	0	15	0
         10005	2025-08-19 10:03:47	1	0	1	0
         10002	2025-08-19 18:41:31	1	0	1	0
         10005	2025-08-19 18:44:32	1	0	1	0
         10001	2025-08-19 18:53:44	1	0	15	0
         10003	2025-08-19 19:13:10	1	0	1	0
         10003	2025-08-20 08:11:57	1	0	1	0
         10002	2025-08-20 09:27:33	1	0	1	0
         10001	2025-08-20 09:53:08	1	0	15	0
         10005	2025-08-20 10:04:27	1	0	1	0
         10002	2025-08-20 18:48:08	1	0	1	0
         10005	2025-08-20 18:51:00	1	0	1	0
         10003	2025-08-20 19:35:35	1	0	1	0
         10001	2025-08-20 19:45:19	1	0	15	0
         10003	2025-08-21 09:12:58	1	0	1	0
         10003	2025-08-21 09:13:00	1	0	1	0
         10002	2025-08-21 09:14:57	1	0	1	0
         10005	2025-08-21 10:03:23	1	0	1	0
         10006	2025-08-21 10:17:55	1	0	1	0
         10006	2025-08-21 18:40:08	1	0	1	0
         10005	2025-08-21 18:46:10	1	0	1	0
         10002	2025-08-21 18:50:40	1	0	1	0
         10003	2025-08-21 19:34:20	1	0	1	0
         10003	2025-08-22 08:20:34	1	0	1	0
         10002	2025-08-22 09:22:29	1	0	1	0
         10001	2025-08-22 09:54:11	1	0	15	0
         10005	2025-08-22 10:00:20	1	0	1	0
         10005	2025-08-22 18:46:53	1	0	1	0
         10001	2025-08-22 19:00:17	1	0	15	0
         10002	2025-08-23 09:16:18	1	0	1	0
         10001	2025-08-23 09:27:42	1	0	15	0
         10006	2025-08-23 10:02:17	1	0	1	0
         10006	2025-08-23 19:08:37	1	0	1	0
         10001	2025-08-23 20:03:21	1	0	15	0
         10002	2025-08-23 20:05:51	1	0	1	0
         10003	2025-08-25 09:55:47	1	0	1	0
         10005	2025-08-25 09:58:35	1	0	1	0
         10002	2025-08-25 10:00:34	1	0	1	0
         10005	2025-08-25 18:49:18	1	0	1	0
         10002	2025-08-25 19:13:01	1	0	1	0
         10003	2025-08-25 19:29:53	1	0	1	0
         10003	2025-08-26 08:23:16	1	0	1	0
         10002	2025-08-26 09:20:01	1	0	1	0
         10005	2025-08-26 10:04:57	1	0	1	0
         10005	2025-08-26 18:37:46	1	0	1	0
         10002	2025-08-26 18:38:04	1	0	1	0
         10003	2025-08-26 19:07:53	1	0	1	0
         10003	2025-08-27 08:19:58	1	0	1	0
         10002	2025-08-27 09:14:38	1	0	1	0
         10005	2025-08-27 10:10:49	1	0	1	0
         10005	2025-08-27 18:41:15	1	0	1	0
         10002	2025-08-27 18:43:37	1	0	1	0
         10003	2025-08-27 19:21:44	1	0	1	0
         10003	2025-08-28 08:36:04	1	0	1	0
         10002	2025-08-28 09:13:48	1	0	1	0
         10005	2025-08-28 09:59:15	1	0	1	0
         10006	2025-08-28 10:05:46	1	0	1	0
         10002	2025-08-28 18:50:36	1	0	1	0
         10005	2025-08-28 19:04:46	1	0	1	0
         10006	2025-08-28 19:08:38	1	0	1	0
         10003	2025-08-28 19:34:52	1	0	1	0
         10003	2025-08-29 08:04:01	1	0	1	0
         10002	2025-08-29 09:26:26	1	0	1	0
         10001	2025-08-29 10:00:38	1	0	15	0
         10005	2025-08-29 10:04:17	1	0	1	0
         10002	2025-08-29 18:51:19	1	0	1	0
         10005	2025-08-29 18:51:55	1	0	1	0
         10003	2025-08-29 18:55:53	1	0	1	0
         10001	2025-08-29 19:01:25	1	0	15	0
         10003	2025-08-30 08:14:33	1	0	1	0
         10001	2025-08-30 09:50:26	1	0	15	0
         10006	2025-08-30 10:20:42	1	0	1	0
         10006	2025-08-30 19:47:42	1	0	1	0
         10003	2025-08-30 19:50:28	1	0	1	0
         10003	2025-09-01 10:01:01	1	0	1	0
         10005	2025-09-01 10:01:08	1	0	1	0
         10001	2025-09-01 10:03:20	1	0	15	0
         10005	2025-09-01 18:59:23	1	0	1	0
         10001	2025-09-01 19:25:56	1	0	15	0
         10001	2025-09-01 19:28:50	1	0	15	0
         10003	2025-09-01 19:34:17	1	0	1	0
         10003	2025-09-02 08:23:07	1	0	1	0
         10002	2025-09-02 09:10:13	1	0	1	0
         10001	2025-09-02 09:41:03	1	0	15	0
         10005	2025-09-02 09:59:15	1	0	1	0
         10001	2025-09-02 16:45:48	1	0	15	0
         10005	2025-09-02 18:51:46	1	0	1	0
         10002	2025-09-02 18:53:30	1	0	1	0
         10003	2025-09-02 18:58:08	1	0	1	0
         10001	2025-09-02 19:17:36	1	0	15	0
         10003	2025-09-03 07:57:38	1	0	1	0
         10002	2025-09-03 09:09:16	1	0	1	0
         10005	2025-09-03 09:56:23	1	0	1	0
         10001	2025-09-03 09:57:04	1	0	15	0
         10002	2025-09-03 18:48:02	1	0	1	0
         10005	2025-09-03 18:48:43	1	0	1	0
         10001	2025-09-03 19:13:07	1	0	15	0
         10003	2025-09-03 19:17:26	1	0	1	0
         10003	2025-09-04 08:13:10	1	0	1	0
         10002	2025-09-04 09:08:15	1	0	1	0
         10005	2025-09-04 10:02:24	1	0	1	0
         10006	2025-09-04 10:20:28	1	0	1	0
         10005	2025-09-04 18:46:09	1	0	1	0
         10002	2025-09-04 18:49:54	1	0	1	0
         10006	2025-09-04 18:54:20	1	0	1	0
         10003	2025-09-04 19:18:01	1	0	1	0
         10003	2025-09-05 07:59:31	1	0	1	0
         10002	2025-09-05 09:14:47	1	0	1	0
         10005	2025-09-05 09:58:35	1	0	1	0
         10001	2025-09-05 09:58:44	1	0	15	0
         10005	2025-09-05 18:34:00	1	0	1	0
         10002	2025-09-05 18:39:49	1	0	1	0
         10003	2025-09-05 19:10:11	1	0	1	0
         10003	2025-09-06 08:41:36	1	0	1	0
         10002	2025-09-06 09:22:19	1	0	1	0
         10001	2025-09-06 10:07:00	1	0	15	0
         10006	2025-09-06 10:15:57	1	0	1	0
         10002	2025-09-06 19:14:14	1	0	1	0
         10001	2025-09-06 19:19:29	1	0	15	0
         10006	2025-09-06 19:19:35	1	0	1	0
         10003	2025-09-06 19:31:38	1	0	1	0
         10003	2025-09-06 19:31:39	1	0	1	0
         10005	2025-09-08 10:03:16	1	0	1	0
         10003	2025-09-08 10:03:19	1	0	1	0
         10001	2025-09-08 10:04:22	1	0	15	0
         10002	2025-09-08 10:09:27	1	0	1	0
         10005	2025-09-08 18:48:59	1	0	1	0
         10002	2025-09-08 18:49:12	1	0	1	0
         10001	2025-09-08 18:54:31	1	0	15	0
         10003	2025-09-08 19:20:50	1	0	1	0
         10003	2025-09-09 08:13:15	1	0	1	0
         10002	2025-09-09 09:25:19	1	0	1	0
         10001	2025-09-09 10:04:11	1	0	15	0
         10005	2025-09-09 10:11:36	1	0	1	0
         10005	2025-09-09 18:29:31	1	0	1	0
         10001	2025-09-09 18:30:53	1	0	15	0
         10003	2025-09-09 19:17:43	1	0	1	0
         10003	2025-09-10 08:44:18	1	0	1	0
         10002	2025-09-10 09:21:56	1	0	1	0
         10005	2025-09-10 10:06:56	1	0	1	0
         10001	2025-09-10 10:26:11	1	0	15	0
         10005	2025-09-10 18:42:31	1	0	1	0
         10001	2025-09-10 18:53:46	1	0	15	0
         10003	2025-09-10 19:07:44	1	0	1	0
         10003	2025-09-11 08:44:39	1	0	1	0
         10003	2025-09-11 08:50:55	1	0	1	0
         10002	2025-09-11 09:14:23	1	0	1	0
         10005	2025-09-11 10:00:26	1	0	1	0
         10006	2025-09-11 10:57:28	1	0	1	0
         10002	2025-09-11 18:46:17	1	0	1	0
         10006	2025-09-11 18:51:21	1	0	1	0
         10005	2025-09-11 18:51:53	1	0	1	0
         10003	2025-09-11 19:43:29	1	0	1	0
         10003	2025-09-12 07:56:28	1	0	1	0
         10002	2025-09-12 09:06:22	1	0	1	0
         10005	2025-09-12 10:07:20	1	0	1	0
         10005	2025-09-12 18:33:29	1	0	1	0
         10002	2025-09-12 18:34:13	1	0	1	0
         10003	2025-09-12 19:23:06	1	0	1	0
         10003	2025-09-13 08:46:55	1	0	1	0
         10002	2025-09-13 09:14:22	1	0	1	0
         10001	2025-09-13 09:52:08	1	0	15	0
         10006	2025-09-13 10:15:34	1	0	1	0
         10003	2025-09-13 19:34:18	1	0	1	0
         10002	2025-09-13 19:48:22	1	0	1	0
         10003	2025-09-15 10:04:06	1	0	1	0
         10005	2025-09-15 10:04:20	1	0	1	0
         10001	2025-09-15 10:09:03	1	0	15	0
         10002	2025-09-15 10:16:43	1	0	1	0
         10005	2025-09-15 18:57:01	1	0	1	0
         10002	2025-09-15 18:58:23	1	0	1	0
         10002	2025-09-15 19:02:14	1	0	1	0
         10001	2025-09-15 19:22:17	1	0	15	0
         10003	2025-09-16 08:57:38	1	0	1	0
         10002	2025-09-16 09:24:33	1	0	1	0
         10001	2025-09-16 09:59:54	1	0	15	0
         10005	2025-09-16 10:02:50	1	0	1	0
         10001	2025-09-16 18:42:40	1	0	15	0
         10002	2025-09-16 18:44:32	1	0	1	0
         10005	2025-09-16 18:45:52	1	0	1	0
         10003	2025-09-16 19:25:29	1	0	1	0
         10003	2025-09-17 08:14:16	1	0	1	0
         10001	2025-09-17 09:49:05	1	0	15	0
         10005	2025-09-17 10:00:34	1	0	1	0
         10005	2025-09-17 18:46:16	1	0	1	0
         10001	2025-09-17 18:53:47	1	0	15	0
         10003	2025-09-17 18:56:18	1	0	1	0
         10003	2025-09-18 08:05:15	1	0	1	0
         10003	2025-09-18 08:05:59	1	0	1	0
         10005	2025-09-18 10:03:20	1	0	1	0
         10006	2025-09-18 10:14:17	1	0	1	0
         10006	2025-09-18 19:04:28	1	0	1	0
         10003	2025-09-18 19:46:36	1	0	1	0
         10003	2025-09-19 08:17:02	1	0	1	0
         10002	2025-09-19 09:08:07	1	0	1	0
         10001	2025-09-19 09:52:32	1	0	15	0
         10005	2025-09-19 09:58:33	1	0	1	0
         10005	2025-09-19 09:58:35	1	0	1	0
         10002	2025-09-19 19:07:39	1	0	1	0
         10005	2025-09-19 19:09:21	1	0	1	0
         10001	2025-09-19 19:13:06	1	0	15	0
         10003	2025-09-19 19:32:37	1	0	1	0
         10003	2025-09-20 08:37:15	1	0	1	0
         10002	2025-09-20 09:10:47	1	0	1	0
         10001	2025-09-20 09:48:57	1	0	15	0
         10006	2025-09-20 10:15:14	1	0	1	0
         10006	2025-09-20 10:15:16	1	0	1	0
         10001	2025-09-20 14:08:07	1	0	15	0
         10003	2025-09-20 19:28:30	1	0	1	0
         10001	2025-09-20 19:32:55	1	0	15	0
         10001	2025-09-20 19:35:11	1	0	15	0
         10002	2025-09-20 20:23:20	1	0	1	0
         10003	2025-09-22 09:43:17	1	0	1	0
         10005	2025-09-22 09:43:37	1	0	1	0
         10001	2025-09-22 09:44:10	1	0	15	0
         10002	2025-09-22 10:08:20	1	0	1	0
         10005	2025-09-22 18:45:46	1	0	1	0
         10002	2025-09-22 18:47:58	1	0	1	0
         10001	2025-09-22 19:22:38	1	0	15	0
         10003	2025-09-22 19:34:03	1	0	1	0
         10003	2025-09-23 08:13:24	1	0	1	0
         10002	2025-09-23 09:24:05	1	0	1	0
         10001	2025-09-23 09:48:40	1	0	15	0
         10005	2025-09-23 10:04:54	1	0	1	0
         10002	2025-09-23 18:29:19	1	0	15	0
         10005	2025-09-23 18:31:27	1	0	1	0
         10003	2025-09-23 18:41:29	1	0	1	0
         10001	2025-09-23 19:13:31	1	0	15	0
         10003	2025-09-24 08:25:34	1	0	1	0
         10002	2025-09-24 09:23:54	1	0	1	0
         10005	2025-09-24 10:04:29	1	0	1	0
         10002	2025-09-24 18:28:59	1	0	1	0
         10005	2025-09-24 18:29:58	1	0	1	0
         10003	2025-09-24 18:55:07	1	0	1	0
         10001	2025-09-24 19:10:40	1	0	15	0
         10003	2025-09-25 08:08:22	1	0	1	0
         10002	2025-09-25 09:16:10	1	0	1	0
         10006	2025-09-25 10:01:33	1	0	1	0
         10005	2025-09-25 10:07:17	1	0	1	0
         10005	2025-09-25 18:47:16	1	0	1	0
         10006	2025-09-25 18:52:05	1	0	1	0
         10002	2025-09-25 18:55:14	1	0	1	0
         10003	2025-09-25 19:24:21	1	0	1	0
         10003	2025-09-26 08:06:10	1	0	1	0
         10002	2025-09-26 09:31:47	1	0	1	0
         10001	2025-09-26 09:56:30	1	0	15	0
         10005	2025-09-26 10:06:45	1	0	1	0
         10005	2025-09-26 10:06:46	1	0	1	0
         10002	2025-09-26 18:40:08	1	0	1	0
         10005	2025-09-26 18:46:57	1	0	1	0
         10001	2025-09-26 18:51:21	1	0	15	0
         10003	2025-09-26 19:10:08	1	0	1	0
         10003	2025-09-27 07:44:38	1	0	1	0
         10002	2025-09-27 09:20:32	1	0	1	0
         10001	2025-09-27 09:55:34	1	0	15	0
         10006	2025-09-27 10:19:39	1	0	1	0
         10003	2025-09-27 19:45:01	1	0	1	0
         10006	2025-09-27 19:53:32	1	0	1	0
         10002	2025-09-27 19:55:39	1	0	1	0
         10001	2025-09-27 20:59:03	1	0	15	0
         10003	2025-09-29 09:46:48	1	0	1	0
         10005	2025-09-29 09:47:08	1	0	1	0
         10002	2025-09-29 09:48:21	1	0	1	0
         10001	2025-09-29 12:13:50	1	0	15	0
         10005	2025-09-29 18:45:33	1	0	1	0
         10002	2025-09-29 18:46:53	1	0	1	0
         10003	2025-09-29 19:13:42	1	0	1	0
         10003	2025-09-30 08:49:16	1	0	1	0
         10002	2025-09-30 09:25:13	1	0	1	0
         10001	2025-09-30 09:44:03	1	0	1	0
         10005	2025-09-30 10:03:11	1	0	1	0
         10002	2025-09-30 18:30:42	1	0	1	0
         10005	2025-09-30 18:32:48	1	0	1	0
         10001	2025-09-30 18:46:04	1	0	15	0
         10003	2025-09-30 19:01:10	1	0	1	0
         10003	2025-09-30 19:01:11	1	0	1	0
         10003	2025-10-01 08:36:05	1	0	1	0
         10002	2025-10-01 09:19:15	1	0	1	0
         10001	2025-10-01 09:55:34	1	0	1	0
         10005	2025-10-01 10:04:28	1	0	1	0
         10002	2025-10-01 18:50:41	1	0	1	0
         10005	2025-10-01 18:58:25	1	0	1	0
         10002	2025-10-01 18:59:24	1	0	1	0
         10003	2025-10-01 19:02:01	1	0	1	0
         10003	2025-10-01 19:02:41	1	0	1	0
         10001	2025-10-01 19:12:34	1	0	15	0
         10003	2025-10-02 07:58:45	1	0	1	0
         10002	2025-10-02 09:12:31	1	0	1	0
         10006	2025-10-02 10:07:45	1	0	1	0
         10005	2025-10-02 10:09:38	1	0	1	0
         10005	2025-10-02 18:45:09	1	0	1	0
         10002	2025-10-02 18:46:19	1	0	1	0
         10003	2025-10-02 19:24:38	1	0	1	0
         10003	2025-10-03 07:46:51	1	0	1	0
         10002	2025-10-03 09:14:45	1	0	1	0
         10001	2025-10-03 09:55:05	1	0	1	0
         10005	2025-10-03 10:03:46	1	0	1	0
         10005	2025-10-03 18:27:53	1	0	1	0
         10001	2025-10-03 18:30:09	1	0	15	0
         10001	2025-10-03 18:30:11	1	0	1	0
         10003	2025-10-03 18:30:32	1	0	1	0
         10002	2025-10-03 18:31:28	1	0	1	0
         10003	2025-10-04 08:17:34	1	0	1	0
         10002	2025-10-04 09:06:29	1	0	1	0
         10001	2025-10-04 09:59:31	1	0	1	0
         10006	2025-10-04 10:29:47	1	0	1	0
         10003	2025-10-04 19:43:21	1	0	1	0
         10002	2025-10-04 19:56:30	1	0	1	0
         10001	2025-10-04 20:01:03	1	0	15	0
         10006	2025-10-04 20:01:11	1	0	1	0
         10005	2025-10-06 09:52:56	1	0	1	0
         10001	2025-10-06 09:55:45	1	0	15	0
         10002	2025-10-06 09:57:34	1	0	1	0
         10002	2025-10-06 18:58:03	1	0	1	0
         10005	2025-10-06 18:58:13	1	0	1	0
         10001	2025-10-06 19:01:21	1	0	15	0
         10003	2025-10-06 19:06:00	1	0	1	0
         10003	2025-10-07 08:00:25	1	0	1	0
         10003	2025-10-07 08:12:35	1	0	1	0
         10002	2025-10-07 09:10:31	1	0	1	0
         10001	2025-10-07 09:34:49	1	0	15	0
         10005	2025-10-07 10:05:23	1	0	1	0
         10005	2025-10-07 18:46:29	1	0	1	0
         10002	2025-10-07 18:52:03	1	0	1	0
         10001	2025-10-07 19:03:41	1	0	15	0
         10003	2025-10-07 19:10:37	1	0	1	0
         10003	2025-10-08 08:13:33	1	0	1	0
         10002	2025-10-08 09:24:17	1	0	1	0
         10001	2025-10-08 09:54:36	1	0	15	0
         10005	2025-10-08 10:02:56	1	0	1	0
         10002	2025-10-08 18:58:21	1	0	1	0
         10005	2025-10-08 18:58:44	1	0	1	0
         10001	2025-10-08 19:02:53	1	0	15	0
         10003	2025-10-08 19:13:41	1	0	1	0
         10003	2025-10-09 08:46:15	1	0	1	0
         10002	2025-10-09 09:19:34	1	0	1	0
         10005	2025-10-09 10:11:26	1	0	1	0
         10006	2025-10-09 10:13:59	1	0	1	0
         10006	2025-10-09 10:14:00	1	0	1	0
         10002	2025-10-09 18:34:41	1	0	1	0
         10005	2025-10-09 18:36:28	1	0	1	0
         10006	2025-10-09 18:42:35	1	0	1	0
         10003	2025-10-09 19:05:18	1	0	1	0
         10003	2025-10-10 07:43:45	1	0	1	0
         10002	2025-10-10 09:16:57	1	0	1	0
         10001	2025-10-10 09:50:27	1	0	15	0
         10005	2025-10-10 10:00:47	1	0	1	0
         10001	2025-10-10 18:49:00	1	0	15	0
         10005	2025-10-10 18:49:41	1	0	1	0
         10002	2025-10-10 18:51:16	1	0	1	0
         10003	2025-10-10 19:26:12	1	0	1	0
         10003	2025-10-11 07:50:27	1	0	1	0
         10002	2025-10-11 09:23:20	1	0	1	0
         10001	2025-10-11 09:52:05	1	0	15	0
         10006	2025-10-11 10:15:29	1	0	1	0
         10002	2025-10-11 19:32:05	1	0	1	0
         10001	2025-10-11 19:49:29	1	0	15	0
         10003	2025-10-11 20:06:06	1	0	1	0
         10002	2025-10-13 09:02:33	1	0	1	0
         10001	2025-10-13 09:04:45	1	0	15	0
         10005	2025-10-13 10:00:35	1	0	1	0
         10005	2025-10-13 19:02:39	1	0	1	0
         10002	2025-10-13 19:08:58	1	0	1	0
         10001	2025-10-13 20:06:09	1	0	15	0
         10002	2025-10-14 09:20:08	1	0	1	0
         10001	2025-10-14 09:59:01	1	0	15	0
         10005	2025-10-14 10:00:34	1	0	1	0
         10005	2025-10-14 18:33:53	1	0	1	0
         10002	2025-10-14 18:34:35	1	0	1	0
         10001	2025-10-14 19:22:23	1	0	15	0
         10003	2025-10-15 08:46:24	1	0	1	0
         10002	2025-10-15 09:14:02	1	0	1	0
         10001	2025-10-15 10:00:30	1	0	15	0
         10005	2025-10-15 10:03:34	1	0	1	0
         10002	2025-10-15 18:30:05	1	0	1	0
         10005	2025-10-15 18:31:20	1	0	1	0
         10001	2025-10-15 19:02:12	1	0	15	0
         10003	2025-10-16 08:48:55	1	0	1	0
         10002	2025-10-16 09:14:30	1	0	1	0
         10005	2025-10-16 10:05:23	1	0	1	0
         10006	2025-10-16 10:26:03	1	0	1	0
         10003	2025-10-16 18:47:29	1	0	1	0
         10005	2025-10-16 18:51:14	1	0	1	0
         10002	2025-10-16 18:54:08	1	0	1	0
         10006	2025-10-16 18:54:26	1	0	1	0
         10003	2025-10-17 07:50:19	1	0	1	0
         10002	2025-10-17 09:37:40	1	0	1	0
         10001	2025-10-17 09:56:42	1	0	15	0
         10005	2025-10-17 10:36:42	1	0	1	0
         10005	2025-10-17 19:21:52	1	0	1	0
         10002	2025-10-17 19:22:01	1	0	1	0
         10003	2025-10-17 19:33:39	1	0	1	0
         10001	2025-10-17 19:50:46	1	0	15	0
         10003	2025-10-18 07:40:24	1	0	1	0
         10002	2025-10-18 09:24:02	1	0	1	0
         10001	2025-10-18 09:56:42	1	0	1	0
         10006	2025-10-18 10:18:28	1	0	1	0
         10002	2025-10-18 19:06:04	1	0	1	0
         10003	2025-10-18 19:29:59	1	0	1	0
         10001	2025-10-18 19:46:11	1	0	15	0
         10003	2025-10-20 08:24:10	1	0	1	0
         10002	2025-10-20 08:56:33	1	0	1	0
         10001	2025-10-20 09:24:37	1	0	1	0
         10005	2025-10-20 09:59:39	1	0	1	0
         10005	2025-10-20 09:59:41	1	0	1	0
         10005	2025-10-20 18:53:25	1	0	1	0
         10002	2025-10-20 18:58:25	1	0	1	0
         10003	2025-10-20 19:16:58	1	0	1	0
         10001	2025-10-20 19:23:39	1	0	15	0
         10003	2025-10-21 08:22:56	1	0	1	0
         10002	2025-10-21 09:08:49	1	0	1	0
         10001	2025-10-21 09:59:30	1	0	15	0
         10005	2025-10-21 10:04:28	1	0	1	0
         10002	2025-10-21 19:33:42	1	0	1	0
         10003	2025-10-21 20:00:38	1	0	1	0
         10005	2025-10-21 21:10:49	1	0	1	0
         10001	2025-10-21 21:11:01	1	0	15	0
         10003	2025-10-22 08:11:29	1	0	1	0
         10002	2025-10-22 09:12:57	1	0	1	0
         10001	2025-10-22 10:00:06	1	0	15	0
         10005	2025-10-22 10:01:48	1	0	1	0
         10005	2025-10-22 18:52:28	1	0	1	0
         10005	2025-10-22 18:52:29	1	0	1	0
         10002	2025-10-22 19:04:27	1	0	1	0
         10001	2025-10-22 19:09:40	1	0	15	0
         10003	2025-10-22 19:22:24	1	0	1	0
         10003	2025-10-22 19:25:02	1	0	1	0
         10003	2025-10-23 08:57:41	1	0	1	0
         10002	2025-10-23 09:23:36	1	0	1	0
         10005	2025-10-23 10:06:02	1	0	1	0
         10006	2025-10-23 10:15:24	1	0	1	0
         10002	2025-10-23 18:50:51	1	0	1	0
         10006	2025-10-23 18:54:10	1	0	1	0
         10005	2025-10-23 18:54:44	1	0	1	0
         10003	2025-10-23 19:10:53	1	0	1	0
         10003	2025-10-24 08:18:18	1	0	1	0
         10002	2025-10-24 09:23:54	1	0	1	0
         10005	2025-10-24 09:59:22	1	0	1	0
         10003	2025-10-24 18:36:03	1	0	1	0
         10005	2025-10-24 18:36:48	1	0	1	0
         10002	2025-10-24 18:40:46	1	0	1	0
         10002	2025-10-25 09:21:59	1	0	1	0
         10005	2025-10-25 09:51:33	1	0	1	0
         10006	2025-10-25 10:07:55	1	0	1	0
         10006	2025-10-25 10:11:16	1	0	1	0
         10005	2025-10-25 19:09:50	1	0	1	0
         10002	2025-10-25 19:18:54	1	0	1	0
         10006	2025-10-25 19:21:19	1	0	1	0
         10002	2025-10-27 09:20:39	1	0	1	0
         10001	2025-10-27 09:26:50	1	0	15	0
         10005	2025-10-27 09:48:18	1	0	1	0
         10005	2025-10-27 18:51:18	1	0	1	0
         10001	2025-10-27 19:24:14	1	0	15	0
         10002	2025-10-28 09:25:37	1	0	1	0
         10001	2025-10-28 09:56:19	1	0	15	0
         10006	2025-10-28 10:21:02	1	0	1	0
         10002	2025-10-28 18:38:19	1	0	1	0
         10006	2025-10-28 18:47:44	1	0	1	0
         10001	2025-10-28 19:21:45	1	0	15	0
         10002	2025-10-29 09:18:33	1	0	1	0
         10001	2025-10-29 09:56:03	1	0	15	0
         10005	2025-10-29 10:02:07	1	0	1	0
         10002	2025-10-29 18:42:19	1	0	1	0
         10005	2025-10-29 18:56:28	1	0	1	0
         10001	2025-10-29 19:36:12	1	0	15	0
         10002	2025-10-30 09:19:28	1	0	1	0
         10005	2025-10-30 09:55:03	1	0	1	0
         10006	2025-10-30 10:18:41	1	0	1	0
         10002	2025-10-30 18:42:00	1	0	1	0
         10002	2025-10-31 09:20:39	1	0	1	0
         10001	2025-10-31 09:52:26	1	0	15	0
         10005	2025-10-31 09:55:57	1	0	1	0
         10005	2025-10-31 09:55:59	1	0	1	0
         10005	2025-10-31 18:46:17	1	0	1	0
         10002	2025-10-31 18:52:00	1	0	1	0
         10002	2025-10-31 18:53:43	1	0	1	0
         10001	2025-10-31 19:01:11	1	0	15	0
         10002	2025-11-01 09:28:22	1	0	1	0
         10001	2025-11-01 10:12:26	1	0	15	0
         10006	2025-11-01 10:28:42	1	0	1	0
         10002	2025-11-01 19:28:08	1	0	1	0
         10006	2025-11-01 19:29:41	1	0	1	0
         10001	2025-11-01 19:30:35	1	0	15	0
         10001	2025-11-01 19:34:48	1	0	15	0
         10003	2025-11-03 09:59:29	1	0	1	0
         10005	2025-11-03 09:59:39	1	0	1	0
         10001	2025-11-03 10:01:57	1	0	15	0
         10005	2025-11-03 18:54:08	1	0	1	0
         10001	2025-11-03 19:07:07	1	0	15	0
         10003	2025-11-03 19:23:17	1	0	1	0
         10003	2025-11-04 09:03:37	1	0	1	0
         10003	2025-11-04 09:03:38	1	0	1	0
         10002	2025-11-04 09:15:59	1	0	1	0
         10005	2025-11-04 10:03:59	1	0	1	0
         10005	2025-11-04 18:53:03	1	0	1	0
         10005	2025-11-04 18:53:05	1	0	1	0
         10002	2025-11-04 18:56:38	1	0	1	0
         10003	2025-11-04 19:07:46	1	0	1	0
         10003	2025-11-05 07:48:10	1	0	1	0
         10002	2025-11-05 09:28:39	1	0	1	0
         10001	2025-11-05 09:59:55	1	0	15	0
         10005	2025-11-05 10:08:14	1	0	1	0
         10001	2025-11-05 19:32:21	1	0	15	0
         10003	2025-11-05 19:34:52	1	0	1	0
         10003	2025-11-06 08:37:43	1	0	1	0
         10002	2025-11-06 09:10:14	1	0	1	0
         10005	2025-11-06 09:58:26	1	0	1	0
         10006	2025-11-06 10:22:06	1	0	1	0
         10002	2025-11-06 18:36:12	1	0	1	0
         10006	2025-11-06 18:36:30	1	0	1	0
         10005	2025-11-06 18:44:25	1	0	1	0
         10003	2025-11-06 19:11:05	1	0	1	0
         10003	2025-11-07 07:48:15	1	0	1	0
         10002	2025-11-07 09:21:15	1	0	1	0
         10001	2025-11-07 09:56:19	1	0	1	0
         10005	2025-11-07 10:03:10	1	0	1	0
         10002	2025-11-07 18:48:49	1	0	1	0
         10005	2025-11-07 19:06:21	1	0	1	0
         10001	2025-11-07 19:07:39	1	0	1	0
         10001	2025-11-07 19:14:03	1	0	1	0
         10003	2025-11-07 19:17:50	1	0	1	0
         10003	2025-11-07 19:31:56	1	0	1	0
         10003	2025-11-08 08:26:30	1	0	1	0
         10002	2025-11-08 09:22:28	1	0	1	0
         10001	2025-11-08 09:57:20	1	0	15	0
         10006	2025-11-08 10:24:56	1	0	1	0
         10003	2025-11-08 18:57:51	1	0	1	0
         10006	2025-11-08 19:36:41	1	0	1	0
         10002	2025-11-08 19:37:12	1	0	1	0
         10001	2025-11-08 19:51:18	1	0	1	0
         10003	2025-11-10 09:58:10	1	0	1	0
         10005	2025-11-10 09:58:24	1	0	1	0
         10001	2025-11-10 10:01:36	1	0	1	0
         10002	2025-11-10 10:02:06	1	0	1	0
         10002	2025-11-10 10:14:03	1	0	1	0
         10002	2025-11-10 18:44:24	1	0	1	0
         10005	2025-11-10 18:47:59	1	0	1	0
         10003	2025-11-10 19:05:51	1	0	1	0
         10001	2025-11-10 19:09:19	1	0	1	0
         10003	2025-11-11 08:50:05	1	0	1	0
         10002	2025-11-11 09:13:01	1	0	1	0
         10001	2025-11-11 09:55:31	1	0	15	0
         10005	2025-11-11 09:59:30	1	0	1	0
         10005	2025-11-11 18:53:42	1	0	1	0
         10002	2025-11-11 18:54:11	1	0	1	0
         10001	2025-11-11 19:00:27	1	0	15	0
         10003	2025-11-11 19:19:55	1	0	1	0
         10003	2025-11-12 07:47:16	1	0	1	0
         10002	2025-11-12 09:26:46	1	0	1	0
         10001	2025-11-12 09:47:43	1	0	15	0
         10005	2025-11-12 10:00:47	1	0	1	0
         10002	2025-11-12 19:00:17	1	0	1	0
         10005	2025-11-12 19:01:24	1	0	1	0
         10001	2025-11-12 19:34:59	1	0	15	0
         10003	2025-11-12 19:38:53	1	0	1	0
         10003	2025-11-13 08:04:16	1	0	1	0
         10002	2025-11-13 09:24:12	1	0	1	0
         10005	2025-11-13 09:58:38	1	0	1	0
         10006	2025-11-13 10:14:49	1	0	1	0
         10002	2025-11-13 18:31:48	1	0	1	0
         10005	2025-11-13 18:48:15	1	0	1	0
         10006	2025-11-13 18:48:47	1	0	1	0
         10003	2025-11-13 19:06:11	1	0	1	0
         10003	2025-11-13 19:19:34	1	0	1	0
         10003	2025-11-14 08:04:12	1	0	1	0
         10002	2025-11-14 09:23:08	1	0	1	0
         10005	2025-11-14 09:53:50	1	0	1	0
         10001	2025-11-14 13:26:43	1	0	15	0
         10005	2025-11-14 18:52:37	1	0	1	0
         10002	2025-11-14 18:57:36	1	0	1	0
         10001	2025-11-14 19:05:49	1	0	15	0
         10003	2025-11-14 19:26:37	1	0	1	0
         10003	2025-11-15 08:55:02	1	0	1	0
         10001	2025-11-15 09:56:08	1	0	15	0
         10006	2025-11-15 10:14:28	1	0	1	0
         10003	2025-11-15 19:11:30	1	0	1	0
         10006	2025-11-15 19:16:11	1	0	1	0
         10001	2025-11-15 19:39:20	1	0	15	0
         10003	2025-11-17 09:56:01	1	0	1	0
         10005	2025-11-17 09:57:19	1	0	1	0
         10001	2025-11-17 09:59:13	1	0	15	0
         10005	2025-11-17 18:52:53	1	0	1	0
         10003	2025-11-17 19:21:24	1	0	1	0
         10001	2025-11-17 19:26:52	1	0	15	0
         10003	2025-11-18 08:58:24	1	0	1	0
         10002	2025-11-18 09:20:02	1	0	1	0
         10005	2025-11-18 09:48:36	1	0	1	0
         10001	2025-11-18 10:36:17	1	0	1	0
         10005	2025-11-18 18:50:23	1	0	1	0
         10001	2025-11-18 18:56:56	1	0	15	0
         10002	2025-11-18 19:03:14	1	0	1	0
         10003	2025-11-18 19:14:33	1	0	1	0
         10003	2025-11-19 08:20:28	1	0	1	0
         10002	2025-11-19 09:24:52	1	0	1	0
         10005	2025-11-19 09:53:52	1	0	1	0
         10001	2025-11-19 10:09:56	1	0	1	0
         10005	2025-11-19 19:07:02	1	0	1	0
         10001	2025-11-19 19:12:52	1	0	15	0
         10003	2025-11-19 19:34:44	1	0	1	0
         10003	2025-11-20 08:55:04	1	0	1	0
         10002	2025-11-20 09:14:22	1	0	1	0
         10005	2025-11-20 10:01:01	1	0	1	0
         10006	2025-11-20 10:05:18	1	0	1	0
         10002	2025-11-20 18:35:39	1	0	1	0
         10006	2025-11-20 18:47:31	1	0	1	0
         10005	2025-11-20 18:55:30	1	0	1	0
         10003	2025-11-20 19:09:42	1	0	1	0
         10003	2025-11-21 08:48:53	1	0	1	0
         10002	2025-11-21 09:11:31	1	0	1	0
         10005	2025-11-21 09:51:44	1	0	1	0
         10001	2025-11-21 09:57:37	1	0	1	0
         10002	2025-11-21 18:50:02	1	0	1	0
         10003	2025-11-21 18:51:53	1	0	1	0
         10003	2025-11-21 18:51:54	1	0	1	0
         10005	2025-11-21 18:53:23	1	0	1	0
         10001	2025-11-21 18:56:31	1	0	15	0
         10003	2025-11-22 08:21:09	1	0	1	0
         10002	2025-11-22 09:12:49	1	0	1	0
         10001	2025-11-22 09:54:47	1	0	15	0
         10006	2025-11-22 10:19:48	1	0	1	0
         10003	2025-11-22 19:01:19	1	0	1	0
         10006	2025-11-22 19:24:24	1	0	1	0
         10002	2025-11-22 19:24:49	1	0	1	0
         10003	2025-11-24 09:50:13	1	0	1	0
         10005	2025-11-24 09:50:34	1	0	1	0
         10001	2025-11-24 09:53:54	1	0	15	0
         10002	2025-11-24 10:07:20	1	0	1	0
         10005	2025-11-24 18:51:12	1	0	1	0
         10002	2025-11-24 18:55:14	1	0	1	0
         10002	2025-11-24 18:57:56	1	0	1	0
         10001	2025-11-24 19:13:00	1	0	15	0
         10003	2025-11-24 19:24:57	1	0	1	0
         10003	2025-11-25 08:58:37	1	0	1	0
         10002	2025-11-25 09:22:30	1	0	1	0
         10001	2025-11-25 09:50:29	1	0	1	0
         10005	2025-11-25 09:57:18	1	0	1	0
         10005	2025-11-25 18:56:59	1	0	1	0
         10002	2025-11-25 18:58:04	1	0	1	0
         10001	2025-11-25 19:04:46	1	0	1	0
         10003	2025-11-25 19:13:36	1	0	1	0
         10003	2025-11-25 19:30:05	1	0	1	0
         10003	2025-11-26 08:04:10	1	0	1	0
         10002	2025-11-26 09:19:04	1	0	1	0
         10001	2025-11-26 09:52:21	1	0	15	0
         10005	2025-11-26 09:59:29	1	0	1	0
         10002	2025-11-26 18:57:32	1	0	1	0
         10005	2025-11-26 19:02:06	1	0	1	0
         10001	2025-11-26 19:04:17	1	0	15	0
         10003	2025-11-26 19:12:57	1	0	1	0
         10003	2025-11-27 09:00:13	1	0	1	0
         10002	2025-11-27 09:04:02	1	0	1	0
         10005	2025-11-27 09:54:28	1	0	1	0
         10006	2025-11-27 10:11:30	1	0	1	0
         10002	2025-11-27 18:33:07	1	0	1	0
         10002	2025-11-27 18:33:51	1	0	1	0
         10005	2025-11-27 18:37:38	1	0	1	0
         10006	2025-11-27 18:38:18	1	0	1	0
         10003	2025-11-27 18:52:56	1	0	1	0
         10003	2025-11-28 08:14:14	1	0	1	0
         10002	2025-11-28 09:20:12	1	0	1	0
         10001	2025-11-28 09:53:50	1	0	15	0
         10005	2025-11-28 10:00:41	1	0	1	0
         10005	2025-11-28 18:53:15	1	0	1	0
         10002	2025-11-28 18:55:26	1	0	1	0
         10001	2025-11-28 19:15:23	1	0	15	0
         10003	2025-11-29 08:39:26	1	0	1	0
         10002	2025-11-29 09:18:12	1	0	1	0
         10001	2025-11-29 09:51:11	1	0	1	0
         10006	2025-11-29 10:22:40	1	0	1	0
         10002	2025-11-29 19:23:37	1	0	1	0
         10006	2025-11-29 19:27:52	1	0	1	0
         10001	2025-11-29 19:32:39	1	0	15	0
         10003	2025-11-29 19:40:37	1	0	1	0
         10003	2025-12-01 09:55:14	1	0	1	0
         10005	2025-12-01 09:55:34	1	0	1	0
         10001	2025-12-01 09:58:59	1	0	15	0
         10002	2025-12-01 10:07:58	1	0	1	0
         10001	2025-12-01 18:30:38	1	0	15	0
         10002	2025-12-01 18:59:23	1	0	1	0
         10005	2025-12-01 19:03:38	1	0	1	0
         10001	2025-12-01 19:11:17	1	0	15	0
         10003	2025-12-01 19:22:50	1	0	1	0
         10003	2025-12-02 08:09:17	1	0	1	0
         10002	2025-12-02 09:03:44	1	0	1	0
         10001	2025-12-02 09:53:38	1	0	15	0
         10005	2025-12-02 09:59:07	1	0	1	0
         10002	2025-12-02 18:46:08	1	0	1	0
         10005	2025-12-02 18:49:13	1	0	1	0
         10003	2025-12-02 19:01:00	1	0	1	0
         10001	2025-12-02 19:03:50	1	0	15	0
         10003	2025-12-03 08:22:09	1	0	1	0
         10002	2025-12-03 09:23:44	1	0	1	0
         10001	2025-12-03 09:50:48	1	0	15	0
         10005	2025-12-03 09:55:41	1	0	1	0
         10005	2025-12-03 18:35:39	1	0	1	0
         10001	2025-12-03 19:00:24	1	0	15	0
         10003	2025-12-04 08:36:52	1	0	1	0
         10002	2025-12-04 09:20:59	1	0	1	0
         10005	2025-12-04 09:58:48	1	0	1	0
         10006	2025-12-04 10:17:48	1	0	1	0
         10005	2025-12-04 18:35:46	1	0	1	0
         10006	2025-12-04 18:45:05	1	0	1	0
         10003	2025-12-04 19:21:10	1	0	1	0
         10002	2025-12-05 09:33:33	1	0	1	0
         10001	2025-12-05 09:55:34	1	0	15	0
         10005	2025-12-05 09:57:19	1	0	1	0
         10002	2025-12-05 18:50:19	1	0	1	0
         10005	2025-12-05 18:55:53	1	0	1	0
         10001	2025-12-05 19:06:04	1	0	15	0
         10003	2025-12-06 08:19:14	1	0	1	0
         10001	2025-12-06 09:48:05	1	0	15	0
         10006	2025-12-06 10:13:37	1	0	1	0
         10003	2025-12-06 19:01:03	1	0	1	0
         10006	2025-12-06 19:05:01	1	0	1	0
         10001	2025-12-06 19:25:34	1	0	15	0
         10003	2025-12-08 09:46:17	1	0	1	0
         10001	2025-12-08 09:46:22	1	0	1	0
         10005	2025-12-08 09:46:47	1	0	1	0
         10005	2025-12-08 19:00:15	1	0	1	0
         10001	2025-12-08 19:04:44	1	0	15	0
         10003	2025-12-08 19:20:39	1	0	1	0
         10003	2025-12-09 08:50:26	1	0	1	0
         10002	2025-12-09 09:20:51	1	0	1	0
         10001	2025-12-09 09:55:21	1	0	15	0
         10001	2025-12-09 09:55:23	1	0	1	0
         10005	2025-12-09 09:57:22	1	0	1	0
         10005	2025-12-09 09:57:24	1	0	1	0
         10002	2025-12-09 18:51:49	1	0	1	0
         10005	2025-12-09 18:52:00	1	0	1	0
         10003	2025-12-09 19:27:12	1	0	1	0
         10001	2025-12-09 19:28:50	1	0	15	0
         10003	2025-12-10 07:35:17	1	0	1	0
         10002	2025-12-10 09:15:10	1	0	1	0
         10001	2025-12-10 09:45:00	1	0	15	0
         10005	2025-12-10 09:52:19	1	0	1	0
         10002	2025-12-10 18:51:36	1	0	1	0
         10005	2025-12-10 18:58:22	1	0	1	0
         10001	2025-12-10 19:00:36	1	0	15	0
         10003	2025-12-11 08:08:20	1	0	1	0
         10003	2025-12-11 08:47:20	1	0	1	0
         10002	2025-12-11 09:21:02	1	0	1	0
         10005	2025-12-11 09:59:58	1	0	1	0
         10006	2025-12-11 10:18:39	1	0	1	0
         10005	2025-12-11 18:33:01	1	0	1	0
         10003	2025-12-11 18:35:35	1	0	1	0
         10006	2025-12-11 18:35:41	1	0	1	0
         10003	2025-12-12 08:23:27	1	0	1	0
         10003	2025-12-12 08:29:09	1	0	1	0
         10002	2025-12-12 09:26:38	1	0	1	0
         10005	2025-12-12 09:58:13	1	0	1	0
         10001	2025-12-12 10:01:52	1	0	15	0
         10002	2025-12-12 12:08:45	1	0	15	0
         10005	2025-12-12 18:58:51	1	0	1	0
         10001	2025-12-12 19:07:05	1	0	1	0
         10002	2025-12-12 19:07:38	1	0	1	0
         10003	2025-12-12 19:16:26	1	0	1	0
         10003	2025-12-13 08:24:26	1	0	1	0
         10002	2025-12-13 09:12:11	1	0	1	0
         10001	2025-12-13 09:49:50	1	0	15	0
         10006	2025-12-13 10:09:18	1	0	1	0
         10003	2025-12-13 18:46:44	1	0	1	0
         10006	2025-12-13 18:56:34	1	0	1	0
         10001	2025-12-13 19:53:32	1	0	15	0
         10003	2025-12-15 08:10:14	1	0	1	0
         10002	2025-12-15 08:48:38	1	0	1	0
         10001	2025-12-15 09:27:19	1	0	1	0
         10005	2025-12-15 09:36:30	1	0	1	0
         10005	2025-12-15 19:03:20	1	0	1	0
         10001	2025-12-15 19:03:29	1	0	1	0
         10003	2025-12-15 19:22:27	1	0	1	0
         10003	2025-12-16 08:38:23	1	0	1	0
         10002	2025-12-16 09:25:00	1	0	1	0
         10001	2025-12-16 09:55:58	1	0	15	0
         10005	2025-12-16 10:00:01	1	0	1	0
         10005	2025-12-16 18:52:18	1	0	1	0
         10002	2025-12-16 18:57:07	1	0	1	0
         10003	2025-12-16 19:13:06	1	0	1	0
         10001	2025-12-16 19:17:01	1	0	15	0
         10003	2025-12-17 08:26:24	1	0	1	0
         10002	2025-12-17 09:07:09	1	0	1	0
         10002	2025-12-17 09:07:10	1	0	1	0
         10005	2025-12-17 09:59:01	1	0	1	0
         10001	2025-12-17 10:09:57	1	0	15	0
         10002	2025-12-17 18:31:43	1	0	1	0
         10001	2025-12-17 18:41:28	1	0	15	0
         10003	2025-12-17 18:47:57	1	0	1	0
         10003	2025-12-18 08:12:48	1	0	1	0
         10003	2025-12-18 08:12:50	1	0	1	0
         10002	2025-12-18 09:14:40	1	0	1	0
         10005	2025-12-18 10:07:58	1	0	1	0
         10006	2025-12-18 10:11:26	1	0	1	0
         10005	2025-12-18 18:44:55	1	0	1	0
         10006	2025-12-18 18:57:24	1	0	1	0
         10003	2025-12-18 18:58:23	1	0	1	0
         10003	2025-12-18 19:32:01	1	0	1	0
         10003	2025-12-19 08:38:31	1	0	1	0
         10002	2025-12-19 09:17:11	1	0	1	0
         10001	2025-12-19 09:57:20	1	0	15	0
         10005	2025-12-19 09:59:29	1	0	1	0
         10005	2025-12-19 14:22:28	1	0	1	0
         10005	2025-12-19 14:22:29	1	0	1	0
         10002	2025-12-19 19:16:30	1	0	1	0
         10001	2025-12-19 19:17:57	1	0	1	0
         10003	2025-12-19 19:39:00	1	0	1	0
         10003	2025-12-20 08:34:03	1	0	1	0
         10002	2025-12-20 09:35:25	1	0	1	0
         10001	2025-12-20 09:56:14	1	0	15	0
         10006	2025-12-20 10:20:17	1	0	1	0
         10001	2025-12-20 19:04:54	1	0	15	0
         10001	2025-12-20 19:06:59	1	0	15	0
         10003	2025-12-20 19:07:05	1	0	1	0
         10002	2025-12-20 19:07:12	1	0	1	0
         10006	2025-12-20 19:08:40	1	0	1	0
         10003	2025-12-22 08:07:09	1	0	1	0
         10002	2025-12-22 08:43:35	1	0	1	0
         10001	2025-12-22 09:35:16	1	0	1	0
         10005	2025-12-22 09:44:24	1	0	1	0
         10002	2025-12-22 18:29:37	1	0	1	0
         10005	2025-12-22 18:30:03	1	0	1	0
         10001	2025-12-22 18:31:19	1	0	15	0
         10003	2025-12-22 18:59:42	1	0	1	0
         10003	2025-12-23 08:48:00	1	0	1	0
         10002	2025-12-23 09:18:33	1	0	1	0
         10001	2025-12-23 09:50:08	1	0	15	0
         10005	2025-12-23 09:56:16	1	0	1	0
         10002	2025-12-23 18:48:46	1	0	1	0
         10005	2025-12-23 19:17:34	1	0	1	0
         10003	2025-12-23 19:33:28	1	0	1	0
         10001	2025-12-23 21:04:12	1	0	15	0
         10003	2025-12-24 08:10:15	1	0	1	0
         10002	2025-12-24 09:20:38	1	0	1	0
         10001	2025-12-24 09:49:01	1	0	15	0
         10005	2025-12-24 09:58:18	1	0	1	0
         10005	2025-12-24 09:58:20	1	0	1	0
         10003	2025-12-24 18:30:57	1	0	1	0
         10003	2025-12-24 18:30:58	1	0	1	0
         10003	2025-12-24 18:32:23	1	0	1	0
         10002	2025-12-24 18:36:14	1	0	1	0
         10005	2025-12-24 18:36:34	1	0	1	0
         10001	2025-12-24 19:11:59	1	0	15	0
         10003	2025-12-25 09:11:29	1	0	1	0
         10002	2025-12-25 09:21:14	1	0	1	0
         10005	2025-12-25 10:07:12	1	0	1	0
         10006	2025-12-25 10:13:12	1	0	1	0
         10002	2025-12-25 18:30:59	1	0	1	0
         10005	2025-12-25 18:35:02	1	0	1	0
         10006	2025-12-25 18:42:25	1	0	1	0
         10003	2025-12-25 18:43:14	1	0	1	0
         10003	2025-12-26 08:06:57	1	0	1	0
         10002	2025-12-26 09:27:31	1	0	1	0
         10001	2025-12-26 09:48:58	1	0	15	0
         10005	2025-12-26 10:12:59	1	0	1	0
         10002	2025-12-26 18:58:36	1	0	1	0
         10005	2025-12-26 19:04:07	1	0	1	0
         10001	2025-12-26 19:04:14	1	0	15	0
         10003	2025-12-26 19:07:57	1	0	1	0
         10003	2025-12-27 07:36:30	1	0	1	0
         10002	2025-12-27 09:17:52	1	0	1	0
         10001	2025-12-27 09:52:11	1	0	15	0
         10006	2025-12-27 10:22:28	1	0	1	0
         10002	2025-12-27 17:44:10	1	0	15	0
         10002	2025-12-27 18:58:46	1	0	1	0
         10006	2025-12-27 19:13:33	1	0	1	0
         10006	2025-12-27 19:13:34	1	0	1	0
         10001	2025-12-27 19:23:25	1	0	15	0
         10003	2025-12-27 19:38:08	1	0	1	0
         10003	2025-12-29 08:42:55	1	0	1	0
         10002	2025-12-29 09:15:42	1	0	1	0
         10001	2025-12-29 09:42:20	1	0	15	0
         10002	2025-12-29 18:49:48	1	0	1	0
         10001	2025-12-29 19:06:16	1	0	15	0
         10003	2025-12-29 19:20:45	1	0	1	0
         10003	2025-12-30 09:05:41	1	0	1	0
         10002	2025-12-30 09:22:19	1	0	1	0
         10002	2025-12-30 09:22:28	1	0	1	0
         10001	2025-12-30 09:59:39	1	0	15	0
         10002	2025-12-30 18:54:09	1	0	1	0
         10003	2025-12-30 19:06:43	1	0	1	0
         10003	2025-12-30 19:42:01	1	0	1	0
         10003	2026-01-05 09:37:28	1	0	1	0
         10005	2026-01-05 09:38:30	1	0	1	0
         10001	2026-01-05 09:39:07	1	0	15	0
         10002	2026-01-05 09:45:56	1	0	1	0
         10005	2026-01-05 18:48:07	1	0	1	0
         10002	2026-01-05 18:52:54	1	0	1	0
         10001	2026-01-05 18:59:37	1	0	15	0
         10003	2026-01-05 19:07:40	1	0	1	0
         10003	2026-01-06 08:22:43	1	0	1	0
         10002	2026-01-06 09:21:29	1	0	1	0
         10005	2026-01-06 09:45:04	1	0	1	0
         10001	2026-01-06 09:47:12	1	0	15	0
         10002	2026-01-06 18:50:00	1	0	1	0
         10005	2026-01-06 18:54:23	1	0	1	0
         10001	2026-01-06 19:04:53	1	0	15	0
         10003	2026-01-06 19:30:00	1	0	1	0
         10003	2026-01-06 19:30:01	1	0	1	0
         10003	2026-01-07 08:25:55	1	0	1	0
         10002	2026-01-07 09:21:58	1	0	1	0
         10001	2026-01-07 09:46:24	1	0	15	0
         10005	2026-01-07 09:56:00	1	0	1	0
         10002	2026-01-07 18:32:40	1	0	1	0
         10005	2026-01-07 18:37:31	1	0	1	0
         10001	2026-01-07 19:14:09	1	0	15	0
         10003	2026-01-07 19:36:12	1	0	1	0
         10003	2026-01-08 08:46:52	1	0	1	0
         10002	2026-01-08 09:06:36	1	0	1	0
         10005	2026-01-08 09:49:38	1	0	1	0
         10002	2026-01-08 18:32:05	1	0	1	0
         10005	2026-01-08 18:32:17	1	0	1	0
         10006	2026-01-08 18:37:36	1	0	1	0
         10003	2026-01-08 19:01:54	1	0	1	0
         10003	2026-01-09 08:19:47	1	0	1	0
         10002	2026-01-09 09:17:50	1	0	1	0
         10001	2026-01-09 09:47:13	1	0	15	0
         10001	2026-01-09 09:47:22	1	0	15	0
         10005	2026-01-09 09:58:19	1	0	1	0
         10005	2026-01-09 19:12:05	1	0	1	0
         10001	2026-01-09 19:14:47	1	0	15	0
         10002	2026-01-09 19:15:04	1	0	1	0
         10003	2026-01-09 19:30:39	1	0	1	0
         10003	2026-01-10 07:50:06	1	0	1	0
         10001	2026-01-10 09:45:58	1	0	15	0
         10006	2026-01-10 10:19:36	1	0	1	0
         10003	2026-01-10 19:12:32	1	0	1	0
         10006	2026-01-10 19:37:10	1	0	1	0
         10001	2026-01-10 19:37:27	1	0	15	0
         10003	2026-01-12 09:47:33	1	0	1	0
         10001	2026-01-12 09:47:36	1	0	15	0
         10002	2026-01-12 09:51:20	1	0	1	0
         10002	2026-01-12 19:08:27	1	0	1	0
         10001	2026-01-12 19:10:03	1	0	15	0
         10003	2026-01-12 19:39:39	1	0	1	0
         10003	2026-01-13 08:06:29	1	0	1	0
         10002	2026-01-13 09:23:13	1	0	1	0
         10001	2026-01-13 09:53:17	1	0	1	0
         10002	2026-01-13 18:48:18	1	0	1	0
         10003	2026-01-13 19:07:59	1	0	1	0
         10001	2026-01-13 19:13:15	1	0	15	0
         10003	2026-01-14 08:29:45	1	0	1	0
         10002	2026-01-14 09:20:45	1	0	1	0
         10001	2026-01-14 09:46:47	1	0	15	0
         10005	2026-01-14 09:50:07	1	0	1	0
         10005	2026-01-14 18:46:35	1	0	1	0
         10001	2026-01-14 18:48:58	1	0	15	0
         10003	2026-01-15 08:29:58	1	0	1	0
         10002	2026-01-15 09:13:03	1	0	1	0
         10005	2026-01-15 09:49:31	1	0	1	0
         10006	2026-01-15 10:25:28	1	0	1	0
         10005	2026-01-15 18:33:01	1	0	1	0
         10002	2026-01-15 18:33:08	1	0	1	0
         10003	2026-01-15 19:29:57	1	0	1	0
         10003	2026-01-16 08:42:40	1	0	1	0
         10002	2026-01-16 09:27:57	1	0	1	0
         10005	2026-01-16 09:50:55	1	0	1	0
         10001	2026-01-16 10:00:28	1	0	15	0
         10001	2026-01-16 18:50:58	1	0	15	0
         10005	2026-01-16 18:51:23	1	0	1	0
         10002	2026-01-16 18:53:45	1	0	1	0
         10003	2026-01-16 19:35:30	1	0	1	0
         10003	2026-01-17 07:51:28	1	0	1	0
         10002	2026-01-17 09:11:59	1	0	1	0
         10001	2026-01-17 09:44:26	1	0	15	0
         10006	2026-01-17 10:15:24	1	0	1	0
         10003	2026-01-17 19:25:18	1	0	1	0
         10001	2026-01-17 20:02:12	1	0	15	0
         10006	2026-01-17 20:03:36	1	0	1	0
         10005	2026-01-19 09:38:30	1	0	1	0
         10003	2026-01-19 09:38:37	1	0	1	0
         10001	2026-01-19 09:41:15	1	0	15	0
         10002	2026-01-19 09:46:44	1	0	1	0
         10002	2026-01-19 18:48:28	1	0	1	0
         10005	2026-01-19 18:49:50	1	0	1	0
         10001	2026-01-19 19:30:47	1	0	15	0
         10003	2026-01-19 19:37:45	1	0	1	0
         10003	2026-01-20 09:07:44	1	0	1	0
         10002	2026-01-20 09:15:35	1	0	1	0
         10005	2026-01-20 09:57:17	1	0	1	0
         10001	2026-01-20 10:24:28	1	0	15	0
         10005	2026-01-20 18:49:35	1	0	1	0
         10003	2026-01-20 19:01:42	1	0	1	0
         10003	2026-01-21 08:02:52	1	0	1	0
         10002	2026-01-21 09:17:38	1	0	1	0
         10005	2026-01-21 09:57:14	1	0	1	0
         10001	2026-01-21 09:59:48	1	0	15	0
         10005	2026-01-21 18:31:20	1	0	1	0
         10002	2026-01-21 18:32:58	1	0	1	0
         10001	2026-01-21 18:40:28	1	0	15	0
         10003	2026-01-21 19:31:29	1	0	1	0
         10003	2026-01-22 08:51:30	1	0	1	0
         10002	2026-01-22 09:17:17	1	0	1	0
         10005	2026-01-22 10:00:15	1	0	1	0
         10006	2026-01-22 10:18:44	1	0	1	0
         10002	2026-01-22 18:36:37	1	0	1	0
         10005	2026-01-22 18:40:19	1	0	1	0
         10006	2026-01-22 18:40:30	1	0	1	0
         10003	2026-01-22 19:24:45	1	0	1	0
         10003	2026-01-23 08:41:22	1	0	1	0
         10002	2026-01-23 09:16:25	1	0	1	0
         10001	2026-01-23 09:50:25	1	0	15	0
         10005	2026-01-23 09:56:58	1	0	1	0
         10002	2026-01-23 18:44:58	1	0	1	0
         10005	2026-01-23 18:46:28	1	0	1	0
         10001	2026-01-23 19:09:06	1	0	15	0
         10003	2026-01-23 19:31:31	1	0	1	0
         10003	2026-01-24 08:14:37	1	0	1	0
         10002	2026-01-24 09:28:52	1	0	1	0
         10001	2026-01-24 09:50:21	1	0	15	0
         10006	2026-01-24 10:20:40	1	0	1	0
         10003	2026-01-24 19:54:32	1	0	1	0
         10002	2026-01-24 19:54:47	1	0	1	0
         10006	2026-01-24 19:54:57	1	0	1	0
         10003	2026-01-26 09:45:42	1	0	1	0
         10005	2026-01-26 09:46:47	1	0	1	0
         10001	2026-01-26 09:49:15	1	0	15	0
         10002	2026-01-26 09:53:44	1	0	1	0
         10002	2026-01-26 18:47:48	1	0	1	0
         10005	2026-01-26 18:56:29	1	0	1	0
         10001	2026-01-26 19:05:15	1	0	15	0
         10003	2026-01-26 19:23:37	1	0	1	0
         10003	2026-01-27 07:52:41	1	0	1	0
         10002	2026-01-27 09:24:37	1	0	1	0
         10001	2026-01-27 09:57:43	1	0	1	0
         10005	2026-01-27 09:58:54	1	0	1	0
         10002	2026-01-27 18:43:30	1	0	1	0
         10005	2026-01-27 18:50:44	1	0	1	0
         10001	2026-01-27 19:07:35	1	0	15	0
         10003	2026-01-28 08:18:51	1	0	1	0
         10002	2026-01-28 09:16:06	1	0	1	0
         10001	2026-01-28 09:51:28	1	0	15	0
         10005	2026-01-28 09:55:31	1	0	1	0
         10002	2026-01-28 18:52:57	1	0	1	0
         10005	2026-01-28 18:53:11	1	0	1	0
         10001	2026-01-28 19:02:19	1	0	15	0
         10003	2026-01-28 19:49:57	1	0	1	0
         10003	2026-01-28 19:49:59	1	0	1	0
         10003	2026-01-29 08:22:46	1	0	1	0
         10002	2026-01-29 09:11:24	1	0	1	0
         10005	2026-01-29 09:56:53	1	0	1	0
         10006	2026-01-29 10:23:45	1	0	1	0
         10002	2026-01-29 18:39:08	1	0	1	0
         10005	2026-01-29 18:40:58	1	0	1	0
         10006	2026-01-29 18:52:15	1	0	1	0
         10003	2026-01-29 19:47:51	1	0	1	0
         10003	2026-01-30 08:32:05	1	0	1	0
         10002	2026-01-30 09:25:38	1	0	1	0
         10001	2026-01-30 09:37:04	1	0	15	0
         10005	2026-01-30 09:56:21	1	0	1	0
         10002	2026-01-30 18:58:43	1	0	1	0
         10003	2026-01-30 19:26:38	1	0	1	0
         10005	2026-01-30 20:41:33	1	0	1	0
         10001	2026-01-30 20:43:49	1	0	15	0
         10003	2026-01-31 08:31:55	1	0	1	0
         10001	2026-01-31 09:37:08	1	0	15	0
         10006	2026-01-31 10:09:10	1	0	1	0
         10003	2026-01-31 19:20:30	1	0	1	0
         10006	2026-01-31 19:22:31	1	0	1	0
         10003	2026-01-31 19:28:13	1	0	1	0
         10001	2026-01-31 19:30:48	1	0	15	0
         10003	2026-02-02 09:41:40	1	0	1	0
         10005	2026-02-02 09:41:50	1	0	1	0
         10001	2026-02-02 09:50:10	1	0	15	0
         10005	2026-02-02 19:01:23	1	0	1	0
         10001	2026-02-02 19:03:08	1	0	15	0
         10003	2026-02-02 19:13:35	1	0	1	0
         10003	2026-02-03 07:56:05	1	0	1	0
         10003	2026-02-03 07:56:56	1	0	1	0
         10002	2026-02-03 09:17:13	1	0	1	0
         10001	2026-02-03 09:53:52	1	0	15	0
         10005	2026-02-03 09:57:19	1	0	1	0
         10002	2026-02-03 18:39:53	1	0	1	0
         10003	2026-02-03 19:20:30	1	0	1	0
         10003	2026-02-04 08:32:27	1	0	1	0
         10002	2026-02-04 09:18:42	1	0	1	0
         10001	2026-02-04 09:57:27	1	0	15	0
         10001	2026-02-04 09:57:31	1	0	15	0
         10005	2026-02-04 10:04:33	1	0	1	0
         10002	2026-02-04 18:52:13	1	0	1	0
         10005	2026-02-04 18:55:31	1	0	1	0
         10001	2026-02-04 19:17:23	1	0	15	0
         10003	2026-02-04 19:56:15	1	0	1	0
         10003	2026-02-05 09:00:16	1	0	1	0
         10002	2026-02-05 09:17:13	1	0	1	0
         10005	2026-02-05 09:54:57	1	0	1	0
         10006	2026-02-05 10:10:03	1	0	1	0
         10006	2026-02-05 10:10:05	1	0	1	0
         10005	2026-02-05 18:42:21	1	0	1	0
         10002	2026-02-05 18:45:23	1	0	1	0
         10006	2026-02-05 18:49:56	1	0	1	0
         10003	2026-02-05 19:23:30	1	0	1	0
         10003	2026-02-05 19:23:31	1	0	1	0
         10003	2026-02-06 08:15:53	1	0	1	0
         10002	2026-02-06 09:20:46	1	0	1	0
         10005	2026-02-06 09:49:29	1	0	1	0
         10001	2026-02-06 09:52:31	1	0	15	0
         10002	2026-02-06 18:46:18	1	0	1	0
         10003	2026-02-06 18:47:38	1	0	1	0
         10005	2026-02-06 20:17:56	1	0	1	0
         10001	2026-02-06 20:25:38	1	0	15	0
         10003	2026-02-07 08:47:53	1	0	1	0
         10002	2026-02-07 09:10:05	1	0	1	0
         10001	2026-02-07 09:54:13	1	0	15	0
         10006	2026-02-07 10:08:21	1	0	1	0
         10002	2026-02-07 18:59:36	1	0	1	0
         10006	2026-02-07 19:00:43	1	0	1	0
         10006	2026-02-07 19:00:44	1	0	1	0
         10003	2026-02-07 19:07:12	1	0	1	0
         10001	2026-02-07 19:26:59	1	0	15	0
         10003	2026-02-09 09:42:42	1	0	1	0
         10005	2026-02-09 09:43:05	1	0	1	0
         10002	2026-02-09 09:46:17	1	0	1	0
         10001	2026-02-09 09:50:37	1	0	15	0
         10005	2026-02-09 18:48:55	1	0	1	0
         10001	2026-02-09 18:54:01	1	0	15	0
         10003	2026-02-09 18:55:09	1	0	1	0
         10003	2026-02-09 19:16:05	1	0	1	0
         10002	2026-02-10 09:19:31	1	0	1	0
         10001	2026-02-10 09:55:24	1	0	15	0
         10005	2026-02-10 10:00:24	1	0	1	0
         10002	2026-02-10 19:10:35	1	0	1	0
         10005	2026-02-10 19:16:25	1	0	1	0
         10001	2026-02-10 19:22:22	1	0	15	0
         10003	2026-02-10 19:36:45	1	0	1	0
         10003	2026-02-11 08:20:37	1	0	1	0
         10002	2026-02-11 09:17:53	1	0	1	0
         10005	2026-02-11 09:56:48	1	0	1	0
         10001	2026-02-11 09:59:44	1	0	15	0
         10005	2026-02-11 19:04:37	1	0	1	0
         10002	2026-02-11 19:08:10	1	0	1	0
         10001	2026-02-11 19:13:07	1	0	15	0
         10003	2026-02-11 19:31:27	1	0	1	0
         10003	2026-02-12 08:49:48	1	0	1	0
         10002	2026-02-12 09:24:36	1	0	1	0
         10005	2026-02-12 09:56:59	1	0	1	0
         10006	2026-02-12 10:25:27	1	0	1	0
         10002	2026-02-12 18:38:34	1	0	1	0
         10005	2026-02-12 18:49:15	1	0	1	0
         10003	2026-02-12 19:26:57	1	0	1	0
         10003	2026-02-12 19:31:35	1	0	1	0
         10006	2026-02-12 19:36:51	1	0	1	0
         10003	2026-02-13 08:06:30	1	0	1	0
         10002	2026-02-13 09:20:36	1	0	1	0
         10005	2026-02-13 09:58:10	1	0	1	0
         10001	2026-02-13 10:20:19	1	0	15	0
         10002	2026-02-13 18:47:32	1	0	1	0
         10005	2026-02-13 18:49:18	1	0	1	0
         10001	2026-02-13 19:25:14	1	0	15	0
         10003	2026-02-13 19:30:29	1	0	1	0
         10003	2026-02-14 08:34:37	1	0	1	0
         10002	2026-02-14 09:21:19	1	0	1	0
         10002	2026-02-14 09:21:21	1	0	1	0
         10001	2026-02-14 09:47:31	1	0	15	0
         10006	2026-02-14 10:15:55	1	0	1	0
         10003	2026-02-14 18:50:33	1	0	1	0
         10002	2026-02-14 19:01:15	1	0	1	0
         10006	2026-02-14 19:02:28	1	0	1	0
         10001	2026-02-14 19:17:29	1	0	15	0
         10002	2026-02-16 08:33:07	1	0	1	0
         10001	2026-02-16 09:46:20	1	0	15	0
         10005	2026-02-16 09:50:04	1	0	1	0
         10005	2026-02-16 18:47:35	1	0	1	0
         10001	2026-02-16 20:16:27	1	0	15	0
         10003	2026-02-17 08:12:01	1	0	1	0
         10002	2026-02-17 09:26:36	1	0	1	0
         10001	2026-02-17 09:37:27	1	0	15	0
         10001	2026-02-17 09:38:28	1	0	15	0
         10005	2026-02-17 09:52:17	1	0	1	0
         10002	2026-02-17 18:41:19	1	0	1	0
         10003	2026-02-17 18:46:04	1	0	1	0
         10005	2026-02-17 18:49:29	1	0	1	0
         10001	2026-02-17 18:52:57	1	0	15	0
         10003	2026-02-18 08:18:16	1	0	1	0
         10002	2026-02-18 09:19:47	1	0	1	0
         10001	2026-02-18 09:44:08	1	0	1	0
         10005	2026-02-18 09:57:50	1	0	1	0
         10002	2026-02-18 18:28:49	1	0	1	0
         10005	2026-02-18 18:35:49	1	0	1	0
         10001	2026-02-18 18:49:04	1	0	15	0
         10003	2026-02-18 19:26:02	1	0	1	0
         10003	2026-02-19 08:10:16	1	0	1	0
         10002	2026-02-19 09:18:47	1	0	1	0
         10005	2026-02-19 09:55:01	1	0	1	0
         10006	2026-02-19 10:10:49	1	0	1	0
         10002	2026-02-19 18:29:43	1	0	1	0
         10005	2026-02-19 18:34:30	1	0	1	0
         10006	2026-02-19 18:43:16	1	0	1	0
         10003	2026-02-19 19:26:41	1	0	1	0
         10003	2026-02-20 08:47:04	1	0	1	0
         10002	2026-02-20 09:17:29	1	0	1	0
         10001	2026-02-20 09:37:43	1	0	1	0
         10005	2026-02-20 09:50:03	1	0	1	0
         10005	2026-02-20 18:47:20	1	0	1	0
         10002	2026-02-20 18:53:44	1	0	1	0
         10001	2026-02-20 19:03:55	1	0	1	0
         10003	2026-02-20 19:10:43	1	0	1	0
         10003	2026-02-21 08:56:38	1	0	1	0
         10001	2026-02-21 09:36:25	1	0	1	0
         10006	2026-02-21 10:03:30	1	0	1	0
         10003	2026-02-21 19:29:42	1	0	1	0
         10006	2026-02-21 19:34:22	1	0	1	0
         10001	2026-02-21 19:35:12	1	0	1	0
         10003	2026-02-23 07:21:51	1	0	1	0
         10001	2026-02-23 09:35:54	1	0	1	0
         10005	2026-02-23 09:53:09	1	0	1	0
         10005	2026-02-23 18:55:41	1	0	1	0
         10003	2026-02-23 19:35:00	1	0	1	0
         10001	2026-02-23 21:20:22	1	0	15	0
         10001	2026-02-23 21:20:24	1	0	1	0
         10003	2026-02-24 08:00:52	1	0	1	0
         10002	2026-02-24 08:35:06	1	0	1	0
         10005	2026-02-24 09:12:50	1	0	1	0
         10001	2026-02-24 09:32:13	1	0	1	0
         10005	2026-02-24 18:54:56	1	0	1	0
         10002	2026-02-24 18:59:11	1	0	1	0
         10001	2026-02-24 19:26:15	1	0	1	0
         10003	2026-02-24 19:32:04	1	0	1	0
         10003	2026-02-25 08:39:29	1	0	1	0
         10002	2026-02-25 09:18:08	1	0	1	0
         10001	2026-02-25 09:44:55	1	0	15	0
         10005	2026-02-25 09:52:50	1	0	1	0
         10002	2026-02-25 18:30:45	1	0	1	0
         10005	2026-02-25 18:45:30	1	0	1	0
         10001	2026-02-25 18:54:21	1	0	15	0
         10003	2026-02-25 18:55:01	1	0	1	0
         10003	2026-02-26 08:37:01	1	0	1	0
         10002	2026-02-26 09:22:01	1	0	1	0
         10005	2026-02-26 09:55:03	1	0	1	0
         10006	2026-02-26 10:11:22	1	0	1	0
         10002	2026-02-26 18:38:44	1	0	1	0
         10005	2026-02-26 18:39:07	1	0	1	0
         10006	2026-02-26 18:51:10	1	0	1	0
         10003	2026-02-26 19:23:45	1	0	1	0
         10003	2026-02-27 08:44:30	1	0	1	0
         10001	2026-02-27 09:45:14	1	0	15	0
         10005	2026-02-27 09:48:23	1	0	1	0
         10005	2026-02-27 18:48:15	1	0	1	0
         10001	2026-02-27 18:55:12	1	0	15	0
         10003	2026-02-27 19:23:33	1	0	1	0
         10001	2026-02-28 09:45:25	1	0	15	0
         10005	2026-02-28 09:59:42	1	0	1	0
         10006	2026-02-28 10:02:22	1	0	1	0
         10006	2026-02-28 19:46:04	1	0	1	0
         10001	2026-02-28 20:43:26	1	0	15	0
         10005	2026-02-28 20:44:10	1	0	1	0
         10003	2026-03-02 09:46:00	1	0	1	0
         10006	2026-03-02 10:04:23	1	0	1	0
         10005	2026-03-02 18:52:56	1	0	1	0
         10003	2026-03-03 08:50:56	1	0	1	0
         10002	2026-03-03 09:20:41	1	0	1	0
         10001	2026-03-03 09:48:29	1	0	15	0
         10005	2026-03-03 09:51:59	1	0	1	0
         10005	2026-03-03 18:35:45	1	0	1	0
         10002	2026-03-03 18:35:53	1	0	1	0
         10001	2026-03-03 18:42:58	1	0	15	0
         10001	2026-03-03 18:44:44	1	0	15	0
         10003	2026-03-03 18:47:15	1	0	1	0
         10003	2026-03-04 08:01:21	1	0	1	0
         10002	2026-03-04 09:12:43	1	0	1	0
         10001	2026-03-04 09:49:52	1	0	15	0
         10005	2026-03-04 09:56:34	1	0	1	0
         10005	2026-03-04 18:50:36	1	0	1	0
         10002	2026-03-04 18:51:03	1	0	1	0
         10001	2026-03-04 19:05:49	1	0	15	0
         10003	2026-03-04 19:11:00	1	0	1	0
         10003	2026-03-05 07:46:50	1	0	1	0
         10002	2026-03-05 09:09:56	1	0	1	0
         10005	2026-03-05 09:58:32	1	0	1	0
         10006	2026-03-05 10:18:43	1	0	1	0
         10006	2026-03-05 11:28:37	1	0	1	0
         10002	2026-03-05 18:43:02	1	0	1	0
         10005	2026-03-05 18:53:59	1	0	1	0
         10006	2026-03-05 18:54:24	1	0	1	0
         10003	2026-03-05 19:29:57	1	0	1	0
         10003	2026-03-06 08:00:57	1	0	1	0
         10002	2026-03-06 09:30:54	1	0	1	0
         10005	2026-03-06 09:51:30	1	0	1	0
         10005	2026-03-06 09:51:31	1	0	1	0
         10001	2026-03-06 10:05:56	1	0	15	0
         10002	2026-03-06 18:47:10	1	0	1	0
         10005	2026-03-06 18:48:35	1	0	1	0
         10005	2026-03-06 18:50:33	1	0	1	0
         10001	2026-03-06 18:50:40	1	0	15	0
         10003	2026-03-06 18:58:08	1	0	1	0
         10003	2026-03-07 07:58:24	1	0	1	0
         10002	2026-03-07 09:13:21	1	0	1	0
         10001	2026-03-07 09:35:47	1	0	15	0
         10006	2026-03-07 09:49:57	1	0	1	0
         10002	2026-03-07 19:10:33	1	0	1	0
         10003	2026-03-07 19:14:17	1	0	1	0
         10001	2026-03-07 19:42:57	1	0	15	0
         10003	2026-03-09 09:34:26	1	0	1	0
         10005	2026-03-09 09:34:39	1	0	1	0
         10001	2026-03-09 09:36:09	1	0	15	0
         10002	2026-03-09 09:42:51	1	0	1	0
         10002	2026-03-09 18:47:41	1	0	1	0
         10005	2026-03-09 18:58:38	1	0	1	0
         10003	2026-03-09 19:09:03	1	0	1	0
         10001	2026-03-09 19:14:34	1	0	15	0
         10003	2026-03-10 08:34:56	1	0	1	0
         10002	2026-03-10 09:24:16	1	0	1	0
         10001	2026-03-10 09:39:02	1	0	15	0
         10005	2026-03-10 09:56:27	1	0	1	0
         10002	2026-03-10 18:33:16	1	0	1	0
         10005	2026-03-10 18:45:22	1	0	1	0
         10001	2026-03-10 19:09:21	1	0	15	0
         10003	2026-03-10 19:14:21	1	0	1	0
         10003	2026-03-11 08:10:07	1	0	1	0
         10003	2026-03-11 08:10:08	1	0	1	0
         10002	2026-03-11 09:07:07	1	0	1	0
         10001	2026-03-11 09:46:37	1	0	15	0
         10005	2026-03-11 09:48:39	1	0	1	0
         10005	2026-03-11 09:48:40	1	0	1	0
         10002	2026-03-11 18:51:51	1	0	1	0
         10003	2026-03-11 19:30:36	1	0	1	0
         10003	2026-03-11 19:36:31	1	0	1	0
         10005	2026-03-11 20:07:55	1	0	1	0
         10001	2026-03-11 20:10:01	1	0	15	0
         10003	2026-03-12 09:05:55	1	0	1	0
         10002	2026-03-12 09:20:31	1	0	1	0
         10005	2026-03-12 09:54:07	1	0	1	0
         10006	2026-03-12 10:18:02	1	0	1	0
         10002	2026-03-12 18:49:29	1	0	1	0
         10005	2026-03-12 18:54:19	1	0	1	0
         10006	2026-03-12 18:54:35	1	0	1	0
         10003	2026-03-12 19:31:39	1	0	1	0
         10003	2026-03-13 08:16:58	1	0	1	0
         10002	2026-03-13 09:20:38	1	0	1	0
         10001	2026-03-13 09:40:49	1	0	15	0
         10005	2026-03-13 09:58:28	1	0	1	0
         10002	2026-03-13 18:47:07	1	0	1	0
         10002	2026-03-13 18:48:37	1	0	1	0
         10003	2026-03-13 19:00:08	1	0	1	0
         10005	2026-03-13 20:02:40	1	0	1	0
         10001	2026-03-13 20:02:54	1	0	15	0
         10002	2026-03-14 09:16:35	1	0	1	0
         10001	2026-03-14 09:41:05	1	0	15	0
         10006	2026-03-14 10:07:53	1	0	1	0
         10002	2026-03-14 19:33:49	1	0	1	0
         10001	2026-03-14 19:35:45	1	0	15	0
         10006	2026-03-14 19:43:15	1	0	1	0
         10005	2026-03-16 09:44:21	1	0	1	0
         10001	2026-03-16 09:47:01	1	0	15	0
         10002	2026-03-16 09:47:51	1	0	1	0
         10005	2026-03-16 18:49:49	1	0	1	0
         10002	2026-03-16 18:52:37	1	0	1	0
         10001	2026-03-16 18:59:46	1	0	15	0
         10003	2026-03-17 08:33:16	1	0	1	0
         10001	2026-03-17 09:44:00	1	0	15	0
         10005	2026-03-17 09:56:18	1	0	1	0
         10005	2026-03-17 18:49:37	1	0	1	0
         10001	2026-03-17 19:21:31	1	0	15	0
         10003	2026-03-17 19:22:01	1	0	1	0
         10003	2026-03-18 08:15:01	1	0	1	0
         10002	2026-03-18 09:14:00	1	0	1	0
         10001	2026-03-18 09:48:51	1	0	15	0
         10005	2026-03-18 09:55:49	1	0	1	0
         10002	2026-03-18 18:34:43	1	0	1	0
         10003	2026-03-18 19:28:06	1	0	1	0
         10005	2026-03-18 19:48:45	1	0	1	0
         10001	2026-03-18 19:52:46	1	0	15	0
         10003	2026-03-19 09:09:06	1	0	1	0
         10002	2026-03-19 09:22:01	1	0	1	0
         10002	2026-03-19 09:22:03	1	0	1	0
         10005	2026-03-19 10:06:29	1	0	1	0
         10006	2026-03-19 10:12:12	1	0	1	0
         10002	2026-03-19 18:33:26	1	0	1	0
         10005	2026-03-19 18:44:27	1	0	1	0
         10006	2026-03-19 18:46:55	1	0	1	0
         10003	2026-03-19 19:26:12	1	0	1	0
         10003	2026-03-20 08:29:15	1	0	1	0
         10002	2026-03-20 09:19:22	1	0	1	0
         10001	2026-03-20 09:47:14	1	0	15	0
         10005	2026-03-20 09:50:42	1	0	1	0
         10002	2026-03-20 18:56:11	1	0	1	0
         10002	2026-03-20 18:58:16	1	0	1	0
         10005	2026-03-20 18:59:49	1	0	1	0
         10001	2026-03-20 19:01:29	1	0	15	0
         10003	2026-03-20 19:01:45	1	0	1	0
         10003	2026-03-21 08:21:33	1	0	1	0
         10002	2026-03-21 09:22:05	1	0	1	0
         10001	2026-03-21 09:50:34	1	0	15	0
         10006	2026-03-21 10:17:32	1	0	1	0
         10003	2026-03-21 18:55:54	1	0	1	0
         10003	2026-03-21 18:55:55	1	0	1	0
         10002	2026-03-21 19:01:53	1	0	1	0
         10006	2026-03-21 19:06:55	1	0	1	0
         10001	2026-03-21 19:12:07	1	0	15	0
         10003	2026-03-23 09:45:06	1	0	1	0
         10005	2026-03-23 09:46:00	1	0	1	0
         10005	2026-03-23 09:46:02	1	0	1	0
         10003	2026-03-23 09:46:07	1	0	1	0
         10001	2026-03-23 09:48:33	1	0	15	0
         10002	2026-03-23 09:49:31	1	0	1	0
         10002	2026-03-23 18:52:50	1	0	1	0
         10005	2026-03-23 18:53:35	1	0	1	0
         10001	2026-03-23 18:59:33	1	0	15	0
         10003	2026-03-23 19:28:04	1	0	1	0
         10003	2026-03-24 08:57:10	1	0	1	0
         10002	2026-03-24 09:25:06	1	0	1	0
         10001	2026-03-24 09:50:07	1	0	15	0
         10005	2026-03-24 09:56:03	1	0	1	0
         10001	2026-03-24 18:50:03	1	0	15	0
         10005	2026-03-24 18:54:05	1	0	1	0
         10003	2026-03-24 18:59:01	1	0	1	0
         10003	2026-03-25 08:42:48	1	0	1	0
         10002	2026-03-25 09:00:37	1	0	1	0
         10001	2026-03-25 09:49:09	1	0	15	0
         10005	2026-03-25 10:03:41	1	0	1	0
         10002	2026-03-25 18:45:58	1	0	1	0
         10003	2026-03-25 19:32:32	1	0	1	0
         10001	2026-03-25 19:57:59	1	0	15	0
         10005	2026-03-25 19:58:41	1	0	1	0
         10003	2026-03-26 09:04:46	1	0	1	0
         10002	2026-03-26 09:14:02	1	0	1	0
         10005	2026-03-26 10:03:54	1	0	1	0
         10006	2026-03-26 10:20:55	1	0	1	0
         10003	2026-03-26 18:30:57	1	0	1	0
         10005	2026-03-26 18:31:11	1	0	1	0
         10006	2026-03-26 18:31:21	1	0	1	0
         10003	2026-03-27 07:51:56	1	0	1	0
         10002	2026-03-27 09:23:03	1	0	1	0
         10001	2026-03-27 09:49:53	1	0	15	0
         10005	2026-03-27 09:57:45	1	0	1	0
         10002	2026-03-27 18:49:04	1	0	1	0
         10003	2026-03-27 18:49:35	1	0	1	0
         10005	2026-03-27 18:51:15	1	0	1	0
         10001	2026-03-27 18:55:47	1	0	15	0
         10003	2026-03-28 07:23:49	1	0	1	0
         10002	2026-03-28 09:25:43	1	0	1	0
         10001	2026-03-28 09:50:31	1	0	15	0
         10006	2026-03-28 10:15:40	1	0	1	0
         10002	2026-03-28 19:58:15	1	0	1	0
         10001	2026-03-28 20:00:34	1	0	15	0
         10006	2026-03-28 20:05:00	1	0	1	0
         10003	2026-03-30 09:45:20	1	0	1	0
         10005	2026-03-30 09:45:44	1	0	1	0
         10001	2026-03-30 09:48:20	1	0	15	0
         10002	2026-03-30 09:54:31	1	0	1	0
         10005	2026-03-30 18:55:59	1	0	1	0
         10001	2026-03-30 19:24:59	1	0	15	0
         10003	2026-03-30 19:29:28	1	0	1	0
         10003	2026-03-30 19:36:30	1	0	1	0
         10003	2026-03-31 08:15:40	1	0	1	0
         10001	2026-03-31 09:39:11	1	0	15	0
         10005	2026-03-31 09:51:56	1	0	1	0
         10005	2026-03-31 09:51:58	1	0	1	0
         10005	2026-03-31 19:00:44	1	0	1	0
         10001	2026-03-31 19:12:12	1	0	15	0
         10003	2026-03-31 19:28:53	1	0	1	0
         10003	2026-04-01 08:42:36	1	0	1	0
         10002	2026-04-01 09:25:09	1	0	1	0
         10001	2026-04-01 09:54:43	1	0	15	0
         10005	2026-04-01 09:55:57	1	0	1	0
         10002	2026-04-01 18:40:12	1	0	1	0
         10005	2026-04-01 19:12:24	1	0	1	0
         10003	2026-04-01 19:17:04	1	0	1	0
         10001	2026-04-01 19:21:51	1	0	15	0
         10003	2026-04-02 07:58:08	1	0	1	0
         10002	2026-04-02 09:06:57	1	0	1	0
         10005	2026-04-02 09:52:36	1	0	1	0
         10006	2026-04-02 10:10:54	1	0	1	0
         10002	2026-04-02 18:38:56	1	0	1	0
         10006	2026-04-02 18:39:46	1	0	1	0
         10005	2026-04-02 18:41:29	1	0	1	0
         10003	2026-04-02 19:19:25	1	0	1	0
         10003	2026-04-03 08:08:55	1	0	1	0
         10002	2026-04-03 09:37:35	1	0	1	0
         10001	2026-04-03 09:50:25	1	0	15	0
         10005	2026-04-03 09:51:46	1	0	1	0
         10001	2026-04-03 18:39:55	1	0	15	0
         10002	2026-04-03 18:45:38	1	0	1	0
         10005	2026-04-03 18:48:24	1	0	1	0
         10003	2026-04-03 19:21:15	1	0	1	0
         10003	2026-04-04 08:59:16	1	0	1	0
         10002	2026-04-04 09:02:07	1	0	1	0
         10001	2026-04-04 09:37:36	1	0	15	0
         10006	2026-04-04 10:27:45	1	0	1	0
         10002	2026-04-04 19:11:49	1	0	1	0
         10003	2026-04-04 19:25:00	1	0	1	0
         10001	2026-04-04 19:28:53	1	0	15	0
         10003	2026-04-06 08:42:56	1	0	1	0
         10002	2026-04-06 08:50:30	1	0	1	0
         10001	2026-04-06 09:42:21	1	0	15	0
         10005	2026-04-06 09:55:01	1	0	1	0
         10005	2026-04-06 18:51:54	1	0	1	0
         10002	2026-04-06 18:54:25	1	0	1	0
         10003	2026-04-06 19:16:22	1	0	1	0
         10001	2026-04-06 19:28:04	1	0	15	0
         10003	2026-04-07 07:52:14	1	0	1	0
         10002	2026-04-07 09:20:15	1	0	1	0
         10001	2026-04-07 10:01:13	1	0	15	0
         10005	2026-04-07 10:04:06	1	0	1	0
         10001	2026-04-07 10:38:56	1	0	15	0
         10005	2026-04-07 18:35:24	1	0	1	0
         10002	2026-04-07 18:36:29	1	0	1	0
         10001	2026-04-07 18:39:26	1	0	15	0
         10003	2026-04-08 07:57:14	1	0	1	0
         10003	2026-04-08 07:57:59	1	0	1	0
         10002	2026-04-08 09:18:20	1	0	1	0
         10005	2026-04-08 09:56:17	1	0	1	0
         10005	2026-04-08 18:50:03	1	0	1	0
         10001	2026-04-08 19:17:50	1	0	15	0
         10003	2026-04-08 19:33:45	1	0	1	0
         10003	2026-04-09 07:57:14	1	0	1	0
         10002	2026-04-09 09:21:27	1	0	1	0
         10005	2026-04-09 09:58:06	1	0	1	0
         10005	2026-04-09 09:58:07	1	0	1	0
         10006	2026-04-09 10:12:07	1	0	1	0
         10002	2026-04-09 18:34:29	1	0	1	0
         10005	2026-04-09 18:42:36	1	0	1	0
         10006	2026-04-09 18:46:36	1	0	1	0
         10003	2026-04-09 19:14:20	1	0	1	0
         10003	2026-04-10 08:45:32	1	0	1	0
         10002	2026-04-10 09:27:42	1	0	1	0
         10005	2026-04-10 09:56:01	1	0	1	0
         10005	2026-04-10 18:04:20	1	0	1	0
         10002	2026-04-10 18:30:18	1	0	15	0
         10002	2026-04-10 18:30:20	1	0	1	0
         10003	2026-04-10 19:31:44	1	0	1	0
         10003	2026-04-11 08:17:35	1	0	1	0
         10002	2026-04-11 09:03:00	1	0	1	0
         10006	2026-04-11 10:11:09	1	0	1	0
         10006	2026-04-11 19:28:29	1	0	1	0
         10002	2026-04-11 19:32:14	1	0	1	0
         10003	2026-04-11 19:44:01	1	0	1	0
         10002	2026-04-16 09:02:54	1	0	1	0
         10002	2026-04-16 09:08:10	1	0	1	0
         10005	2026-04-16 09:57:26	1	0	1	0
         10006	2026-04-16 10:06:01	1	0	1	0
         10005	2026-04-16 18:33:54	1	0	1	0
         10002	2026-04-16 18:36:48	1	0	1	0
         10006	2026-04-16 18:38:13	1	0	1	0
         10002	2026-04-17 08:59:51	1	0	1	0
         10005	2026-04-17 09:57:43	1	0	1	0
         10006	2026-04-17 10:08:57	1	0	1	0
         10002	2026-04-17 18:28:11	1	0	1	0
         10005	2026-04-17 18:32:13	1	0	1	0
         10006	2026-04-17 19:30:49	1	0	1	0
         10002	2026-04-18 09:18:50	1	0	1	0
         10006	2026-04-18 09:37:54	1	0	1	0
         10005	2026-04-18 09:51:56	1	0	1	0
         10005	2026-04-18 19:07:11	1	0	1	0
         10002	2026-04-18 19:15:54	1	0	1	0
         10003	2026-04-20 09:45:51	1	0	1	0
         10005	2026-04-20 09:46:38	1	0	1	0
         10002	2026-04-20 09:47:45	1	0	1	0
         10003	2026-04-20 19:19:43	1	0	1	0
         10002	2026-04-20 19:23:50	1	0	1	0
         10005	2026-04-20 19:25:51	1	0	1	0
         10003	2026-04-21 08:00:31	1	0	1	0
         10002	2026-04-21 09:18:24	1	0	1	0
         10005	2026-04-21 10:04:00	1	0	1	0
         10005	2026-04-21 18:36:02	1	0	1	0
         10002	2026-04-21 18:37:12	1	0	1	0
         10003	2026-04-21 19:31:00	1	0	1	0
         10003	2026-04-22 08:03:38	1	0	1	0
         10002	2026-04-22 09:19:44	1	0	1	0
         10005	2026-04-22 09:57:16	1	0	1	0
         10005	2026-04-22 18:58:00	1	0	1	0
         10003	2026-04-22 19:26:38	1	0	1	0
         10003	2026-04-23 08:43:16	1	0	1	0
         10002	2026-04-23 09:24:32	1	0	1	0
         10005	2026-04-23 09:55:34	1	0	1	0
         10002	2026-04-23 18:50:30	1	0	1	0
         10005	2026-04-23 19:00:30	1	0	1	0
         10006	2026-04-23 19:11:15	1	0	1	0
         10003	2026-04-23 19:34:06	1	0	1	0
         10003	2026-04-24 08:35:04	1	0	1	0
         10003	2026-04-24 08:36:05	1	0	1	0
         10002	2026-04-24 09:17:12	1	0	1	0
         10005	2026-04-24 09:53:10	1	0	1	0
         10002	2026-04-24 18:44:44	1	0	1	0
         10005	2026-04-24 18:55:08	1	0	1	0
         10003	2026-04-24 18:58:02	1	0	1	0
         10003	2026-04-24 19:11:49	1	0	1	0
         10003	2026-04-25 08:14:23	1	0	1	0
         10002	2026-04-25 09:20:12	1	0	1	0
         10006	2026-04-25 09:47:10	1	0	1	0
         10002	2026-04-25 19:34:18	1	0	1	0
         10003	2026-04-25 19:46:18	1	0	1	0
         10003	2026-04-27 09:40:33	1	0	1	0
         10005	2026-04-27 09:40:48	1	0	1	0
         10002	2026-04-27 09:46:05	1	0	1	0
         10005	2026-04-27 18:52:12	1	0	1	0
         10002	2026-04-27 18:52:51	1	0	1	0
         10003	2026-04-27 19:25:10	1	0	1	0
         10003	2026-04-28 08:15:48	1	0	1	0
         10002	2026-04-28 09:19:47	1	0	1	0
         10005	2026-04-28 09:57:59	1	0	1	0
         10002	2026-04-28 18:48:51	1	0	1	0
         10005	2026-04-28 18:50:09	1	0	1	0
         10003	2026-04-28 18:58:37	1	0	1	0
         10003	2026-04-29 07:58:58	1	0	1	0
         10002	2026-04-29 09:14:40	1	0	1	0
         10005	2026-04-29 09:58:04	1	0	1	0
         10005	2026-04-29 18:58:05	1	0	1	0
         10002	2026-04-29 19:05:14	1	0	1	0
         10003	2026-04-29 19:08:56	1	0	1	0
         10003	2026-04-29 19:31:14	1	0	1	0
         10003	2026-04-30 08:40:35	1	0	1	0
         10002	2026-04-30 09:17:10	1	0	1	0
         10005	2026-04-30 10:01:50	1	0	1	0
         10006	2026-04-30 10:19:34	1	0	1	0
         10001	2026-04-30 11:17:44	1	0	15	0
         10002	2026-04-30 18:41:49	1	0	1	0
         10005	2026-04-30 19:07:13	1	0	1	0
         10003	2026-04-30 19:11:50	1	0	1	0
         10006	2026-04-30 19:13:46	1	0	1	0
         10006	2026-04-30 19:14:25	1	0	1	0
         10005	2026-04-30 19:44:14	1	0	1	0
         10003	2026-05-01 09:13:35	1	0	1	0
         10003	2026-05-01 09:15:17	1	0	1	0
         10002	2026-05-01 09:15:23	1	0	1	0
         10005	2026-05-01 09:59:30	1	0	1	0
         10003	2026-05-01 18:19:08	1	0	1	0
         10005	2026-05-01 18:26:40	1	0	1	0
         10002	2026-05-01 18:29:57	1	0	1	0
         10003	2026-05-01 18:35:48	1	0	1	0
         10003	2026-05-02 07:27:44	1	0	1	0
         10002	2026-05-02 09:16:20	1	0	1	0
         10006	2026-05-02 09:55:31	1	0	1	0
         10006	2026-05-02 10:03:10	1	0	1	0
         10003	2026-05-02 19:15:37	1	0	1	0
         10006	2026-05-02 19:17:44	1	0	1	0
         10002	2026-05-02 19:21:28	1	0	1	0
         10003	2026-05-04 08:07:32	1	0	1	0
         10002	2026-05-04 08:31:16	1	0	1	0
         10001	2026-05-04 09:32:50	1	0	15	0
         10005	2026-05-04 09:53:38	1	0	1	0
         10005	2026-05-04 18:51:02	1	0	1	0
         10002	2026-05-04 18:56:27	1	0	1	0
         10003	2026-05-04 18:56:50	1	0	1	0
         10003	2026-05-05 08:33:12	1	0	1	0
         10002	2026-05-05 09:23:08	1	0	1	0
         10001	2026-05-05 09:52:40	1	0	15	0
         10005	2026-05-05 09:54:57	1	0	1	0
         10002	2026-05-05 18:51:43	1	0	1	0
         10003	2026-05-05 19:22:49	1	0	1	0
         10005	2026-05-05 20:33:41	1	0	1	0
         10001	2026-05-05 20:36:09	1	0	15	0
         10003	2026-05-06 07:45:29	1	0	1	0
         10003	2026-05-06 07:48:59	1	0	1	0
         10002	2026-05-06 09:15:10	1	0	1	0
         10001	2026-05-06 09:52:12	1	0	15	0
         10005	2026-05-06 10:04:50	1	0	1	0
         10005	2026-05-06 18:47:52	1	0	1	0
         10002	2026-05-06 18:50:49	1	0	1	0
         10003	2026-05-06 18:53:51	1	0	1	0
         10001	2026-05-06 19:06:27	1	0	15	0
         10003	2026-05-07 07:55:42	1	0	1	0
         10002	2026-05-07 09:04:15	1	0	1	0
         10005	2026-05-07 09:54:49	1	0	1	0
         10006	2026-05-07 10:04:20	1	0	1	0
         10002	2026-05-07 18:37:13	1	0	1	0
         10005	2026-05-07 18:42:06	1	0	1	0
         10006	2026-05-07 18:43:23	1	0	1	0
         10003	2026-05-07 19:20:53	1	0	1	0
         10003	2026-05-08 08:08:01	1	0	1	0
         10002	2026-05-08 09:13:11	1	0	1	0
         10001	2026-05-08 09:41:35	1	0	15	0
         10005	2026-05-08 10:02:36	1	0	1	0
         10005	2026-05-08 10:02:38	1	0	1	0
         10001	2026-05-08 17:36:47	1	0	15	0
         10002	2026-05-08 18:45:42	1	0	1	0
         10005	2026-05-08 19:24:06	1	0	1	0
         10003	2026-05-08 19:53:04	1	0	1	0
         10003	2026-05-09 08:26:12	1	0	1	0
         10002	2026-05-09 09:11:58	1	0	1	0
         10001	2026-05-09 09:47:49	1	0	15	0
         10006	2026-05-09 10:11:03	1	0	1	0
         10006	2026-05-09 10:25:06	1	0	1	0
         10002	2026-05-09 19:21:01	1	0	1	0
         10006	2026-05-09 19:34:57	1	0	1	0
         10001	2026-05-09 19:36:59	1	0	15	0
         10003	2026-05-09 19:51:35	1	0	1	0
         10005	2026-05-11 09:41:14	1	0	1	0
         10001	2026-05-11 09:43:26	1	0	15	0
         10002	2026-05-11 09:43:35	1	0	1	0
         10003	2026-05-11 10:13:04	1	0	1	0
         10002	2026-05-11 18:51:24	1	0	1	0
         10005	2026-05-11 19:07:00	1	0	1	0
         10001	2026-05-11 19:15:45	1	0	15	0
         10003	2026-05-11 19:20:15	1	0	1	0
         10003	2026-05-12 08:17:44	1	0	1	0
         10002	2026-05-12 09:17:49	1	0	1	0
         10001	2026-05-12 09:25:33	1	0	15	0
         10005	2026-05-12 09:51:23	1	0	1	0
         10002	2026-05-12 18:30:47	1	0	1	0
         10005	2026-05-12 18:37:20	1	0	1	0
         10001	2026-05-12 18:55:28	1	0	15	0
         10003	2026-05-12 19:20:51	1	0	1	0
         10003	2026-05-13 07:54:13	1	0	1	0
         10002	2026-05-13 09:14:27	1	0	1	0
         10002	2026-05-13 09:29:41	1	0	1	0
         10005	2026-05-13 09:48:19	1	0	1	0
         10001	2026-05-13 09:49:32	1	0	15	0
         10002	2026-05-13 18:51:57	1	0	1	0
         10005	2026-05-13 18:55:30	1	0	1	0
         10001	2026-05-13 19:04:34	1	0	15	0
         10003	2026-05-13 19:17:46	1	0	1	0
         10003	2026-05-14 08:29:41	1	0	1	0
         10002	2026-05-14 09:19:37	1	0	1	0
         10005	2026-05-14 09:54:17	1	0	1	0
         10006	2026-05-14 09:59:11	1	0	1	0
         10002	2026-05-14 18:33:56	1	0	1	0
         10002	2026-05-14 18:36:21	1	0	1	0
         10005	2026-05-14 18:40:53	1	0	1	0
         10006	2026-05-14 18:44:03	1	0	1	0
         10003	2026-05-15 08:11:51	1	0	1	0
         10002	2026-05-15 09:15:35	1	0	1	0
         10005	2026-05-15 09:56:52	1	0	1	0
         10001	2026-05-15 09:57:52	1	0	15	0
         10002	2026-05-15 18:35:15	1	0	1	0
         10005	2026-05-15 18:45:31	1	0	1	0
         10001	2026-05-15 18:55:18	1	0	15	0
         10003	2026-05-15 19:09:21	1	0	1	0
         10003	2026-05-16 08:58:48	1	0	1	0
         10002	2026-05-16 09:16:40	1	0	1	0
         10006	2026-05-16 10:15:07	1	0	1	0
         10001	2026-05-16 13:40:32	1	0	15	0
         10003	2026-05-16 19:34:08	1	0	1	0
         10006	2026-05-16 19:35:14	1	0	1	0
         10002	2026-05-16 19:38:02	1	0	1	0
         10002	2026-05-16 19:38:03	1	0	1	0
         10005	2026-05-18 09:45:30	1	0	1	0
         10005	2026-05-18 09:45:31	1	0	1	0
         10002	2026-05-18 09:48:08	1	0	1	0
         10001	2026-05-18 09:50:27	1	0	15	0
         10005	2026-05-18 18:52:04	1	0	1	0
         10002	2026-05-18 18:53:58	1	0	1	0
         10001	2026-05-18 19:16:00	1	0	15	0
         10003	2026-05-18 19:23:08	1	0	1	0
         10003	2026-05-19 08:27:19	1	0	1	0
         10002	2026-05-19 09:22:00	1	0	1	0
         10005	2026-05-19 09:57:31	1	0	1	0
         10001	2026-05-19 10:16:36	1	0	15	0
         10002	2026-05-19 18:43:13	1	0	1	0
         10005	2026-05-19 18:44:57	1	0	1	0
         10001	2026-05-19 18:54:10	1	0	15	0
         10003	2026-05-19 18:55:26	1	0	1	0
         10003	2026-05-20 07:34:21	1	0	1	0
         10002	2026-05-20 09:13:31	1	0	1	0
         10005	2026-05-20 09:49:34	1	0	1	0
         10005	2026-05-20 09:49:35	1	0	1	0
         10001	2026-05-20 09:56:40	1	0	15	0
         10002	2026-05-20 18:49:50	1	0	1	0
         10005	2026-05-20 18:51:47	1	0	1	0
         10001	2026-05-20 19:04:02	1	0	15	0
         10003	2026-05-20 19:47:40	1	0	1	0
         10003	2026-05-21 08:05:39	1	0	1	0
         10003	2026-05-21 08:36:47	1	0	1	0
         10002	2026-05-21 09:15:48	1	0	1	0
         10005	2026-05-21 09:55:06	1	0	1	0
         10006	2026-05-21 10:22:10	1	0	1	0
         10002	2026-05-21 18:40:55	1	0	1	0
         10006	2026-05-21 19:04:22	1	0	1	0
         10003	2026-05-21 19:15:15	1	0	1	0
         10003	2026-05-22 08:20:57	1	0	1	0
         10002	2026-05-22 09:10:59	1	0	1	0
         10005	2026-05-22 09:44:18	1	0	1	0
         10001	2026-05-22 09:51:37	1	0	15	0
         10002	2026-05-22 18:35:20	1	0	1	0
         10005	2026-05-22 18:41:11	1	0	1	0
         10001	2026-05-22 18:46:37	1	0	15	0
         10003	2026-05-22 18:53:06	1	0	1	0
         10003	2026-05-22 18:56:46	1	0	1	0
         10003	2026-05-22 18:56:47	1	0	1	0
         10003	2026-05-23 08:12:06	1	0	1	0
         10002	2026-05-23 09:13:59	1	0	1	0
         10001	2026-05-23 09:35:40	1	0	15	0
         10006	2026-05-23 10:13:16	1	0	1	0
         10002	2026-05-23 19:18:53	1	0	1	0
         10003	2026-05-23 19:53:55	1	0	1	0
         10006	2026-05-23 20:29:45	1	0	1	0
         10001	2026-05-23 20:47:13	1	0	15	0
         10003	2026-05-25 08:11:19	1	0	1	0
         10002	2026-05-25 08:14:27	1	0	1	0
         10005	2026-05-25 08:36:57	1	0	1	0
         10001	2026-05-25 09:49:37	1	0	15	0
         10002	2026-05-25 18:57:02	1	0	1	0
         10005	2026-05-25 19:00:23	1	0	1	0
         10001	2026-05-25 19:08:47	1	0	15	0
         10003	2026-05-25 19:30:27	1	0	1	0
         10003	2026-05-25 19:36:04	1	0	1	0
         10003	2026-05-26 08:08:05	1	0	1	0
         10002	2026-05-26 09:09:47	1	0	1	0
         10001	2026-05-26 09:38:25	1	0	15	0
         10005	2026-05-26 09:49:58	1	0	1	0
         10002	2026-05-26 18:44:39	1	0	1	0
         10001	2026-05-26 18:45:18	1	0	15	0
         10005	2026-05-26 18:49:06	1	0	1	0
         10003	2026-05-26 19:27:49	1	0	1	0
         10003	2026-05-27 07:41:35	1	0	1	0
         10002	2026-05-27 09:23:41	1	0	1	0
         10001	2026-05-27 09:40:59	1	0	15	0
         10005	2026-05-27 09:53:57	1	0	1	0
         10002	2026-05-27 18:47:06	1	0	1	0
         10005	2026-05-27 19:05:02	1	0	1	0
         10001	2026-05-27 19:25:58	1	0	15	0
         10003	2026-05-27 19:28:15	1	0	1	0
         10003	2026-05-28 08:28:27	1	0	1	0
         10002	2026-05-28 09:18:19	1	0	1	0
         10005	2026-05-28 09:46:30	1	0	1	0
         10006	2026-05-28 10:11:35	1	0	1	0
         10002	2026-05-28 18:35:52	1	0	1	0
         10005	2026-05-28 18:55:08	1	0	1	0
         10006	2026-05-28 18:55:14	1	0	1	0
         10003	2026-05-28 19:22:01	1	0	1	0
         10003	2026-05-29 07:58:22	1	0	1	0
         10002	2026-05-29 08:58:18	1	0	1	0
         10001	2026-05-29 09:41:08	1	0	15	0
         10005	2026-05-29 09:54:19	1	0	1	0
         10002	2026-05-29 18:21:56	1	0	1	0
         10005	2026-05-29 18:32:10	1	0	1	0
         10003	2026-05-29 18:40:29	1	0	1	0
         10001	2026-05-29 18:53:43	1	0	15	0
         10003	2026-05-30 08:22:22	1	0	1	0
         10002	2026-05-30 09:09:07	1	0	1	0
         10001	2026-05-30 09:45:26	1	0	15	0
         10006	2026-05-30 10:16:22	1	0	1	0
         10002	2026-05-30 19:25:41	1	0	1	0
         10006	2026-05-30 19:33:17	1	0	1	0
         10001	2026-05-30 19:36:08	1	0	15	0
         10003	2026-05-30 19:50:45	1	0	1	0
         10001	2026-06-01 09:50:45	1	0	15	0
         10005	2026-06-01 09:51:30	1	0	1	0
         10003	2026-06-01 09:55:05	1	0	1	0
         10002	2026-06-01 10:02:17	1	0	1	0
         10002	2026-06-01 18:50:53	1	0	1	0
         10005	2026-06-01 18:54:40	1	0	1	0
         10003	2026-06-01 19:01:36	1	0	1	0
         10003	2026-06-02 07:26:43	1	0	1	0
         10002	2026-06-02 09:04:24	1	0	1	0
         10005	2026-06-02 09:49:15	1	0	1	0
         10002	2026-06-02 18:34:58	1	0	1	0
         10005	2026-06-02 18:44:56	1	0	1	0
         10003	2026-06-02 18:53:23	1	0	1	0
         10002	2026-06-03 09:15:40	1	0	1	0
         10002	2026-06-03 09:15:42	1	0	1	0
         10003	2026-06-03 09:30:41	1	0	1	0
         10001	2026-06-03 09:49:37	1	0	15	0
         10005	2026-06-03 09:52:07	1	0	1	0
         10001	2026-06-03 18:10:38	1	0	15	0
         10002	2026-06-03 18:50:18	1	0	1	0
         10005	2026-06-03 18:56:53	1	0	1	0
         10003	2026-06-03 19:07:00	1	0	1	0
         10001	2026-06-03 19:30:38	1	0	15	0
         10001	2026-06-03 19:32:11	1	0	15	0
         10003	2026-06-04 08:29:34	1	0	1	0
         10002	2026-06-04 09:06:28	1	0	1	0
         10006	2026-06-04 09:57:40	1	0	1	0
         10005	2026-06-04 10:00:26	1	0	1	0
         10003	2026-06-04 18:10:29	1	0	1	0
         10005	2026-06-04 18:19:57	1	0	1	0
         10002	2026-06-04 18:33:57	1	0	1	0
         10006	2026-06-04 18:33:59	1	0	1	0
         10003	2026-06-05 07:32:02	1	0	1	0
         10002	2026-06-05 09:10:51	1	0	1	0
         10001	2026-06-05 09:45:50	1	0	15	0
         10005	2026-06-05 09:54:06	1	0	1	0
         10005	2026-06-05 18:28:19	1	0	1	0
         10001	2026-06-05 18:39:26	1	0	15	0
         10003	2026-06-05 18:58:00	1	0	1	0
         10003	2026-06-06 08:27:13	1	0	1	0
         10002	2026-06-06 09:17:09	1	0	1	0
         10001	2026-06-06 09:50:17	1	0	15	0
         10006	2026-06-06 10:19:11	1	0	1	0
         10006	2026-06-06 19:21:04	1	0	1	0
         10002	2026-06-06 19:21:54	1	0	1	0
         10002	2026-06-06 19:21:55	1	0	1	0
         10001	2026-06-06 19:22:22	1	0	15	0
         10003	2026-06-06 19:34:56	1	0	1	0
         10005	2026-06-08 09:38:53	1	0	1	0
         10001	2026-06-08 09:40:20	1	0	15	0
         10003	2026-06-08 09:40:28	1	0	1	0
         10002	2026-06-08 09:50:37	1	0	1	0
         10002	2026-06-08 18:49:27	1	0	1	0
         10005	2026-06-08 18:59:40	1	0	1	0
         10001	2026-06-08 19:07:46	1	0	15	0
         10003	2026-06-08 19:35:19	1	0	1	0
         10003	2026-06-08 19:40:00	1	0	1	0
         10003	2026-06-09 08:54:32	1	0	1	0
         10003	2026-06-09 08:54:33	1	0	1	0
         10001	2026-06-09 09:41:56	1	0	15	0
         10005	2026-06-09 10:00:14	1	0	1	0
         10005	2026-06-09 18:51:36	1	0	1	0
         10001	2026-06-09 19:01:38	1	0	15	0
         10003	2026-06-09 19:34:32	1	0	1	0
         10003	2026-06-09 19:36:59	1	0	1	0
         10003	2026-06-10 07:45:05	1	0	1	0
         10002	2026-06-10 09:05:24	1	0	1	0
         10001	2026-06-10 09:50:51	1	0	15	0
         10005	2026-06-10 09:56:31	1	0	1	0
         10005	2026-06-10 18:51:36	1	0	1	0
         10002	2026-06-10 18:54:26	1	0	1	0
         10001	2026-06-10 19:18:52	1	0	15	0
         10003	2026-06-10 19:33:21	1	0	1	0
         10003	2026-06-11 08:34:50	1	0	1	0
         10002	2026-06-11 09:12:29	1	0	1	0
         10005	2026-06-11 09:58:16	1	0	1	0
         10006	2026-06-11 10:31:04	1	0	1	0
         10006	2026-06-11 10:31:05	1	0	1	0
         10002	2026-06-11 18:26:49	1	0	1	0
         10005	2026-06-11 18:39:52	1	0	1	0
         10006	2026-06-11 18:47:57	1	0	1	0
         10003	2026-06-11 19:19:46	1	0	1	0
         10003	2026-06-11 19:35:02	1	0	1	0
         10002	2026-06-12 09:17:53	1	0	1	0
         10001	2026-06-12 09:36:21	1	0	15	0
         10005	2026-06-12 09:50:08	1	0	1	0
         10002	2026-06-12 18:29:44	1	0	1	0
         10005	2026-06-12 18:36:07	1	0	1	0
         10001	2026-06-12 19:05:42	1	0	15	0
         10003	2026-06-13 08:20:34	1	0	1	0
         10002	2026-06-13 09:23:17	1	0	1	0
         10001	2026-06-13 09:33:26	1	0	15	0
         10006	2026-06-13 10:33:08	1	0	1	0
         10003	2026-06-13 19:46:05	1	0	1	0
         10002	2026-06-13 20:00:51	1	0	1	0
         10001	2026-06-13 20:07:24	1	0	15	0
         10005	2026-06-15 09:37:59	1	0	1	0
         10001	2026-06-15 09:40:43	1	0	15	0
         10003	2026-06-15 09:43:00	1	0	1	0
         10002	2026-06-15 09:49:08	1	0	1	0
         10002	2026-06-15 18:43:41	1	0	1	0
         10001	2026-06-15 18:51:34	1	0	15	0
         10005	2026-06-15 18:52:32	1	0	1	0
         10003	2026-06-15 19:10:36	1	0	1	0
         10003	2026-06-15 19:35:02	1	0	1	0
         10003	2026-06-16 08:13:51	1	0	1	0
         10002	2026-06-16 09:22:38	1	0	1	0
         10001	2026-06-16 09:36:57	1	0	15	0
         10005	2026-06-16 09:59:36	1	0	1	0
         10002	2026-06-16 18:42:34	1	0	1	0
         10005	2026-06-16 18:56:45	1	0	1	0
         10001	2026-06-16 18:57:55	1	0	15	0
         10003	2026-06-16 19:27:58	1	0	1	0
         10003	2026-06-16 19:27:59	1	0	1	0
         10003	2026-06-17 07:33:15	1	0	1	0
         10002	2026-06-17 09:25:58	1	0	1	0
         10005	2026-06-17 09:48:43	1	0	1	0
         10001	2026-06-17 09:50:23	1	0	15	0
         10002	2026-06-17 18:46:54	1	0	1	0
         10005	2026-06-17 19:04:25	1	0	1	0
         10001	2026-06-17 19:16:07	1	0	15	0
         10003	2026-06-17 19:37:42	1	0	1	0
         10003	2026-06-18 08:57:34	1	0	1	0
         10002	2026-06-18 09:12:52	1	0	1	0
         10005	2026-06-18 09:54:10	1	0	1	0
         10006	2026-06-18 10:23:47	1	0	1	0
         10002	2026-06-18 18:23:44	1	0	1	0
         10005	2026-06-18 18:49:50	1	0	1	0
         10006	2026-06-18 18:51:58	1	0	1	0
         10006	2026-06-18 18:52:03	1	0	1	0
         10003	2026-06-18 19:28:58	1	0	1	0
         10003	2026-06-19 07:47:28	1	0	1	0
         10002	2026-06-19 09:07:43	1	0	1	0
         10001	2026-06-19 09:52:05	1	0	15	0
         10005	2026-06-19 09:52:53	1	0	1	0
         10002	2026-06-19 18:31:03	1	0	1	0
         10001	2026-06-19 18:31:58	1	0	15	0
         10005	2026-06-19 18:47:16	1	0	1	0
         10003	2026-06-19 18:50:16	1	0	1	0
         10003	2026-06-20 08:20:14	1	0	1	0
         10002	2026-06-20 09:30:55	1	0	1	0
         10001	2026-06-20 09:39:07	1	0	15	0
         10006	2026-06-20 10:27:52	1	0	1	0
         10002	2026-06-20 19:22:15	1	0	1	0
         10003	2026-06-20 19:35:51	1	0	1	0
         10001	2026-06-20 19:48:30	1	0	15	0
         10006	2026-06-20 20:08:01	1	0	1	0
         10003	2026-06-22 08:30:42	1	0	1	0
         10001	2026-06-22 09:44:02	1	0	15	0
         10005	2026-06-22 09:59:29	1	0	1	0
         10001	2026-06-22 13:07:03	1	0	15	0
         10005	2026-06-22 19:10:40	1	0	1	0
         10001	2026-06-22 19:25:33	1	0	15	0
         10003	2026-06-22 19:45:26	1	0	1	0
         10003	2026-06-23 07:31:32	1	0	1	0
         10002	2026-06-23 09:12:48	1	0	1	0
         10001	2026-06-23 09:47:04	1	0	15	0
         10005	2026-06-23 09:56:14	1	0	1	0
         10002	2026-06-23 18:50:52	1	0	1	0
         10005	2026-06-23 18:56:11	1	0	1	0
         10001	2026-06-23 19:29:40	1	0	15	0
         10003	2026-06-23 19:34:50	1	0	1	0
         10003	2026-06-24 07:42:20	1	0	1	0
         10002	2026-06-24 09:18:34	1	0	1	0
         10001	2026-06-24 09:51:47	1	0	15	0
         10005	2026-06-24 09:55:17	1	0	1	0
         10005	2026-06-24 18:52:24	1	0	1	0
         10002	2026-06-24 18:52:33	1	0	1	0
         10003	2026-06-24 19:25:52	1	0	1	0
         10001	2026-06-24 19:32:01	1	0	15	0
         10003	2026-06-25 08:25:27	1	0	1	0
         10002	2026-06-25 09:12:50	1	0	1	0
         10005	2026-06-25 09:55:06	1	0	1	0
         10006	2026-06-25 10:18:54	1	0	1	0
         10002	2026-06-25 18:21:54	1	0	1	0
         10005	2026-06-25 18:39:03	1	0	1	0
         10006	2026-06-25 18:46:02	1	0	1	0
         10003	2026-06-25 19:19:52	1	0	1	0
         10003	2026-06-26 07:46:20	1	0	1	0
         10002	2026-06-26 09:19:45	1	0	1	0
         10001	2026-06-26 09:41:13	1	0	15	0
         10005	2026-06-26 09:50:25	1	0	1	0
         10002	2026-06-26 18:28:44	1	0	1	0
         10005	2026-06-26 18:46:02	1	0	1	0
         10001	2026-06-26 18:48:06	1	0	15	0
         10003	2026-06-26 19:04:38	1	0	1	0
         10003	2026-06-27 07:44:41	1	0	1	0
         10002	2026-06-27 09:20:28	1	0	1	0
         10001	2026-06-27 09:34:58	1	0	15	0
         10006	2026-06-27 10:16:43	1	0	1	0
         10002	2026-06-27 19:16:08	1	0	1	0
         10006	2026-06-27 19:19:57	1	0	1	0
         10001	2026-06-27 19:38:33	1	0	15	0
         10003	2026-06-29 08:14:16	1	0	1	0
         10002	2026-06-29 08:51:23	1	0	1	0
         10001	2026-06-29 09:55:28	1	0	15	0
         10005	2026-06-29 09:56:22	1	0	1	0
         10002	2026-06-29 18:48:16	1	0	1	0
         10005	2026-06-29 19:00:50	1	0	1	0
         10003	2026-06-29 19:32:15	1	0	1	0
         10003	2026-06-30 07:59:42	1	0	1	0
         10002	2026-06-30 09:13:10	1	0	1	0
         10005	2026-06-30 09:55:17	1	0	1	0
         10001	2026-06-30 09:56:24	1	0	15	0
         10002	2026-06-30 18:36:15	1	0	1	0
         10005	2026-06-30 18:53:12	1	0	1	0
         10001	2026-06-30 19:06:37	1	0	15	0
         10003	2026-06-30 19:18:18	1	0	1	0
         10003	2026-07-01 07:54:01	1	0	1	0
         10002	2026-07-01 09:18:55	1	0	1	0
         10002	2026-07-01 09:18:56	1	0	1	0
         10001	2026-07-01 09:51:59	1	0	15	0
         10005	2026-07-01 09:56:16	1	0	1	0
         10002	2026-07-01 18:42:29	1	0	1	0
         10003	2026-07-01 19:41:01	1	0	1	0
         10005	2026-07-01 21:21:04	1	0	1	0
         10001	2026-07-01 21:23:24	1	0	15	0
         10003	2026-07-02 08:35:06	1	0	1	0
         10002	2026-07-02 09:27:21	1	0	1	0
         10005	2026-07-02 09:59:21	1	0	1	0
         10006	2026-07-02 10:28:14	1	0	1	0
         10002	2026-07-02 18:37:23	1	0	1	0
         10006	2026-07-02 18:47:46	1	0	1	0
         10005	2026-07-02 18:49:22	1	0	1	0
         10005	2026-07-02 18:51:00	1	0	1	0
         10003	2026-07-02 19:25:05	1	0	1	0
         10003	2026-07-03 08:17:55	1	0	1	0
         10003	2026-07-03 08:17:56	1	0	1	0
         10002	2026-07-03 09:25:44	1	0	1	0
         10001	2026-07-03 09:39:32	1	0	15	0
         10005	2026-07-03 09:56:49	1	0	1	0
         10002	2026-07-03 18:47:03	1	0	1	0
         10005	2026-07-03 18:58:20	1	0	1	0
         10003	2026-07-03 19:42:58	1	0	1	0
         10001	2026-07-03 19:48:37	1	0	15	0
         10003	2026-07-04 08:05:31	1	0	1	0
         10001	2026-07-04 09:43:37	1	0	15	0
         10006	2026-07-04 09:50:35	1	0	1	0
         10001	2026-07-04 19:03:02	1	0	15	0
         10003	2026-07-04 19:31:16	1	0	1	0
         10003	2026-07-06 08:06:14	1	0	1	0
         10002	2026-07-06 09:18:09	1	0	1	0
         10001	2026-07-06 09:45:03	1	0	15	0
         10005	2026-07-06 09:52:12	1	0	1	0
         10002	2026-07-06 18:50:36	1	0	1	0
         10005	2026-07-06 18:57:59	1	0	1	0
         10001	2026-07-06 19:03:25	1	0	15	0
         10003	2026-07-06 19:35:05	1	0	1	0
         10003	2026-07-07 08:23:41	1	0	1	0
         10005	2026-07-07 09:53:25	1	0	1	0
         10001	2026-07-07 09:59:36	1	0	15	0
         10002	2026-07-07 18:43:38	1	0	1	0
         10005	2026-07-07 19:02:36	1	0	1	0
         10001	2026-07-07 19:19:57	1	0	15	0
         10003	2026-07-07 19:32:08	1	0	1	0
         10003	2026-07-08 07:50:48	1	0	1	0
         10001	2026-07-08 09:03:01	1	0	15	0
         10002	2026-07-08 09:15:59	1	0	1	0
         10005	2026-07-08 09:56:31	1	0	1	0
         10002	2026-07-08 18:57:55	1	0	1	0
         10005	2026-07-08 19:05:05	1	0	1	0
         10003	2026-07-08 19:34:59	1	0	1	0
         10001	2026-07-08 19:45:51	1	0	15	0
         10003	2026-07-09 08:39:42	1	0	1	0
         10002	2026-07-09 09:13:09	1	0	1	0
         10005	2026-07-09 09:58:14	1	0	1	0
         10006	2026-07-09 10:30:38	1	0	1	0
         10006	2026-07-09 18:51:57	1	0	1	0
         10006	2026-07-09 18:51:58	1	0	1	0
         10003	2026-07-09 18:52:10	1	0	1	0
         10005	2026-07-09 18:56:28	1	0	1	0
         10003	2026-07-10 07:48:30	1	0	1	0
         10002	2026-07-10 08:51:01	1	0	1	0
         10002	2026-07-10 08:51:03	1	0	1	0
         10001	2026-07-10 10:05:03	1	0	15	0
         10002	2026-07-10 18:27:08	1	0	1	0
         10003	2026-07-10 19:00:13	1	0	1	0
         10001	2026-07-10 19:11:26	1	0	15	0
         10003	2026-07-11 08:23:22	1	0	1	0
         10002	2026-07-11 09:16:36	1	0	1	0
         10001	2026-07-11 09:36:59	1	0	15	0
         10006	2026-07-11 10:05:10	1	0	1	0
         10002	2026-07-11 19:11:33	1	0	1	0
         10003	2026-07-11 19:37:08	1	0	1	0
         10003	2026-07-11 19:37:09	1	0	1	0
         10006	2026-07-11 20:02:09	1	0	1	0
         10001	2026-07-11 20:28:25	1	0	15	0
         10003	2026-07-13 08:08:26	1	0	1	0
         10002	2026-07-13 08:56:48	1	0	1	0
         10001	2026-07-13 09:43:22	1	0	15	0
         10005	2026-07-13 09:56:08	1	0	1	0
         10002	2026-07-13 18:45:35	1	0	1	0
         10005	2026-07-13 19:04:22	1	0	1	0
         10001	2026-07-13 19:15:13	1	0	15	0
         10003	2026-07-13 19:33:12	1	0	1	0
         10003	2026-07-14 07:41:19	1	0	1	0
         10003	2026-07-14 07:41:20	1	0	1	0
         10002	2026-07-14 09:11:28	1	0	1	0
         10001	2026-07-14 09:48:53	1	0	15	0
         10005	2026-07-14 09:50:50	1	0	1	0
         10002	2026-07-14 18:36:10	1	0	1	0
         10005	2026-07-14 18:41:21	1	0	1	0
         10001	2026-07-14 19:20:20	1	0	15	0
         10003	2026-07-14 19:25:21	1	0	1	0
         10003	2026-07-15 08:20:33	1	0	1	0
         10002	2026-07-15 09:00:35	1	0	1	0
         10005	2026-07-15 09:50:41	1	0	1	0
         10001	2026-07-15 09:57:23	1	0	15	0
         10002	2026-07-15 18:44:36	1	0	1	0
         10005	2026-07-15 18:46:08	1	0	1	0
         10001	2026-07-15 18:49:37	1	0	15	0
         10003	2026-07-16 08:34:52	1	0	1	0
         10002	2026-07-16 08:52:30	1	0	1	0
         10005	2026-07-16 09:58:32	1	0	1	0
         10006	2026-07-16 10:15:08	1	0	1	0
         10002	2026-07-16 18:31:29	1	0	1	0
         10005	2026-07-16 18:43:13	1	0	1	0
         10006	2026-07-16 18:52:35	1	0	1	0
         10006	2026-07-16 18:53:31	1	0	1	0
         10003	2026-07-16 19:17:23	1	0	1	0
         10003	2026-07-17 07:45:29	1	0	1	0
         10002	2026-07-17 09:02:41	1	0	1	0
         10001	2026-07-17 09:52:54	1	0	15	0
         10005	2026-07-17 09:58:51	1	0	1	0
         10002	2026-07-17 18:40:32	1	0	1	0
         10005	2026-07-17 18:43:59	1	0	1	0
         10001	2026-07-17 18:53:11	1	0	15	0
         10003	2026-07-17 19:19:33	1	0	1	0
         10003	2026-07-18 08:04:27	1	0	1	0
         10002	2026-07-18 09:09:16	1	0	1	0
         10001	2026-07-18 09:51:41	1	0	15	0
         10006	2026-07-18 10:11:01	1	0	1	0
         10006	2026-07-18 10:12:22	1	0	1	0
         10002	2026-07-18 18:48:14	1	0	1	0
         10006	2026-07-18 19:00:01	1	0	1	0
         10001	2026-07-18 19:00:08	1	0	15	0
         10003	2026-07-18 19:08:06	1	0	1	0
         10003	2026-07-20 08:17:04	1	0	1	0
         10002	2026-07-20 09:15:00	1	0	1	0
         10001	2026-07-20 09:45:06	1	0	15	0
         10005	2026-07-20 09:59:04	1	0	1	0
         10001	2026-07-20 18:58:29	1	0	15	0
         10002	2026-07-20 18:59:32	1	0	1	0
         10005	2026-07-20 19:02:41	1	0	1	0
         10005	2026-07-20 19:02:43	1	0	1	0
         10003	2026-07-20 19:24:11	1	0	1	0
         10003	2026-07-21 07:28:46	1	0	1	0
         10002	2026-07-21 09:17:33	1	0	1	0
         10005	2026-07-21 09:58:48	1	0	1	0
         10001	2026-07-21 10:00:23	1	0	15	0
         10002	2026-07-21 18:35:25	1	0	1	0
         10003	2026-07-21 18:48:28	1	0	1	0
         10001	2026-07-21 18:48:52	1	0	15	0
         10005	2026-07-21 18:50:10	1	0	1	0
         10003	2026-07-22 07:52:05	1	0	1	0
         10002	2026-07-22 09:04:58	1	0	1	0
         10005	2026-07-22 09:58:56	1	0	1	0
         10001	2026-07-22 10:01:54	1	0	15	0
         10002	2026-07-22 18:50:11	1	0	1	0
         10001	2026-07-22 18:53:43	1	0	15	0
         10005	2026-07-22 18:58:23	1	0	1	0
         10003	2026-07-23 08:50:41	1	0	1	0
         10002	2026-07-23 09:12:18	1	0	1	0
         10005	2026-07-23 10:03:44	1	0	1	0
         10006	2026-07-23 10:17:10	1	0	1	0
         10006	2026-07-23 10:17:53	1	0	1	0
         10006	2026-07-23 10:17:54	1	0	1	0
         10002	2026-07-23 18:36:42	1	0	1	0
         10006	2026-07-23 18:54:26	1	0	1	0
         10005	2026-07-23 18:54:58	1	0	1	0
         10003	2026-07-23 19:07:51	1	0	1	0
         10003	2026-07-23 19:44:08	1	0	1	0
         10003	2026-07-23 19:44:09	1	0	1	0
         10003	2026-07-24 08:31:13	1	0	1	0
         10001	2026-07-24 09:45:55	1	0	15	0
         10005	2026-07-24 09:58:06	1	0	1	0
         10003	2026-07-24 18:33:02	1	0	1	0
         10005	2026-07-24 18:45:11	1	0	1	0
         10001	2026-07-24 18:52:30	1	0	15	0
         10003	2026-07-25 08:26:32	1	0	1	0
         10002	2026-07-25 09:19:28	1	0	1	0
         10001	2026-07-25 10:05:14	1	0	15	0
         10006	2026-07-25 10:16:40	1	0	1	0
         10002	2026-07-25 19:11:41	1	0	1	0
         10003	2026-07-25 19:14:32	1	0	1	0
         10006	2026-07-25 19:22:41	1	0	1	0
         10006	2026-07-25 19:22:42	1	0	1	0
         10001	2026-07-25 19:40:43	1	0	15	0
         10003	2026-07-30 07:26:36	1	0	1	0
         10002	2026-07-30 09:12:28	1	0	1	0
         10005	2026-07-30 09:59:02	1	0	1	0
         10006	2026-07-30 10:02:54	1	0	1	0
         10002	2026-07-30 18:27:18	1	0	1	0
         10005	2026-07-30 18:32:51	1	0	1	0
         10006	2026-07-30 18:45:58	1	0	1	0
         10003	2026-07-30 19:21:11	1	0	1	0
         10003	2026-07-31 08:12:21	1	0	1	0
         10003	2026-07-31 08:12:22	1	0	1	0
         10002	2026-07-31 09:12:45	1	0	1	0
         10001	2026-07-31 09:53:52	1	0	15	0
         10005	2026-07-31 09:55:58	1	0	1	0
         10005	2026-07-31 18:57:21	1	0	1	0
         10001	2026-07-31 19:04:19	1	0	15	0
         10003	2026-07-31 19:21:02	1	0	1	0
         10002	2026-08-01 09:24:01	1	0	1	0
         10001	2026-08-01 09:46:36	1	0	15	0
         10006	2026-08-01 10:16:05	1	0	1	0
         10001	2026-08-01 19:07:25	1	0	15	0
         10006	2026-08-01 19:14:54	1	0	1	0
         10003	2026-08-01 19:31:06	1	0	1	0
         10003	2026-08-03 08:18:42	1	0	1	0
         10002	2026-08-03 09:13:54	1	0	1	0
         10001	2026-08-03 09:14:39	1	0	15	0
         10005	2026-08-03 10:04:08	1	0	1	0
         10002	2026-08-03 18:48:46	1	0	1	0
         10003	2026-08-03 18:58:12	1	0	1	0
         10005	2026-08-03 18:58:24	1	0	1	0
         10001	2026-08-03 18:59:36	1	0	15	0
         10005	2026-08-03 19:00:27	1	0	1	0
         10003	2026-08-04 08:17:40	1	0	1	0
         10002	2026-08-04 09:02:09	1	0	1	0
         10001	2026-08-04 09:51:48	1	0	15	0
         10005	2026-08-04 09:57:33	1	0	1	0
         10002	2026-08-04 18:31:28	1	0	1	0
         10005	2026-08-04 18:48:10	1	0	1	0
         10001	2026-08-04 18:51:36	1	0	15	0
         10003	2026-08-04 19:12:46	1	0	1	0
         10003	2026-08-05 08:00:31	1	0	1	0
         10002	2026-08-05 09:23:25	1	0	1	0
         10005	2026-08-05 10:01:31	1	0	1	0
         10001	2026-08-05 10:03:41	1	0	15	0
         10002	2026-08-05 18:38:29	1	0	1	0
         10005	2026-08-05 18:54:08	1	0	1	0
         10001	2026-08-05 19:11:17	1	0	15	0
         10003	2026-08-05 19:12:21	1	0	1	0
         10003	2026-08-05 19:12:22	1	0	1	0
         10003	2026-08-06 08:58:27	1	0	1	0
         10003	2026-08-06 09:03:44	1	0	1	0
         10002	2026-08-06 09:24:45	1	0	1	0
         10005	2026-08-06 09:57:26	1	0	1	0
         10006	2026-08-06 10:27:34	1	0	1	0
         10002	2026-08-06 18:24:35	1	0	1	0
         10005	2026-08-06 18:30:39	1	0	1	0
         10006	2026-08-06 18:41:53	1	0	1	0
         10003	2026-08-06 18:42:39	1	0	1	0
         10003	2026-08-07 08:14:03	1	0	1	0
         10002	2026-08-07 09:07:49	1	0	1	0
         10001	2026-08-07 09:52:02	1	0	15	0
         10005	2026-08-07 09:56:02	1	0	1	0
         10002	2026-08-07 18:45:50	1	0	1	0
         10005	2026-08-07 18:52:18	1	0	1	0
         10001	2026-08-07 18:58:58	1	0	15	0
         10003	2026-08-07 19:22:13	1	0	1	0
         10003	2026-08-08 08:00:25	1	0	1	0
         10002	2026-08-08 09:18:04	1	0	1	0
         10001	2026-08-08 10:01:15	1	0	15	0
         10006	2026-08-08 10:11:26	1	0	1	0
         10003	2026-08-08 19:09:14	1	0	1	0
         10006	2026-08-08 19:22:27	1	0	1	0
         10001	2026-08-08 19:43:51	1	0	15	0
         10003	2026-08-08 19:44:02	1	0	1	0
         10003	2026-08-10 09:27:27	1	0	1	0
         10005	2026-08-10 09:27:45	1	0	1	0
         10001	2026-08-10 09:29:45	1	0	15	0
         10002	2026-08-10 09:35:52	1	0	1	0
         10005	2026-08-10 18:45:34	1	0	1	0
         10002	2026-08-10 18:50:17	1	0	1	0
         10001	2026-08-10 19:07:33	1	0	15	0
         10003	2026-08-10 19:25:28	1	0	1	0
         10003	2026-08-11 08:31:28	1	0	1	0
         10002	2026-08-11 09:14:27	1	0	1	0
         10001	2026-08-11 10:02:19	1	0	15	0
         10002	2026-08-11 18:43:03	1	0	1	0
         10003	2026-08-11 18:55:51	1	0	1	0
         10001	2026-08-11 19:03:08	1	0	15	0
         10003	2026-08-11 19:13:18	1	0	1	0
         10003	2026-08-12 09:06:41	1	0	1	0
         10002	2026-08-12 09:16:28	1	0	1	0
         10001	2026-08-12 09:46:32	1	0	15	0
         10002	2026-08-12 18:41:08	1	0	1	0
         10003	2026-08-12 18:46:37	1	0	1	0
         10001	2026-08-12 18:55:59	1	0	15	0
         10003	2026-08-13 08:51:42	1	0	1	0
         10002	2026-08-13 09:20:58	1	0	1	0
         10005	2026-08-13 09:57:40	1	0	1	0
         10006	2026-08-13 10:08:28	1	0	1	0
         10002	2026-08-13 18:31:51	1	0	1	0
         10005	2026-08-13 18:40:20	1	0	1	0
         10006	2026-08-13 19:04:56	1	0	1	0
         10003	2026-08-13 19:13:06	1	0	1	0
         10003	2026-08-14 07:58:44	1	0	1	0
         10002	2026-08-14 09:26:24	1	0	1	0
         10001	2026-08-14 09:55:54	1	0	15	0
         10005	2026-08-14 10:02:26	1	0	1	0
         10002	2026-08-14 18:35:16	1	0	1	0
         10005	2026-08-14 18:44:13	1	0	1	0
         10001	2026-08-14 18:44:57	1	0	15	0
         10001	2026-08-14 18:50:55	1	0	15	0
         10003	2026-08-15 08:24:24	1	0	1	0
         10002	2026-08-15 09:00:45	1	0	1	0
         10001	2026-08-15 09:54:10	1	0	15	0
         10006	2026-08-15 10:14:13	1	0	1	0
         10006	2026-08-15 10:14:15	1	0	1	0
         10002	2026-08-15 19:02:49	1	0	1	0
         10002	2026-08-15 19:02:51	1	0	1	0
         10006	2026-08-15 19:17:23	1	0	1	0
         10001	2026-08-15 19:28:29	1	0	15	0
         10003	2026-08-15 19:34:35	1	0	1	0
         10003	2026-08-17 09:47:46	1	0	1	0
         10005	2026-08-17 09:48:15	1	0	1	0
         10001	2026-08-17 09:49:39	1	0	15	0
         10002	2026-08-17 09:57:47	1	0	1	0
         10002	2026-08-17 18:57:10	1	0	1	0
         10005	2026-08-17 19:02:12	1	0	1	0
         10003	2026-08-17 19:24:20	1	0	1	0
         10003	2026-08-17 19:30:07	1	0	1	0
         10001	2026-08-17 19:40:44	1	0	15	0
         10003	2026-08-18 08:42:45	1	0	1	0
         10001	2026-08-18 09:51:06	1	0	15	0
         10005	2026-08-18 09:57:43	1	0	1	0
         10005	2026-08-18 09:57:44	1	0	1	0
         10005	2026-08-18 18:57:35	1	0	1	0
         10001	2026-08-18 19:29:35	1	0	15	0
         10003	2026-08-18 19:36:03	1	0	1	0
         10003	2026-08-19 08:44:27	1	0	1	0
         10002	2026-08-19 09:13:34	1	0	1	0
         10001	2026-08-19 10:00:41	1	0	15	0
         10005	2026-08-19 10:01:28	1	0	1	0
         10002	2026-08-19 18:56:30	1	0	1	0
         10005	2026-08-19 22:14:10	1	0	1	0
         10001	2026-08-19 22:18:56	1	0	15	0
         10003	2026-08-20 08:24:01	1	0	1	0
         10002	2026-08-20 09:10:17	1	0	1	0
         10005	2026-08-20 10:04:38	1	0	1	0
         10006	2026-08-20 10:12:57	1	0	1	0
         10006	2026-08-20 10:16:25	1	0	1	0
         10002	2026-08-20 18:36:49	1	0	1	0
         10006	2026-08-20 18:47:05	1	0	1	0
         10005	2026-08-20 18:55:12	1	0	1	0
         10003	2026-08-20 19:02:29	1	0	1	0
         10003	2026-08-21 08:04:07	1	0	1	0
         10002	2026-08-21 09:15:35	1	0	1	0
         10001	2026-08-21 09:55:33	1	0	15	0
         10005	2026-08-21 09:59:15	1	0	1	0
         10005	2026-08-21 18:46:18	1	0	1	0
         10002	2026-08-21 18:48:33	1	0	1	0
         10001	2026-08-21 19:02:41	1	0	15	0
         10003	2026-08-22 08:20:05	1	0	1	0
         10002	2026-08-22 09:21:55	1	0	1	0
         10001	2026-08-22 09:51:29	1	0	15	0
         10006	2026-08-22 10:20:36	1	0	1	0
         10006	2026-08-22 10:20:38	1	0	1	0
         10003	2026-08-22 19:45:38	1	0	1	0
         10001	2026-08-22 19:47:57	1	0	15	0
         10003	2026-08-24 09:41:13	1	0	1	0
         10005	2026-08-24 09:42:08	1	0	1	0
         10001	2026-08-24 09:43:40	1	0	15	0
         10002	2026-08-24 10:03:00	1	0	1	0
         10005	2026-08-24 18:44:49	1	0	1	0
         10002	2026-08-24 18:45:04	1	0	1	0
         10001	2026-08-24 18:51:26	1	0	15	0
         10003	2026-08-24 19:08:10	1	0	1	0
         10002	2026-08-25 09:14:01	1	0	1	0
         10001	2026-08-25 09:54:59	1	0	15	0
         10005	2026-08-25 10:07:12	1	0	1	0
         10002	2026-08-25 18:45:02	1	0	1	0
         10005	2026-08-25 18:46:30	1	0	1	0
         10001	2026-08-25 19:17:19	1	0	15	0
         10003	2026-08-25 19:47:52	1	0	1	0
         10003	2026-08-26 08:14:58	1	0	1	0
         10002	2026-08-26 09:20:28	1	0	1	0
         10001	2026-08-26 09:57:45	1	0	15	0
         10005	2026-08-26 10:51:58	1	0	1	0
         10005	2026-08-26 18:47:44	1	0	1	0
         10002	2026-08-26 18:49:15	1	0	1	0
         10001	2026-08-26 19:01:25	1	0	15	0
         10003	2026-08-26 19:34:15	1	0	1	0
         10003	2026-08-27 08:09:23	1	0	1	0
         10003	2026-08-27 08:10:56	1	0	1	0
         10002	2026-08-27 09:11:49	1	0	1	0
         10005	2026-08-27 10:00:53	1	0	1	0
         10006	2026-08-27 10:16:01	1	0	1	0
         10006	2026-08-27 10:17:41	1	0	1	0
         10002	2026-08-27 18:32:22	1	0	1	0
         10005	2026-08-27 18:46:17	1	0	1	0
         10006	2026-08-27 18:55:00	1	0	1	0
         10003	2026-08-28 08:35:19	1	0	1	0
         10002	2026-08-28 09:16:16	1	0	1	0
         10001	2026-08-28 10:04:30	1	0	15	0
         10005	2026-08-28 10:05:30	1	0	1	0
         10002	2026-08-28 18:38:17	1	0	1	0
         10005	2026-08-28 18:44:48	1	0	1	0
         10001	2026-08-28 18:49:02	1	0	15	0
         10003	2026-08-28 19:05:42	1	0	1	0
         10003	2026-08-29 08:03:55	1	0	1	0
         10002	2026-08-29 09:19:16	1	0	1	0
         10001	2026-08-29 09:52:20	1	0	15	0
         10006	2026-08-29 10:17:54	1	0	1	0
         10002	2026-08-29 19:02:33	1	0	1	0
         10003	2026-08-29 19:32:44	1	0	1	0
         10006	2026-08-29 19:48:08	1	0	1	0
         10003	2026-08-31 09:44:13	1	0	1	0
         10005	2026-08-31 09:44:39	1	0	1	0
         10001	2026-08-31 09:46:26	1	0	15	0
         10002	2026-08-31 09:50:20	1	0	1	0
         10002	2026-08-31 11:01:31	1	0	15	0
         10005	2026-08-31 18:47:06	1	0	1	0
         10002	2026-08-31 18:49:46	1	0	1	0
         10003	2026-08-31 19:13:51	1	0	1	0
         10003	2026-08-31 19:13:52	1	0	1	0
         10003	2026-08-31 19:20:14	1	0	1	0
         10001	2026-08-31 19:27:48	1	0	15	0
         10003	2026-09-01 08:07:20	1	0	1	0
         10002	2026-09-01 09:26:05	1	0	1	0
         10001	2026-09-01 09:59:50	1	0	15	0
         10005	2026-09-01 10:05:54	1	0	1	0
         10005	2026-09-01 18:42:54	1	0	1	0
         10002	2026-09-01 18:43:05	1	0	1	0
         10003	2026-09-01 19:30:17	1	0	1	0
         10001	2026-09-01 19:47:44	1	0	15	0
         10003	2026-09-02 08:05:28	1	0	1	0
         10005	2026-09-02 09:49:29	1	0	1	0
         10001	2026-09-02 10:01:34	1	0	15	0
         10005	2026-09-02 18:56:57	1	0	1	0
         10003	2026-09-02 19:46:30	1	0	1	0
         10001	2026-09-02 19:49:21	1	0	15	0
         10003	2026-09-03 09:10:24	1	0	1	0
         10002	2026-09-03 09:16:29	1	0	1	0
         10005	2026-09-03 10:01:23	1	0	1	0
         10006	2026-09-03 10:10:11	1	0	1	0
         10002	2026-09-03 18:34:04	1	0	1	0
         10005	2026-09-03 18:39:41	1	0	1	0
         10006	2026-09-03 18:48:06	1	0	1	0
         10003	2026-09-03 19:14:46	1	0	1	0
         10003	2026-09-04 08:03:19	1	0	1	0
         10002	2026-09-04 09:16:01	1	0	1	0
         10005	2026-09-04 09:50:21	1	0	1	0
         10001	2026-09-04 10:06:07	1	0	15	0
         10002	2026-09-04 18:34:04	1	0	1	0
         10005	2026-09-04 18:55:22	1	0	1	0
         10001	2026-09-04 18:55:29	1	0	15	0
         10003	2026-09-04 18:58:49	1	0	1	0
         10003	2026-09-05 08:09:33	1	0	1	0
         10002	2026-09-05 09:19:31	1	0	1	0
         10001	2026-09-05 10:02:07	1	0	15	0
         10006	2026-09-05 10:09:42	1	0	1	0
         10002	2026-09-05 18:52:22	1	0	1	0
         10006	2026-09-05 19:26:09	1	0	1	0
         10003	2026-09-05 19:38:34	1	0	1	0
         10001	2026-09-05 19:47:15	1	0	15	0
         10003	2026-09-07 09:41:44	1	0	1	0
         10005	2026-09-07 09:42:01	1	0	1	0
         10001	2026-09-07 09:43:20	1	0	15	0
         10002	2026-09-07 09:48:44	1	0	1	0
         10002	2026-09-07 18:35:44	1	0	1	0
         10005	2026-09-07 18:54:11	1	0	1	0
         10001	2026-09-07 19:08:12	1	0	15	0
         10003	2026-09-07 19:16:33	1	0	1	0
         10003	2026-09-08 08:11:49	1	0	1	0
         10002	2026-09-08 09:13:14	1	0	1	0
         10005	2026-09-08 09:58:23	1	0	1	0
         10001	2026-09-08 10:04:41	1	0	15	0
         10002	2026-09-08 18:33:45	1	0	1	0
         10005	2026-09-08 18:34:11	1	0	1	0
         10001	2026-09-08 18:49:14	1	0	15	0
         10003	2026-09-08 19:07:34	1	0	1	0
         10003	2026-09-09 08:24:42	1	0	1	0
         10002	2026-09-09 09:14:19	1	0	1	0
         10001	2026-09-09 09:51:10	1	0	15	0
         10005	2026-09-09 10:00:47	1	0	1	0
         10003	2026-09-09 18:39:26	1	0	1	0
         10002	2026-09-09 18:41:22	1	0	1	0
         10001	2026-09-09 18:44:28	1	0	15	0
         10001	2026-09-09 18:50:39	1	0	15	0
         10003	2026-09-10 08:45:52	1	0	1	0
         10002	2026-09-10 09:13:50	1	0	1	0
         10005	2026-09-10 10:00:37	1	0	1	0
         10006	2026-09-10 10:17:25	1	0	1	0
         10002	2026-09-10 18:33:00	1	0	1	0
         10005	2026-09-10 18:48:30	1	0	1	0
         10006	2026-09-10 18:53:51	1	0	1	0
         10006	2026-09-10 18:53:57	1	0	1	0
         10003	2026-09-10 19:19:20	1	0	1	0
         10003	2026-09-11 07:40:51	1	0	1	0
         10002	2026-09-11 09:21:47	1	0	1	0
         10005	2026-09-11 09:53:16	1	0	1	0
         10001	2026-09-11 09:55:20	1	0	15	0
         10005	2026-09-11 18:45:08	1	0	1	0
         10002	2026-09-11 18:46:37	1	0	1	0
         10003	2026-09-11 18:51:13	1	0	1	0
         10001	2026-09-11 19:10:39	1	0	15	0
         10003	2026-09-12 08:10:05	1	0	1	0
         10002	2026-09-12 09:13:43	1	0	1	0
         10006	2026-09-12 10:04:40	1	0	1	0
         10006	2026-09-12 10:05:38	1	0	1	0
         10001	2026-09-12 10:06:55	1	0	15	0
         10001	2026-09-12 14:34:04	1	0	15	0
         10002	2026-09-12 16:21:33	1	0	15	0
         10003	2026-09-12 19:00:05	1	0	1	0
         10002	2026-09-12 19:02:38	1	0	1	0
         10006	2026-09-12 19:02:47	1	0	1	0
         10003	2026-09-14 09:33:57	1	0	1	0
         10005	2026-09-14 09:35:06	1	0	1	0
         10002	2026-09-14 09:41:26	1	0	1	0
         10002	2026-09-14 18:46:55	1	0	1	0
         10005	2026-09-14 18:48:35	1	0	1	0
         10003	2026-09-14 19:21:15	1	0	1	0
         10003	2026-09-15 08:28:31	1	0	1	0
         10005	2026-09-15 09:55:49	1	0	1	0
         10001	2026-09-15 09:58:06	1	0	15	0
         10005	2026-09-15 18:47:28	1	0	1	0
         10001	2026-09-15 19:22:49	1	0	15	0
         10003	2026-09-16 07:59:18	1	0	1	0
         10001	2026-09-16 09:51:53	1	0	15	0
         10005	2026-09-16 09:56:12	1	0	1	0
         10005	2026-09-16 18:53:58	1	0	1	0
         10001	2026-09-16 19:08:33	1	0	15	0
         10003	2026-09-16 19:30:24	1	0	1	0
         10003	2026-09-17 08:43:54	1	0	1	0
         10002	2026-09-17 09:10:12	1	0	1	0
         10005	2026-09-17 10:03:46	1	0	1	0
         10006	2026-09-17 10:14:03	1	0	1	0
         10006	2026-09-17 10:14:36	1	0	1	0
